cdr_id,caller_phone_id,receiver_phone_id,event_time,duration,cell_tower_id,latitude,longitude,source_id,synthetic_demo_record
CDR_000001,PHN_01576,PHN_05772,2025-03-01T21:25:10,1364,TOW_002,18.977957,72.783489,TELCO_CDR_SYSTEM,True
CDR_000002,PHN_01867,PHN_02371,2027-08-06T01:19:23,486,TOW_002,18.977957,72.783489,TELCO_CDR_SYSTEM,True
CDR_000003,PHN_00828,PHN_03114,2026-05-06T14:29:58,1311,TOW_005,18.967455,72.871285,TELCO_CDR_SYSTEM,True
CDR_000004,PHN_02989,PHN_01333,2026-01-30T20:31:45,439,TOW_006,19.104498,72.921845,TELCO_CDR_SYSTEM,True
CDR_000005,PHN_05491,PHN_02188,2027-11-19T05:14:59,1409,TOW_012,19.12149,72.943711,TELCO_CDR_SYSTEM,True
CDR_000006,PHN_05309,PHN_00585,2026-11-26T02:05:18,360,TOW_010,18.966126,72.933239,TELCO_CDR_SYSTEM,True
CDR_000007,PHN_04376,PHN_05974,2025-05-09T15:19:54,956,TOW_004,19.116197,72.757628,TELCO_CDR_SYSTEM,True
CDR_000008,PHN_03109,PHN_02212,2026-12-01T03:52:50,1419,TOW_015,19.127408,72.95681,TELCO_CDR_SYSTEM,True
CDR_000009,PHN_04563,PHN_01800,2025-12-26T18:29:10,1736,TOW_011,18.917098,72.773212,TELCO_CDR_SYSTEM,True
CDR_000010,PHN_00459,PHN_01877,2025-02-12T08:38:53,1658,TOW_014,18.91152,72.820363,TELCO_CDR_SYSTEM,True
CDR_000011,PHN_02585,PHN_03287,2025-03-27T03:06:28,442,TOW_005,18.967455,72.871285,TELCO_CDR_SYSTEM,True
CDR_000012,PHN_04647,PHN_05882,2025-07-04T01:44:18,1352,TOW_006,19.104498,72.921845,TELCO_CDR_SYSTEM,True
CDR_000013,PHN_04090,PHN_03242,2027-10-28T02:16:03,1326,TOW_015,19.127408,72.95681,TELCO_CDR_SYSTEM,True
CDR_000014,PHN_03759,PHN_01171,2025-04-22T13:22:27,515,TOW_005,18.967455,72.871285,TELCO_CDR_SYSTEM,True
CDR_000015,PHN_04599,PHN_04416,2027-04-05T17:18:16,1207,TOW_005,18.967455,72.871285,TELCO_CDR_SYSTEM,True
CDR_000016,PHN_03510,PHN_04781,2026-02-08T04:07:51,459,TOW_007,19.097977,72.802906,TELCO_CDR_SYSTEM,True
CDR_000017,PHN_01134,PHN_04175,2025-04-07T06:19:00,1557,TOW_008,18.991276,72.958632,TELCO_CDR_SYSTEM,True
CDR_000018,PHN_00386,PHN_00899,2026-11-17T18:34:00,337,TOW_003,19.15068,72.964123,TELCO_CDR_SYSTEM,True
CDR_000019,PHN_05575,PHN_03459,2025-03-23T22:50:13,798,TOW_010,18.966126,72.933239,TELCO_CDR_SYSTEM,True
CDR_000020,PHN_03127,PHN_04882,2026-07-27T02:42:22,524,TOW_008,18.991276,72.958632,TELCO_CDR_SYSTEM,True
CDR_000021,PHN_04533,PHN_00095,2027-03-04T12:34:02,244,TOW_011,18.917098,72.773212,TELCO_CDR_SYSTEM,True
CDR_000022,PHN_05585,PHN_04399,2025-10-16T16:02:13,1584,TOW_013,19.06377,72.779958,TELCO_CDR_SYSTEM,True
CDR_000023,PHN_05251,PHN_02787,2025-11-15T11:54:00,900,TOW_002,18.977957,72.783489,TELCO_CDR_SYSTEM,True
CDR_000024,PHN_01296,PHN_03717,2027-12-05T10:56:18,1488,TOW_001,19.135771,72.756003,TELCO_CDR_SYSTEM,True
CDR_000025,PHN_05896,PHN_02158,2027-04-19T08:14:03,375,TOW_009,19.159256,72.83166,TELCO_CDR_SYSTEM,True
CDR_000026,PHN_04159,PHN_00872,2026-11-13T19:31:22,621,TOW_014,18.91152,72.820363,TELCO_CDR_SYSTEM,True
CDR_000027,PHN_05235,PHN_04159,2025-06-18T06:33:03,323,TOW_010,18.966126,72.933239,TELCO_CDR_SYSTEM,True
CDR_000028,PHN_03064,PHN_01324,2027-12-05T10:56:18,1604,TOW_009,19.159256,72.83166,TELCO_CDR_SYSTEM,True
CDR_000029,PHN_04345,PHN_00005,2025-12-25T22:21:00,1010,TOW_010,18.966126,72.933239,TELCO_CDR_SYSTEM,True
CDR_000030,PHN_00160,PHN_00917,2026-02-08T05:02:11,1713,TOW_015,19.127408,72.95681,TELCO_CDR_SYSTEM,True
CDR_000031,PHN_02520,PHN_01962,2025-09-06T00:30:46,1171,TOW_001,19.135771,72.756003,TELCO_CDR_SYSTEM,True
CDR_000032,PHN_00646,PHN_00702,2026-06-04T16:27:25,1681,TOW_012,19.12149,72.943711,TELCO_CDR_SYSTEM,True
CDR_000033,PHN_00567,PHN_04364,2025-04-16T15:40:46,272,TOW_013,19.06377,72.779958,TELCO_CDR_SYSTEM,True
CDR_000034,PHN_05405,PHN_03894,2025-05-10T21:39:53,552,TOW_009,19.159256,72.83166,TELCO_CDR_SYSTEM,True
CDR_000035,PHN_04323,PHN_04970,2027-12-16T23:00:02,443,TOW_007,19.097977,72.802906,TELCO_CDR_SYSTEM,True
CDR_000036,PHN_04418,PHN_05980,2025-06-18T10:30:27,1470,TOW_012,19.12149,72.943711,TELCO_CDR_SYSTEM,True
CDR_000037,PHN_02554,PHN_03269,2026-12-16T05:38:09,774,TOW_011,18.917098,72.773212,TELCO_CDR_SYSTEM,True
CDR_000038,PHN_03589,PHN_04240,2025-04-14T12:53:58,517,TOW_008,18.991276,72.958632,TELCO_CDR_SYSTEM,True
CDR_000039,PHN_01841,PHN_00525,2025-01-30T19:36:15,1214,TOW_006,19.104498,72.921845,TELCO_CDR_SYSTEM,True
CDR_000040,PHN_04538,PHN_01886,2025-07-11T03:36:27,24,TOW_010,18.966126,72.933239,TELCO_CDR_SYSTEM,True
CDR_000041,PHN_00582,PHN_05799,2025-03-21T06:13:51,478,TOW_011,18.917098,72.773212,TELCO_CDR_SYSTEM,True
CDR_000042,PHN_00553,PHN_00258,2025-12-31T23:29:59,155,TOW_014,18.91152,72.820363,TELCO_CDR_SYSTEM,True
CDR_000043,PHN_04212,PHN_01950,2027-01-04T16:09:13,1004,TOW_005,18.967455,72.871285,TELCO_CDR_SYSTEM,True
CDR_000044,PHN_01756,PHN_04418,2027-03-06T07:18:38,1179,TOW_003,19.15068,72.964123,TELCO_CDR_SYSTEM,True
CDR_000045,PHN_04721,PHN_03873,2027-05-20T16:45:05,978,TOW_004,19.116197,72.757628,TELCO_CDR_SYSTEM,True
CDR_000046,PHN_03335,PHN_01560,2025-04-08T14:28:09,1359,TOW_002,18.977957,72.783489,TELCO_CDR_SYSTEM,True
CDR_000047,PHN_03532,PHN_02903,2026-04-06T17:16:56,966,TOW_007,19.097977,72.802906,TELCO_CDR_SYSTEM,True
CDR_000048,PHN_05973,PHN_00444,2026-12-19T07:56:09,1333,TOW_011,18.917098,72.773212,TELCO_CDR_SYSTEM,True
CDR_000049,PHN_00807,PHN_00497,2027-03-14T21:14:44,704,TOW_007,19.097977,72.802906,TELCO_CDR_SYSTEM,True
CDR_000050,PHN_00896,PHN_02037,2025-06-11T07:24:45,1108,TOW_004,19.116197,72.757628,TELCO_CDR_SYSTEM,True
CDR_000051,PHN_03676,PHN_01149,2025-06-04T12:02:23,580,TOW_007,19.097977,72.802906,TELCO_CDR_SYSTEM,True
CDR_000052,PHN_03790,PHN_02047,2027-11-09T22:25:28,164,TOW_014,18.91152,72.820363,TELCO_CDR_SYSTEM,True
CDR_000053,PHN_03631,PHN_04509,2025-03-08T09:37:55,1345,TOW_002,18.977957,72.783489,TELCO_CDR_SYSTEM,True
CDR_000054,PHN_04429,PHN_00121,2027-11-10T23:02:35,1553,TOW_002,18.977957,72.783489,TELCO_CDR_SYSTEM,True
CDR_000055,PHN_01937,PHN_01363,2026-06-04T16:27:25,995,TOW_007,19.097977,72.802906,TELCO_CDR_SYSTEM,True
CDR_000056,PHN_01752,PHN_03286,2025-03-21T06:13:51,347,TOW_015,19.127408,72.95681,TELCO_CDR_SYSTEM,True
CDR_000057,PHN_03105,PHN_00018,2025-10-13T15:15:21,1615,TOW_007,19.097977,72.802906,TELCO_CDR_SYSTEM,True
CDR_000058,PHN_03728,PHN_02337,2027-02-07T05:48:05,1506,TOW_007,19.097977,72.802906,TELCO_CDR_SYSTEM,True
CDR_000059,PHN_04553,PHN_05423,2026-06-04T22:45:59,327,TOW_012,19.12149,72.943711,TELCO_CDR_SYSTEM,True
CDR_000060,PHN_01556,PHN_02431,2027-12-19T11:12:07,129,TOW_004,19.116197,72.757628,TELCO_CDR_SYSTEM,True
CDR_000061,PHN_04745,PHN_04442,2027-04-06T11:19:28,652,TOW_001,19.135771,72.756003,TELCO_CDR_SYSTEM,True
CDR_000062,PHN_00469,PHN_00411,2026-05-30T19:44:18,1039,TOW_010,18.966126,72.933239,TELCO_CDR_SYSTEM,True
CDR_000063,PHN_04351,PHN_01290,2027-12-15T19:49:21,1050,TOW_001,19.135771,72.756003,TELCO_CDR_SYSTEM,True
CDR_000064,PHN_00657,PHN_01523,2026-09-30T13:39:52,149,TOW_002,18.977957,72.783489,TELCO_CDR_SYSTEM,True
CDR_000065,PHN_05532,PHN_01927,2025-04-14T12:35:09,1176,TOW_007,19.097977,72.802906,TELCO_CDR_SYSTEM,True
CDR_000066,PHN_02017,PHN_04743,2025-02-22T15:15:50,1278,TOW_010,18.966126,72.933239,TELCO_CDR_SYSTEM,True
CDR_000067,PHN_00672,PHN_03435,2026-09-18T01:21:28,1167,TOW_011,18.917098,72.773212,TELCO_CDR_SYSTEM,True
CDR_000068,PHN_04283,PHN_02592,2025-10-10T08:11:13,428,TOW_015,19.127408,72.95681,TELCO_CDR_SYSTEM,True
CDR_000069,PHN_05487,PHN_05868,2025-09-05T02:18:12,553,TOW_006,19.104498,72.921845,TELCO_CDR_SYSTEM,True
CDR_000070,PHN_03243,PHN_01073,2026-12-10T16:38:49,624,TOW_011,18.917098,72.773212,TELCO_CDR_SYSTEM,True
CDR_000071,PHN_03746,PHN_02591,2027-04-09T16:21:33,158,TOW_015,19.127408,72.95681,TELCO_CDR_SYSTEM,True
CDR_000072,PHN_00077,PHN_03755,2026-08-27T13:26:33,214,TOW_010,18.966126,72.933239,TELCO_CDR_SYSTEM,True
CDR_000073,PHN_00601,PHN_04405,2026-06-21T12:17:25,553,TOW_004,19.116197,72.757628,TELCO_CDR_SYSTEM,True
CDR_000074,PHN_01086,PHN_02860,2025-03-28T03:40:56,510,TOW_015,19.127408,72.95681,TELCO_CDR_SYSTEM,True
CDR_000075,PHN_03028,PHN_02335,2026-04-24T12:50:10,1717,TOW_003,19.15068,72.964123,TELCO_CDR_SYSTEM,True
CDR_000076,PHN_04451,PHN_05764,2026-10-25T23:51:58,1662,TOW_005,18.967455,72.871285,TELCO_CDR_SYSTEM,True
CDR_000077,PHN_05358,PHN_04334,2027-01-02T04:18:15,1683,TOW_001,19.135771,72.756003,TELCO_CDR_SYSTEM,True
CDR_000078,PHN_04544,PHN_02453,2026-12-28T23:39:42,222,TOW_015,19.127408,72.95681,TELCO_CDR_SYSTEM,True
CDR_000079,PHN_01101,PHN_02167,2027-09-23T20:38:09,229,TOW_002,18.977957,72.783489,TELCO_CDR_SYSTEM,True
CDR_000080,PHN_04533,PHN_01274,2025-10-30T04:06:30,1248,TOW_005,18.967455,72.871285,TELCO_CDR_SYSTEM,True
CDR_000081,PHN_01726,PHN_05879,2025-06-21T19:50:26,1417,TOW_006,19.104498,72.921845,TELCO_CDR_SYSTEM,True
CDR_000082,PHN_05196,PHN_02163,2026-06-08T05:22:22,524,TOW_009,19.159256,72.83166,TELCO_CDR_SYSTEM,True
CDR_000083,PHN_00417,PHN_00757,2026-04-15T11:04:17,1708,TOW_011,18.917098,72.773212,TELCO_CDR_SYSTEM,True
CDR_000084,PHN_02267,PHN_00362,2026-01-05T17:16:03,1589,TOW_001,19.135771,72.756003,TELCO_CDR_SYSTEM,True
CDR_000085,PHN_01072,PHN_05220,2025-05-09T10:57:49,1528,TOW_005,18.967455,72.871285,TELCO_CDR_SYSTEM,True
CDR_000086,PHN_03620,PHN_04520,2026-04-20T13:36:11,1158,TOW_012,19.12149,72.943711,TELCO_CDR_SYSTEM,True
CDR_000087,PHN_00080,PHN_00917,2027-11-26T17:04:34,1425,TOW_002,18.977957,72.783489,TELCO_CDR_SYSTEM,True
CDR_000088,PHN_01222,PHN_04470,2027-07-12T04:10:58,766,TOW_001,19.135771,72.756003,TELCO_CDR_SYSTEM,True
CDR_000089,PHN_04772,PHN_04527,2026-04-22T00:20:31,271,TOW_003,19.15068,72.964123,TELCO_CDR_SYSTEM,True
CDR_000090,PHN_00343,PHN_02526,2027-10-09T01:11:28,1640,TOW_006,19.104498,72.921845,TELCO_CDR_SYSTEM,True
CDR_000091,PHN_00327,PHN_02932,2027-01-15T10:59:59,521,TOW_004,19.116197,72.757628,TELCO_CDR_SYSTEM,True
CDR_000092,PHN_05464,PHN_00843,2027-05-15T02:44:29,1156,TOW_006,19.104498,72.921845,TELCO_CDR_SYSTEM,True
CDR_000093,PHN_03330,PHN_05085,2025-04-30T08:05:02,494,TOW_012,19.12149,72.943711,TELCO_CDR_SYSTEM,True
CDR_000094,PHN_01332,PHN_01451,2026-04-08T13:12:17,60,TOW_015,19.127408,72.95681,TELCO_CDR_SYSTEM,True
CDR_000095,PHN_01470,PHN_02722,2027-11-15T07:37:59,853,TOW_013,19.06377,72.779958,TELCO_CDR_SYSTEM,True
CDR_000096,PHN_05488,PHN_02033,2025-05-05T20:37:08,1622,TOW_005,18.967455,72.871285,TELCO_CDR_SYSTEM,True
CDR_000097,PHN_05745,PHN_00886,2027-09-03T23:44:58,89,TOW_007,19.097977,72.802906,TELCO_CDR_SYSTEM,True
CDR_000098,PHN_03856,PHN_01823,2027-06-25T19:23:42,952,TOW_004,19.116197,72.757628,TELCO_CDR_SYSTEM,True
CDR_000099,PHN_02865,PHN_02501,2027-05-30T02:05:52,1794,TOW_014,18.91152,72.820363,TELCO_CDR_SYSTEM,True
CDR_000100,PHN_01865,PHN_01827,2026-12-25T10:27:29,405,TOW_001,19.135771,72.756003,TELCO_CDR_SYSTEM,True
CDR_000101,PHN_03265,PHN_02690,2027-08-21T03:36:18,152,TOW_005,18.967455,72.871285,TELCO_CDR_SYSTEM,True
CDR_000102,PHN_02287,PHN_02877,2026-06-26T06:10:41,828,TOW_011,18.917098,72.773212,TELCO_CDR_SYSTEM,True
CDR_000103,PHN_05567,PHN_04393,2027-11-20T10:22:26,66,TOW_006,19.104498,72.921845,TELCO_CDR_SYSTEM,True
CDR_000104,PHN_00945,PHN_02140,2026-09-15T21:45:52,553,TOW_003,19.15068,72.964123,TELCO_CDR_SYSTEM,True
CDR_000105,PHN_00314,PHN_00889,2026-04-22T18:50:11,717,TOW_010,18.966126,72.933239,TELCO_CDR_SYSTEM,True
CDR_000106,PHN_05969,PHN_02570,2026-10-17T13:59:54,1057,TOW_007,19.097977,72.802906,TELCO_CDR_SYSTEM,True
CDR_000107,PHN_00948,PHN_03156,2026-09-12T18:28:17,399,TOW_015,19.127408,72.95681,TELCO_CDR_SYSTEM,True
CDR_000108,PHN_02087,PHN_00364,2026-04-23T13:10:19,13,TOW_012,19.12149,72.943711,TELCO_CDR_SYSTEM,True
CDR_000109,PHN_04260,PHN_04411,2027-03-01T03:20:26,1529,TOW_011,18.917098,72.773212,TELCO_CDR_SYSTEM,True
CDR_000110,PHN_05494,PHN_01615,2026-04-22T07:28:42,153,TOW_006,19.104498,72.921845,TELCO_CDR_SYSTEM,True
CDR_000111,PHN_05442,PHN_02705,2025-12-15T23:52:59,1368,TOW_010,18.966126,72.933239,TELCO_CDR_SYSTEM,True
CDR_000112,PHN_01021,PHN_05897,2025-11-23T19:26:50,1048,TOW_015,19.127408,72.95681,TELCO_CDR_SYSTEM,True
CDR_000113,PHN_02534,PHN_05464,2025-12-27T23:42:12,834,TOW_007,19.097977,72.802906,TELCO_CDR_SYSTEM,True
CDR_000114,PHN_05712,PHN_02423,2025-04-17T15:00:08,402,TOW_009,19.159256,72.83166,TELCO_CDR_SYSTEM,True
CDR_000115,PHN_03445,PHN_05448,2027-01-09T19:46:16,1542,TOW_007,19.097977,72.802906,TELCO_CDR_SYSTEM,True
CDR_000116,PHN_01426,PHN_05043,2025-11-24T20:51:28,841,TOW_010,18.966126,72.933239,TELCO_CDR_SYSTEM,True
CDR_000117,PHN_04489,PHN_00004,2025-11-01T20:06:24,440,TOW_005,18.967455,72.871285,TELCO_CDR_SYSTEM,True
CDR_000118,PHN_03522,PHN_04752,2026-12-20T12:12:13,669,TOW_010,18.966126,72.933239,TELCO_CDR_SYSTEM,True
CDR_000119,PHN_03810,PHN_03620,2027-01-07T22:16:39,447,TOW_008,18.991276,72.958632,TELCO_CDR_SYSTEM,True
CDR_000120,PHN_04188,PHN_03877,2027-10-10T10:31:20,1640,TOW_013,19.06377,72.779958,TELCO_CDR_SYSTEM,True
CDR_000121,PHN_01391,PHN_05398,2025-10-31T10:59:56,1065,TOW_002,18.977957,72.783489,TELCO_CDR_SYSTEM,True
CDR_000122,PHN_05439,PHN_05186,2026-01-09T13:05:39,201,TOW_010,18.966126,72.933239,TELCO_CDR_SYSTEM,True
CDR_000123,PHN_01925,PHN_05512,2025-07-21T22:40:33,1661,TOW_005,18.967455,72.871285,TELCO_CDR_SYSTEM,True
CDR_000124,PHN_01632,PHN_01208,2025-03-02T15:43:46,511,TOW_001,19.135771,72.756003,TELCO_CDR_SYSTEM,True
CDR_000125,PHN_03893,PHN_05008,2027-05-04T09:03:11,159,TOW_014,18.91152,72.820363,TELCO_CDR_SYSTEM,True
CDR_000126,PHN_03731,PHN_03396,2026-11-20T11:46:03,1188,TOW_015,19.127408,72.95681,TELCO_CDR_SYSTEM,True
CDR_000127,PHN_01593,PHN_05885,2026-03-09T02:13:09,1022,TOW_012,19.12149,72.943711,TELCO_CDR_SYSTEM,True
CDR_000128,PHN_03274,PHN_01999,2026-12-21T03:34:59,1418,TOW_003,19.15068,72.964123,TELCO_CDR_SYSTEM,True
CDR_000129,PHN_00046,PHN_00874,2026-04-18T07:54:37,458,TOW_013,19.06377,72.779958,TELCO_CDR_SYSTEM,True
CDR_000130,PHN_01441,PHN_05701,2026-05-18T04:43:29,112,TOW_009,19.159256,72.83166,TELCO_CDR_SYSTEM,True
CDR_000131,PHN_04567,PHN_02042,2027-07-26T06:26:46,258,TOW_015,19.127408,72.95681,TELCO_CDR_SYSTEM,True
CDR_000132,PHN_03740,PHN_01093,2026-05-18T04:43:29,1377,TOW_013,19.06377,72.779958,TELCO_CDR_SYSTEM,True
CDR_000133,PHN_04352,PHN_04579,2025-12-19T15:10:00,1556,TOW_010,18.966126,72.933239,TELCO_CDR_SYSTEM,True
CDR_000134,PHN_03626,PHN_05019,2027-03-01T03:20:26,1043,TOW_014,18.91152,72.820363,TELCO_CDR_SYSTEM,True
CDR_000135,PHN_03496,PHN_04489,2027-10-05T09:37:44,335,TOW_008,18.991276,72.958632,TELCO_CDR_SYSTEM,True
CDR_000136,PHN_03889,PHN_03687,2027-04-09T16:21:33,516,TOW_005,18.967455,72.871285,TELCO_CDR_SYSTEM,True
CDR_000137,PHN_05224,PHN_02272,2027-05-11T20:18:36,1077,TOW_013,19.06377,72.779958,TELCO_CDR_SYSTEM,True
CDR_000138,PHN_03970,PHN_05135,2025-10-23T20:14:05,910,TOW_004,19.116197,72.757628,TELCO_CDR_SYSTEM,True
CDR_000139,PHN_00635,PHN_05846,2025-09-01T10:17:52,566,TOW_005,18.967455,72.871285,TELCO_CDR_SYSTEM,True
CDR_000140,PHN_02752,PHN_02620,2026-08-05T14:08:30,175,TOW_015,19.127408,72.95681,TELCO_CDR_SYSTEM,True
CDR_000141,PHN_01134,PHN_01236,2026-03-07T18:52:32,1431,TOW_004,19.116197,72.757628,TELCO_CDR_SYSTEM,True
CDR_000142,PHN_01252,PHN_05787,2025-03-23T22:50:13,859,TOW_004,19.116197,72.757628,TELCO_CDR_SYSTEM,True
CDR_000143,PHN_03340,PHN_02711,2026-05-20T20:26:24,861,TOW_009,19.159256,72.83166,TELCO_CDR_SYSTEM,True
CDR_000144,PHN_00511,PHN_01695,2026-04-11T09:11:22,807,TOW_014,18.91152,72.820363,TELCO_CDR_SYSTEM,True
CDR_000145,PHN_04785,PHN_05698,2027-08-09T06:30:05,1577,TOW_001,19.135771,72.756003,TELCO_CDR_SYSTEM,True
CDR_000146,PHN_04717,PHN_03117,2025-01-13T08:34:30,730,TOW_008,18.991276,72.958632,TELCO_CDR_SYSTEM,True
CDR_000147,PHN_02447,PHN_03195,2027-09-24T18:05:07,1721,TOW_014,18.91152,72.820363,TELCO_CDR_SYSTEM,True
CDR_000148,PHN_03433,PHN_04410,2027-03-23T07:19:25,1128,TOW_012,19.12149,72.943711,TELCO_CDR_SYSTEM,True
CDR_000149,PHN_04942,PHN_01807,2025-07-08T20:39:24,568,TOW_008,18.991276,72.958632,TELCO_CDR_SYSTEM,True
CDR_000150,PHN_03571,PHN_03979,2026-03-14T07:25:24,698,TOW_001,19.135771,72.756003,TELCO_CDR_SYSTEM,True
CDR_000151,PHN_05480,PHN_05564,2026-04-01T03:23:16,1493,TOW_013,19.06377,72.779958,TELCO_CDR_SYSTEM,True
CDR_000152,PHN_01353,PHN_03829,2025-04-17T15:00:08,1284,TOW_015,19.127408,72.95681,TELCO_CDR_SYSTEM,True
CDR_000153,PHN_04376,PHN_00221,2026-03-18T20:11:50,1222,TOW_015,19.127408,72.95681,TELCO_CDR_SYSTEM,True
CDR_000154,PHN_04624,PHN_05432,2025-04-04T13:34:03,1326,TOW_001,19.135771,72.756003,TELCO_CDR_SYSTEM,True
CDR_000155,PHN_03512,PHN_01112,2026-05-13T12:14:17,382,TOW_014,18.91152,72.820363,TELCO_CDR_SYSTEM,True
CDR_000156,PHN_00412,PHN_02132,2025-12-29T13:48:12,443,TOW_007,19.097977,72.802906,TELCO_CDR_SYSTEM,True
CDR_000157,PHN_03725,PHN_02678,2027-04-19T05:00:47,786,TOW_006,19.104498,72.921845,TELCO_CDR_SYSTEM,True
CDR_000158,PHN_02280,PHN_03454,2027-07-12T04:10:58,177,TOW_005,18.967455,72.871285,TELCO_CDR_SYSTEM,True
CDR_000159,PHN_03853,PHN_00159,2026-08-04T18:47:01,116,TOW_012,19.12149,72.943711,TELCO_CDR_SYSTEM,True
CDR_000160,PHN_02867,PHN_01837,2025-03-28T03:40:56,1609,TOW_011,18.917098,72.773212,TELCO_CDR_SYSTEM,True
CDR_000161,PHN_05340,PHN_00330,2025-02-12T04:47:04,516,TOW_013,19.06377,72.779958,TELCO_CDR_SYSTEM,True
CDR_000162,PHN_01634,PHN_00167,2025-04-28T12:39:42,498,TOW_010,18.966126,72.933239,TELCO_CDR_SYSTEM,True
CDR_000163,PHN_01035,PHN_03880,2025-04-13T05:36:58,1165,TOW_011,18.917098,72.773212,TELCO_CDR_SYSTEM,True
CDR_000164,PHN_01786,PHN_03810,2025-10-02T07:15:44,1580,TOW_012,19.12149,72.943711,TELCO_CDR_SYSTEM,True
CDR_000165,PHN_03022,PHN_01375,2026-10-20T03:36:46,1541,TOW_010,18.966126,72.933239,TELCO_CDR_SYSTEM,True
CDR_000166,PHN_05885,PHN_00939,2027-06-26T22:00:54,345,TOW_013,19.06377,72.779958,TELCO_CDR_SYSTEM,True
CDR_000167,PHN_02549,PHN_00886,2025-02-07T08:28:15,648,TOW_010,18.966126,72.933239,TELCO_CDR_SYSTEM,True
CDR_000168,PHN_04717,PHN_05549,2027-12-13T13:35:15,778,TOW_015,19.127408,72.95681,TELCO_CDR_SYSTEM,True
CDR_000169,PHN_03250,PHN_05858,2025-04-01T20:54:03,1222,TOW_004,19.116197,72.757628,TELCO_CDR_SYSTEM,True
CDR_000170,PHN_05658,PHN_05139,2025-04-10T08:31:32,1437,TOW_004,19.116197,72.757628,TELCO_CDR_SYSTEM,True
CDR_000171,PHN_02471,PHN_05606,2027-06-09T17:32:36,257,TOW_010,18.966126,72.933239,TELCO_CDR_SYSTEM,True
CDR_000172,PHN_04637,PHN_00337,2026-07-30T13:46:55,887,TOW_006,19.104498,72.921845,TELCO_CDR_SYSTEM,True
CDR_000173,PHN_05420,PHN_03036,2026-06-21T12:17:25,1336,TOW_002,18.977957,72.783489,TELCO_CDR_SYSTEM,True
CDR_000174,PHN_02796,PHN_00104,2026-04-11T09:11:22,1694,TOW_014,18.91152,72.820363,TELCO_CDR_SYSTEM,True
CDR_000175,PHN_04016,PHN_00865,2027-12-15T19:49:21,751,TOW_007,19.097977,72.802906,TELCO_CDR_SYSTEM,True
CDR_000176,PHN_05207,PHN_03767,2025-04-28T12:39:42,901,TOW_012,19.12149,72.943711,TELCO_CDR_SYSTEM,True
CDR_000177,PHN_01443,PHN_04275,2025-10-20T23:49:15,1271,TOW_011,18.917098,72.773212,TELCO_CDR_SYSTEM,True
CDR_000178,PHN_04409,PHN_03961,2026-04-23T13:10:19,1701,TOW_008,18.991276,72.958632,TELCO_CDR_SYSTEM,True
CDR_000179,PHN_05989,PHN_04854,2025-12-23T16:31:13,1754,TOW_005,18.967455,72.871285,TELCO_CDR_SYSTEM,True
CDR_000180,PHN_02012,PHN_00710,2027-09-10T21:25:39,933,TOW_005,18.967455,72.871285,TELCO_CDR_SYSTEM,True
CDR_000181,PHN_01998,PHN_03807,2026-10-22T22:26:48,1378,TOW_010,18.966126,72.933239,TELCO_CDR_SYSTEM,True
CDR_000182,PHN_03105,PHN_02756,2026-06-12T02:12:03,1752,TOW_001,19.135771,72.756003,TELCO_CDR_SYSTEM,True
CDR_000183,PHN_02663,PHN_01490,2025-07-04T01:44:18,736,TOW_008,18.991276,72.958632,TELCO_CDR_SYSTEM,True
CDR_000184,PHN_02117,PHN_02789,2027-09-08T07:41:50,1230,TOW_005,18.967455,72.871285,TELCO_CDR_SYSTEM,True
CDR_000185,PHN_05745,PHN_02264,2025-01-18T04:29:59,1068,TOW_009,19.159256,72.83166,TELCO_CDR_SYSTEM,True
CDR_000186,PHN_01566,PHN_00702,2027-03-02T01:49:32,842,TOW_004,19.116197,72.757628,TELCO_CDR_SYSTEM,True
CDR_000187,PHN_04003,PHN_04549,2025-09-06T00:30:46,1424,TOW_013,19.06377,72.779958,TELCO_CDR_SYSTEM,True
CDR_000188,PHN_03901,PHN_05292,2026-06-09T01:50:58,927,TOW_012,19.12149,72.943711,TELCO_CDR_SYSTEM,True
CDR_000189,PHN_00142,PHN_00763,2025-07-11T11:38:24,838,TOW_005,18.967455,72.871285,TELCO_CDR_SYSTEM,True
CDR_000190,PHN_05668,PHN_01994,2026-12-28T23:39:42,1201,TOW_005,18.967455,72.871285,TELCO_CDR_SYSTEM,True
CDR_000191,PHN_03024,PHN_03877,2026-07-29T04:53:09,714,TOW_009,19.159256,72.83166,TELCO_CDR_SYSTEM,True
CDR_000192,PHN_03486,PHN_04509,2026-01-26T18:54:22,1449,TOW_006,19.104498,72.921845,TELCO_CDR_SYSTEM,True
CDR_000193,PHN_03718,PHN_02220,2025-09-27T17:47:24,482,TOW_005,18.967455,72.871285,TELCO_CDR_SYSTEM,True
CDR_000194,PHN_00989,PHN_05909,2025-12-19T05:08:57,254,TOW_004,19.116197,72.757628,TELCO_CDR_SYSTEM,True
CDR_000195,PHN_04390,PHN_05654,2025-06-13T02:08:05,453,TOW_003,19.15068,72.964123,TELCO_CDR_SYSTEM,True
CDR_000196,PHN_03967,PHN_02266,2026-09-23T13:58:48,1566,TOW_012,19.12149,72.943711,TELCO_CDR_SYSTEM,True
CDR_000197,PHN_04298,PHN_04889,2025-04-09T01:53:59,1715,TOW_005,18.967455,72.871285,TELCO_CDR_SYSTEM,True
CDR_000198,PHN_01591,PHN_02427,2026-02-05T01:39:03,377,TOW_004,19.116197,72.757628,TELCO_CDR_SYSTEM,True
CDR_000199,PHN_02477,PHN_00116,2026-07-30T20:26:59,269,TOW_012,19.12149,72.943711,TELCO_CDR_SYSTEM,True
CDR_000200,PHN_02248,PHN_00373,2026-08-21T13:03:32,608,TOW_001,19.135771,72.756003,TELCO_CDR_SYSTEM,True
CDR_000201,PHN_05714,PHN_01035,2027-08-24T16:00:37,1551,TOW_011,18.917098,72.773212,TELCO_CDR_SYSTEM,True
CDR_000202,PHN_04022,PHN_00841,2025-01-18T20:05:05,1185,TOW_014,18.91152,72.820363,TELCO_CDR_SYSTEM,True
CDR_000203,PHN_02330,PHN_03846,2026-04-25T09:49:18,707,TOW_008,18.991276,72.958632,TELCO_CDR_SYSTEM,True
CDR_000204,PHN_01511,PHN_00421,2027-11-21T02:42:00,1774,TOW_005,18.967455,72.871285,TELCO_CDR_SYSTEM,True
CDR_000205,PHN_03914,PHN_00935,2025-03-24T12:21:13,830,TOW_014,18.91152,72.820363,TELCO_CDR_SYSTEM,True
CDR_000206,PHN_04029,PHN_00607,2026-11-20T11:46:03,1415,TOW_010,18.966126,72.933239,TELCO_CDR_SYSTEM,True
CDR_000207,PHN_00440,PHN_01243,2027-06-20T14:51:32,1162,TOW_003,19.15068,72.964123,TELCO_CDR_SYSTEM,True
CDR_000208,PHN_02490,PHN_00698,2025-04-14T10:04:25,1152,TOW_004,19.116197,72.757628,TELCO_CDR_SYSTEM,True
CDR_000209,PHN_03410,PHN_04967,2027-05-24T16:43:37,1276,TOW_010,18.966126,72.933239,TELCO_CDR_SYSTEM,True
CDR_000210,PHN_01849,PHN_04281,2026-05-02T23:33:10,916,TOW_007,19.097977,72.802906,TELCO_CDR_SYSTEM,True
CDR_000211,PHN_02436,PHN_04822,2025-12-01T04:11:58,1174,TOW_007,19.097977,72.802906,TELCO_CDR_SYSTEM,True
CDR_000212,PHN_05088,PHN_00494,2027-12-15T19:49:21,1525,TOW_010,18.966126,72.933239,TELCO_CDR_SYSTEM,True
CDR_000213,PHN_00813,PHN_01703,2025-07-03T03:40:24,551,TOW_011,18.917098,72.773212,TELCO_CDR_SYSTEM,True
CDR_000214,PHN_05411,PHN_00666,2025-09-05T15:19:36,365,TOW_003,19.15068,72.964123,TELCO_CDR_SYSTEM,True
CDR_000215,PHN_04522,PHN_00615,2025-01-06T18:10:10,846,TOW_003,19.15068,72.964123,TELCO_CDR_SYSTEM,True
CDR_000216,PHN_03691,PHN_05648,2026-05-25T13:10:53,606,TOW_010,18.966126,72.933239,TELCO_CDR_SYSTEM,True
CDR_000217,PHN_00268,PHN_01897,2027-02-17T07:32:56,589,TOW_005,18.967455,72.871285,TELCO_CDR_SYSTEM,True
CDR_000218,PHN_05759,PHN_03720,2027-01-21T10:44:31,488,TOW_002,18.977957,72.783489,TELCO_CDR_SYSTEM,True
CDR_000219,PHN_02168,PHN_05121,2026-12-26T19:05:42,1656,TOW_010,18.966126,72.933239,TELCO_CDR_SYSTEM,True
CDR_000220,PHN_01621,PHN_03483,2026-08-11T09:29:39,470,TOW_002,18.977957,72.783489,TELCO_CDR_SYSTEM,True
CDR_000221,PHN_05306,PHN_01221,2025-10-14T21:06:59,1702,TOW_015,19.127408,72.95681,TELCO_CDR_SYSTEM,True
CDR_000222,PHN_01166,PHN_00585,2025-05-10T21:39:53,1633,TOW_001,19.135771,72.756003,TELCO_CDR_SYSTEM,True
CDR_000223,PHN_02520,PHN_04875,2027-07-03T18:43:11,1175,TOW_012,19.12149,72.943711,TELCO_CDR_SYSTEM,True
CDR_000224,PHN_02365,PHN_03598,2026-05-22T11:13:45,1420,TOW_002,18.977957,72.783489,TELCO_CDR_SYSTEM,True
CDR_000225,PHN_02492,PHN_05733,2027-11-25T06:30:16,567,TOW_007,19.097977,72.802906,TELCO_CDR_SYSTEM,True
CDR_000226,PHN_04100,PHN_04424,2026-04-24T12:50:10,174,TOW_008,18.991276,72.958632,TELCO_CDR_SYSTEM,True
CDR_000227,PHN_04900,PHN_00327,2026-04-22T07:46:50,1514,TOW_015,19.127408,72.95681,TELCO_CDR_SYSTEM,True
CDR_000228,PHN_02641,PHN_04946,2025-02-07T08:28:15,197,TOW_005,18.967455,72.871285,TELCO_CDR_SYSTEM,True
CDR_000229,PHN_01876,PHN_05524,2027-08-13T10:07:14,1188,TOW_014,18.91152,72.820363,TELCO_CDR_SYSTEM,True
CDR_000230,PHN_04810,PHN_00170,2027-01-05T17:04:47,1692,TOW_013,19.06377,72.779958,TELCO_CDR_SYSTEM,True
CDR_000231,PHN_02208,PHN_04721,2027-04-19T21:42:28,1558,TOW_001,19.135771,72.756003,TELCO_CDR_SYSTEM,True
CDR_000232,PHN_01436,PHN_03855,2026-12-18T12:04:40,915,TOW_009,19.159256,72.83166,TELCO_CDR_SYSTEM,True
CDR_000233,PHN_02279,PHN_01487,2026-04-23T13:10:19,1310,TOW_010,18.966126,72.933239,TELCO_CDR_SYSTEM,True
CDR_000234,PHN_04029,PHN_00748,2026-01-24T11:48:37,846,TOW_008,18.991276,72.958632,TELCO_CDR_SYSTEM,True
CDR_000235,PHN_02731,PHN_02631,2025-04-10T22:01:16,1766,TOW_011,18.917098,72.773212,TELCO_CDR_SYSTEM,True
CDR_000236,PHN_01318,PHN_02702,2027-02-01T07:57:48,1024,TOW_007,19.097977,72.802906,TELCO_CDR_SYSTEM,True
CDR_000237,PHN_02362,PHN_05428,2027-06-24T07:56:00,1567,TOW_007,19.097977,72.802906,TELCO_CDR_SYSTEM,True
CDR_000238,PHN_04507,PHN_00301,2025-04-05T17:14:30,654,TOW_008,18.991276,72.958632,TELCO_CDR_SYSTEM,True
CDR_000239,PHN_02068,PHN_02649,2027-12-20T11:33:08,1592,TOW_002,18.977957,72.783489,TELCO_CDR_SYSTEM,True
CDR_000240,PHN_03312,PHN_04216,2025-01-05T14:55:36,1356,TOW_014,18.91152,72.820363,TELCO_CDR_SYSTEM,True
CDR_000241,PHN_04445,PHN_03785,2025-03-15T16:27:13,394,TOW_007,19.097977,72.802906,TELCO_CDR_SYSTEM,True
CDR_000242,PHN_04248,PHN_02964,2027-04-13T16:24:09,1030,TOW_010,18.966126,72.933239,TELCO_CDR_SYSTEM,True
CDR_000243,PHN_05124,PHN_03622,2025-03-09T06:54:38,426,TOW_013,19.06377,72.779958,TELCO_CDR_SYSTEM,True
CDR_000244,PHN_02188,PHN_04500,2027-11-11T03:43:16,599,TOW_003,19.15068,72.964123,TELCO_CDR_SYSTEM,True
CDR_000245,PHN_03590,PHN_05721,2025-04-14T13:48:15,69,TOW_008,18.991276,72.958632,TELCO_CDR_SYSTEM,True
CDR_000246,PHN_05162,PHN_04988,2025-09-05T15:19:36,1463,TOW_013,19.06377,72.779958,TELCO_CDR_SYSTEM,True
CDR_000247,PHN_01298,PHN_02546,2025-01-20T20:29:52,1141,TOW_009,19.159256,72.83166,TELCO_CDR_SYSTEM,True
CDR_000248,PHN_03343,PHN_00764,2027-07-20T09:37:51,242,TOW_004,19.116197,72.757628,TELCO_CDR_SYSTEM,True
CDR_000249,PHN_03781,PHN_00963,2027-07-10T05:15:20,325,TOW_011,18.917098,72.773212,TELCO_CDR_SYSTEM,True
CDR_000250,PHN_04083,PHN_05871,2026-06-26T06:10:41,1454,TOW_005,18.967455,72.871285,TELCO_CDR_SYSTEM,True
CDR_000251,PHN_02240,PHN_03404,2026-06-03T14:35:38,977,TOW_014,18.91152,72.820363,TELCO_CDR_SYSTEM,True
CDR_000252,PHN_01997,PHN_03742,2025-04-24T14:47:51,795,TOW_009,19.159256,72.83166,TELCO_CDR_SYSTEM,True
CDR_000253,PHN_01562,PHN_04911,2027-04-05T17:18:16,289,TOW_009,19.159256,72.83166,TELCO_CDR_SYSTEM,True
CDR_000254,PHN_00572,PHN_02264,2027-05-23T18:51:29,1759,TOW_013,19.06377,72.779958,TELCO_CDR_SYSTEM,True
CDR_000255,PHN_03400,PHN_02785,2027-05-23T02:51:19,1049,TOW_015,19.127408,72.95681,TELCO_CDR_SYSTEM,True
CDR_000256,PHN_02189,PHN_00022,2027-03-11T13:07:57,621,TOW_005,18.967455,72.871285,TELCO_CDR_SYSTEM,True
CDR_000257,PHN_04809,PHN_04751,2026-06-08T07:49:59,1782,TOW_011,18.917098,72.773212,TELCO_CDR_SYSTEM,True
CDR_000258,PHN_01218,PHN_03659,2026-06-04T00:57:22,716,TOW_009,19.159256,72.83166,TELCO_CDR_SYSTEM,True
CDR_000259,PHN_02724,PHN_04522,2026-08-11T03:44:07,782,TOW_013,19.06377,72.779958,TELCO_CDR_SYSTEM,True
CDR_000260,PHN_03731,PHN_02637,2025-06-09T04:58:47,1438,TOW_014,18.91152,72.820363,TELCO_CDR_SYSTEM,True
CDR_000261,PHN_01957,PHN_04685,2025-08-23T10:58:49,1763,TOW_007,19.097977,72.802906,TELCO_CDR_SYSTEM,True
CDR_000262,PHN_03366,PHN_00358,2027-04-03T14:45:20,978,TOW_006,19.104498,72.921845,TELCO_CDR_SYSTEM,True
CDR_000263,PHN_05778,PHN_03124,2026-12-28T23:39:42,1632,TOW_007,19.097977,72.802906,TELCO_CDR_SYSTEM,True
CDR_000264,PHN_05342,PHN_01247,2027-12-16T23:00:02,85,TOW_008,18.991276,72.958632,TELCO_CDR_SYSTEM,True
CDR_000265,PHN_01035,PHN_04115,2026-01-01T12:48:25,1791,TOW_010,18.966126,72.933239,TELCO_CDR_SYSTEM,True
CDR_000266,PHN_00823,PHN_03607,2026-07-24T08:06:28,945,TOW_002,18.977957,72.783489,TELCO_CDR_SYSTEM,True
CDR_000267,PHN_00126,PHN_05919,2026-04-05T13:57:57,1793,TOW_003,19.15068,72.964123,TELCO_CDR_SYSTEM,True
CDR_000268,PHN_05364,PHN_01265,2026-05-25T08:44:59,1610,TOW_002,18.977957,72.783489,TELCO_CDR_SYSTEM,True
CDR_000269,PHN_02172,PHN_02774,2027-01-31T09:54:43,824,TOW_010,18.966126,72.933239,TELCO_CDR_SYSTEM,True
CDR_000270,PHN_05324,PHN_00658,2025-12-29T20:04:20,1755,TOW_014,18.91152,72.820363,TELCO_CDR_SYSTEM,True
CDR_000271,PHN_05525,PHN_04372,2027-12-05T13:29:27,658,TOW_007,19.097977,72.802906,TELCO_CDR_SYSTEM,True
CDR_000272,PHN_05135,PHN_05888,2027-04-15T20:33:09,1009,TOW_015,19.127408,72.95681,TELCO_CDR_SYSTEM,True
CDR_000273,PHN_04433,PHN_00295,2025-03-28T03:40:56,490,TOW_010,18.966126,72.933239,TELCO_CDR_SYSTEM,True
CDR_000274,PHN_05171,PHN_05607,2025-11-06T11:44:51,475,TOW_015,19.127408,72.95681,TELCO_CDR_SYSTEM,True
CDR_000275,PHN_00741,PHN_03556,2027-04-18T19:18:34,1307,TOW_002,18.977957,72.783489,TELCO_CDR_SYSTEM,True
CDR_000276,PHN_05767,PHN_00824,2025-05-12T07:37:40,1431,TOW_008,18.991276,72.958632,TELCO_CDR_SYSTEM,True
CDR_000277,PHN_02454,PHN_00238,2025-12-26T18:29:10,1640,TOW_001,19.135771,72.756003,TELCO_CDR_SYSTEM,True
CDR_000278,PHN_00460,PHN_02404,2026-02-23T07:13:15,892,TOW_006,19.104498,72.921845,TELCO_CDR_SYSTEM,True
CDR_000279,PHN_01193,PHN_02001,2026-04-08T08:10:51,1169,TOW_009,19.159256,72.83166,TELCO_CDR_SYSTEM,True
CDR_000280,PHN_05586,PHN_01476,2025-05-24T10:32:21,171,TOW_003,19.15068,72.964123,TELCO_CDR_SYSTEM,True
CDR_000281,PHN_04993,PHN_03134,2027-01-17T20:20:33,503,TOW_010,18.966126,72.933239,TELCO_CDR_SYSTEM,True
CDR_000282,PHN_04077,PHN_04778,2025-08-07T12:01:28,954,TOW_003,19.15068,72.964123,TELCO_CDR_SYSTEM,True
CDR_000283,PHN_05226,PHN_02081,2025-10-01T22:23:04,1375,TOW_008,18.991276,72.958632,TELCO_CDR_SYSTEM,True
CDR_000284,PHN_00077,PHN_03812,2025-11-06T11:44:51,1397,TOW_015,19.127408,72.95681,TELCO_CDR_SYSTEM,True
CDR_000285,PHN_04478,PHN_01295,2026-04-26T12:30:15,717,TOW_002,18.977957,72.783489,TELCO_CDR_SYSTEM,True
CDR_000286,PHN_04814,PHN_02451,2027-12-16T01:20:52,878,TOW_011,18.917098,72.773212,TELCO_CDR_SYSTEM,True
CDR_000287,PHN_05656,PHN_02049,2027-07-23T23:13:04,628,TOW_008,18.991276,72.958632,TELCO_CDR_SYSTEM,True
CDR_000288,PHN_01632,PHN_03152,2026-06-03T14:35:38,228,TOW_014,18.91152,72.820363,TELCO_CDR_SYSTEM,True
CDR_000289,PHN_01944,PHN_03125,2026-02-03T07:40:53,1187,TOW_010,18.966126,72.933239,TELCO_CDR_SYSTEM,True
CDR_000290,PHN_02424,PHN_05729,2025-01-30T23:57:03,1709,TOW_005,18.967455,72.871285,TELCO_CDR_SYSTEM,True
CDR_000291,PHN_05393,PHN_03243,2025-01-16T09:40:03,1169,TOW_005,18.967455,72.871285,TELCO_CDR_SYSTEM,True
CDR_000292,PHN_05619,PHN_00402,2026-10-17T13:59:54,1536,TOW_015,19.127408,72.95681,TELCO_CDR_SYSTEM,True
CDR_000293,PHN_04070,PHN_02345,2027-06-03T02:10:16,481,TOW_013,19.06377,72.779958,TELCO_CDR_SYSTEM,True
CDR_000294,PHN_04974,PHN_02887,2026-11-28T13:30:55,399,TOW_004,19.116197,72.757628,TELCO_CDR_SYSTEM,True
CDR_000295,PHN_05087,PHN_02054,2027-04-12T01:38:50,1486,TOW_011,18.917098,72.773212,TELCO_CDR_SYSTEM,True
CDR_000296,PHN_05401,PHN_05578,2025-04-21T22:10:06,1296,TOW_014,18.91152,72.820363,TELCO_CDR_SYSTEM,True
CDR_000297,PHN_00796,PHN_05141,2025-02-22T15:15:50,642,TOW_011,18.917098,72.773212,TELCO_CDR_SYSTEM,True
CDR_000298,PHN_03612,PHN_00274,2026-02-10T20:11:07,1509,TOW_010,18.966126,72.933239,TELCO_CDR_SYSTEM,True
CDR_000299,PHN_01077,PHN_00739,2025-11-20T11:40:30,679,TOW_015,19.127408,72.95681,TELCO_CDR_SYSTEM,True
CDR_000300,PHN_03404,PHN_01439,2025-04-19T12:05:15,1620,TOW_004,19.116197,72.757628,TELCO_CDR_SYSTEM,True
CDR_000301,PHN_04419,PHN_02998,2026-06-18T19:10:13,568,TOW_009,19.159256,72.83166,TELCO_CDR_SYSTEM,True
CDR_000302,PHN_01348,PHN_02106,2027-07-03T18:43:11,996,TOW_015,19.127408,72.95681,TELCO_CDR_SYSTEM,True
CDR_000303,PHN_02418,PHN_02775,2025-04-13T05:36:58,969,TOW_013,19.06377,72.779958,TELCO_CDR_SYSTEM,True
CDR_000304,PHN_00617,PHN_01154,2027-12-17T10:44:12,472,TOW_013,19.06377,72.779958,TELCO_CDR_SYSTEM,True
CDR_000305,PHN_05541,PHN_05933,2026-03-24T05:37:33,1742,TOW_011,18.917098,72.773212,TELCO_CDR_SYSTEM,True
CDR_000306,PHN_04566,PHN_02997,2027-05-24T16:43:37,818,TOW_002,18.977957,72.783489,TELCO_CDR_SYSTEM,True
CDR_000307,PHN_00115,PHN_02167,2025-04-15T13:30:29,941,TOW_009,19.159256,72.83166,TELCO_CDR_SYSTEM,True
CDR_000308,PHN_03020,PHN_05512,2027-01-05T17:04:47,546,TOW_012,19.12149,72.943711,TELCO_CDR_SYSTEM,True
CDR_000309,PHN_04789,PHN_03122,2026-11-30T09:40:16,770,TOW_014,18.91152,72.820363,TELCO_CDR_SYSTEM,True
CDR_000310,PHN_00888,PHN_05529,2026-05-26T11:13:12,61,TOW_004,19.116197,72.757628,TELCO_CDR_SYSTEM,True
CDR_000311,PHN_05076,PHN_04600,2027-10-28T06:52:07,1259,TOW_006,19.104498,72.921845,TELCO_CDR_SYSTEM,True
CDR_000312,PHN_01814,PHN_05306,2026-11-26T02:05:18,1697,TOW_002,18.977957,72.783489,TELCO_CDR_SYSTEM,True
CDR_000313,PHN_03804,PHN_05744,2026-12-12T20:23:05,846,TOW_005,18.967455,72.871285,TELCO_CDR_SYSTEM,True
CDR_000314,PHN_00956,PHN_01146,2027-11-26T20:17:28,86,TOW_001,19.135771,72.756003,TELCO_CDR_SYSTEM,True
CDR_000315,PHN_02494,PHN_04036,2025-04-08T14:28:09,490,TOW_002,18.977957,72.783489,TELCO_CDR_SYSTEM,True
CDR_000316,PHN_04404,PHN_01112,2026-05-06T14:29:58,769,TOW_007,19.097977,72.802906,TELCO_CDR_SYSTEM,True
CDR_000317,PHN_05493,PHN_05706,2026-04-10T13:54:12,1212,TOW_009,19.159256,72.83166,TELCO_CDR_SYSTEM,True
CDR_000318,PHN_05953,PHN_01266,2026-04-09T07:50:55,1351,TOW_015,19.127408,72.95681,TELCO_CDR_SYSTEM,True
CDR_000319,PHN_00812,PHN_04009,2026-04-04T23:34:56,582,TOW_010,18.966126,72.933239,TELCO_CDR_SYSTEM,True
CDR_000320,PHN_00269,PHN_05655,2025-07-08T01:54:40,918,TOW_006,19.104498,72.921845,TELCO_CDR_SYSTEM,True
CDR_000321,PHN_03643,PHN_01935,2026-02-08T05:02:11,213,TOW_014,18.91152,72.820363,TELCO_CDR_SYSTEM,True
CDR_000322,PHN_05618,PHN_03010,2027-10-11T00:34:12,1330,TOW_009,19.159256,72.83166,TELCO_CDR_SYSTEM,True
CDR_000323,PHN_02939,PHN_00497,2025-10-26T02:48:02,398,TOW_007,19.097977,72.802906,TELCO_CDR_SYSTEM,True
CDR_000324,PHN_01001,PHN_03726,2026-12-28T01:46:20,444,TOW_002,18.977957,72.783489,TELCO_CDR_SYSTEM,True
CDR_000325,PHN_05257,PHN_05239,2027-12-24T03:17:26,53,TOW_010,18.966126,72.933239,TELCO_CDR_SYSTEM,True
CDR_000326,PHN_00415,PHN_02733,2025-04-16T15:40:46,1621,TOW_004,19.116197,72.757628,TELCO_CDR_SYSTEM,True
CDR_000327,PHN_04626,PHN_01682,2027-07-09T07:08:49,1577,TOW_002,18.977957,72.783489,TELCO_CDR_SYSTEM,True
CDR_000328,PHN_04541,PHN_01698,2025-07-07T05:03:22,1675,TOW_010,18.966126,72.933239,TELCO_CDR_SYSTEM,True
CDR_000329,PHN_01909,PHN_02692,2025-04-25T08:33:04,1625,TOW_013,19.06377,72.779958,TELCO_CDR_SYSTEM,True
CDR_000330,PHN_04883,PHN_00024,2027-08-11T11:17:22,306,TOW_005,18.967455,72.871285,TELCO_CDR_SYSTEM,True
CDR_000331,PHN_01065,PHN_04426,2027-06-01T02:57:26,367,TOW_005,18.967455,72.871285,TELCO_CDR_SYSTEM,True
CDR_000332,PHN_00901,PHN_05416,2025-02-07T08:28:15,279,TOW_014,18.91152,72.820363,TELCO_CDR_SYSTEM,True
CDR_000333,PHN_00122,PHN_02935,2027-05-23T05:45:58,497,TOW_013,19.06377,72.779958,TELCO_CDR_SYSTEM,True
CDR_000334,PHN_04824,PHN_02653,2025-05-23T11:14:59,553,TOW_001,19.135771,72.756003,TELCO_CDR_SYSTEM,True
CDR_000335,PHN_00430,PHN_01039,2026-04-12T21:23:34,1087,TOW_012,19.12149,72.943711,TELCO_CDR_SYSTEM,True
CDR_000336,PHN_00932,PHN_00521,2026-04-30T13:44:39,1603,TOW_008,18.991276,72.958632,TELCO_CDR_SYSTEM,True
CDR_000337,PHN_02966,PHN_04205,2025-04-11T17:14:54,935,TOW_010,18.966126,72.933239,TELCO_CDR_SYSTEM,True
CDR_000338,PHN_04128,PHN_01815,2025-03-01T06:14:23,1499,TOW_010,18.966126,72.933239,TELCO_CDR_SYSTEM,True
CDR_000339,PHN_05398,PHN_04272,2026-05-09T15:52:05,1327,TOW_005,18.967455,72.871285,TELCO_CDR_SYSTEM,True
CDR_000340,PHN_00256,PHN_00499,2027-07-25T02:02:11,832,TOW_008,18.991276,72.958632,TELCO_CDR_SYSTEM,True
CDR_000341,PHN_03493,PHN_05621,2026-06-09T01:50:58,1468,TOW_002,18.977957,72.783489,TELCO_CDR_SYSTEM,True
CDR_000342,PHN_03634,PHN_00603,2025-04-03T14:35:21,669,TOW_015,19.127408,72.95681,TELCO_CDR_SYSTEM,True
CDR_000343,PHN_04984,PHN_01216,2025-04-17T02:55:00,573,TOW_002,18.977957,72.783489,TELCO_CDR_SYSTEM,True
CDR_000344,PHN_05115,PHN_05187,2026-08-17T06:57:22,1468,TOW_010,18.966126,72.933239,TELCO_CDR_SYSTEM,True
CDR_000345,PHN_02664,PHN_03121,2026-07-29T04:53:09,613,TOW_010,18.966126,72.933239,TELCO_CDR_SYSTEM,True
CDR_000346,PHN_03717,PHN_04142,2026-04-22T00:20:31,213,TOW_010,18.966126,72.933239,TELCO_CDR_SYSTEM,True
CDR_000347,PHN_05749,PHN_00938,2026-12-20T12:12:13,1343,TOW_014,18.91152,72.820363,TELCO_CDR_SYSTEM,True
CDR_000348,PHN_04517,PHN_05906,2025-07-05T05:38:28,890,TOW_014,18.91152,72.820363,TELCO_CDR_SYSTEM,True
CDR_000349,PHN_03700,PHN_01872,2026-01-13T12:33:57,1704,TOW_007,19.097977,72.802906,TELCO_CDR_SYSTEM,True
CDR_000350,PHN_03716,PHN_03267,2027-03-18T09:33:58,204,TOW_007,19.097977,72.802906,TELCO_CDR_SYSTEM,True
CDR_000351,PHN_02561,PHN_03497,2026-12-29T19:51:22,532,TOW_006,19.104498,72.921845,TELCO_CDR_SYSTEM,True
CDR_000352,PHN_03067,PHN_01251,2027-11-09T22:25:28,981,TOW_011,18.917098,72.773212,TELCO_CDR_SYSTEM,True
CDR_000353,PHN_00550,PHN_00748,2025-04-04T20:08:32,200,TOW_014,18.91152,72.820363,TELCO_CDR_SYSTEM,True
CDR_000354,PHN_03538,PHN_00792,2027-03-25T23:20:12,773,TOW_012,19.12149,72.943711,TELCO_CDR_SYSTEM,True
CDR_000355,PHN_01066,PHN_04558,2026-09-20T08:13:01,1160,TOW_001,19.135771,72.756003,TELCO_CDR_SYSTEM,True
CDR_000356,PHN_04602,PHN_02701,2025-04-14T17:37:51,851,TOW_011,18.917098,72.773212,TELCO_CDR_SYSTEM,True
CDR_000357,PHN_02897,PHN_05451,2026-04-15T11:04:17,1787,TOW_013,19.06377,72.779958,TELCO_CDR_SYSTEM,True
CDR_000358,PHN_05907,PHN_00422,2026-10-10T14:47:05,649,TOW_005,18.967455,72.871285,TELCO_CDR_SYSTEM,True
CDR_000359,PHN_02881,PHN_00849,2026-06-21T19:51:49,445,TOW_010,18.966126,72.933239,TELCO_CDR_SYSTEM,True
CDR_000360,PHN_01268,PHN_05380,2025-07-21T09:14:49,1745,TOW_008,18.991276,72.958632,TELCO_CDR_SYSTEM,True
CDR_000361,PHN_00887,PHN_02869,2026-08-22T23:25:19,762,TOW_014,18.91152,72.820363,TELCO_CDR_SYSTEM,True
CDR_000362,PHN_00942,PHN_02283,2025-07-22T07:01:53,1663,TOW_010,18.966126,72.933239,TELCO_CDR_SYSTEM,True
CDR_000363,PHN_03516,PHN_04596,2027-06-26T22:00:54,1283,TOW_013,19.06377,72.779958,TELCO_CDR_SYSTEM,True
CDR_000364,PHN_05027,PHN_05530,2026-08-23T04:35:51,63,TOW_011,18.917098,72.773212,TELCO_CDR_SYSTEM,True
CDR_000365,PHN_04989,PHN_05389,2027-02-01T07:57:48,557,TOW_014,18.91152,72.820363,TELCO_CDR_SYSTEM,True
CDR_000366,PHN_00238,PHN_01478,2027-02-15T01:20:47,1571,TOW_005,18.967455,72.871285,TELCO_CDR_SYSTEM,True
CDR_000367,PHN_02532,PHN_02784,2025-01-13T08:34:30,381,TOW_006,19.104498,72.921845,TELCO_CDR_SYSTEM,True
CDR_000368,PHN_01174,PHN_04640,2026-03-30T02:01:03,152,TOW_011,18.917098,72.773212,TELCO_CDR_SYSTEM,True
CDR_000369,PHN_01163,PHN_05187,2025-04-07T06:19:00,1538,TOW_001,19.135771,72.756003,TELCO_CDR_SYSTEM,True
CDR_000370,PHN_04346,PHN_01763,2026-04-10T13:54:12,939,TOW_007,19.097977,72.802906,TELCO_CDR_SYSTEM,True
CDR_000371,PHN_02793,PHN_01290,2025-12-14T13:29:31,1487,TOW_006,19.104498,72.921845,TELCO_CDR_SYSTEM,True
CDR_000372,PHN_02658,PHN_04650,2025-04-04T19:05:32,117,TOW_010,18.966126,72.933239,TELCO_CDR_SYSTEM,True
CDR_000373,PHN_01275,PHN_01290,2026-11-01T10:00:48,111,TOW_013,19.06377,72.779958,TELCO_CDR_SYSTEM,True
CDR_000374,PHN_05522,PHN_00669,2026-04-26T20:48:48,1365,TOW_005,18.967455,72.871285,TELCO_CDR_SYSTEM,True
CDR_000375,PHN_03474,PHN_03979,2026-04-26T12:30:15,858,TOW_010,18.966126,72.933239,TELCO_CDR_SYSTEM,True
CDR_000376,PHN_02238,PHN_01766,2026-07-04T10:29:22,243,TOW_013,19.06377,72.779958,TELCO_CDR_SYSTEM,True
CDR_000377,PHN_02828,PHN_03522,2025-10-31T10:59:56,1398,TOW_002,18.977957,72.783489,TELCO_CDR_SYSTEM,True
CDR_000378,PHN_05559,PHN_04859,2026-07-24T19:53:02,1376,TOW_008,18.991276,72.958632,TELCO_CDR_SYSTEM,True
CDR_000379,PHN_02527,PHN_00373,2026-03-21T01:06:09,1237,TOW_004,19.116197,72.757628,TELCO_CDR_SYSTEM,True
CDR_000380,PHN_00449,PHN_00063,2025-11-24T20:51:28,442,TOW_004,19.116197,72.757628,TELCO_CDR_SYSTEM,True
CDR_000381,PHN_01125,PHN_02094,2025-12-29T13:48:12,255,TOW_005,18.967455,72.871285,TELCO_CDR_SYSTEM,True
CDR_000382,PHN_00064,PHN_04075,2026-04-22T00:20:31,369,TOW_012,19.12149,72.943711,TELCO_CDR_SYSTEM,True
CDR_000383,PHN_01059,PHN_03115,2027-02-15T19:04:50,481,TOW_009,19.159256,72.83166,TELCO_CDR_SYSTEM,True
CDR_000384,PHN_04099,PHN_04578,2027-01-04T04:41:04,1661,TOW_014,18.91152,72.820363,TELCO_CDR_SYSTEM,True
CDR_000385,PHN_02902,PHN_00591,2027-08-14T22:35:51,1529,TOW_007,19.097977,72.802906,TELCO_CDR_SYSTEM,True
CDR_000386,PHN_00347,PHN_03574,2026-05-11T20:05:40,169,TOW_001,19.135771,72.756003,TELCO_CDR_SYSTEM,True
CDR_000387,PHN_02565,PHN_04717,2026-09-06T19:05:12,838,TOW_007,19.097977,72.802906,TELCO_CDR_SYSTEM,True
CDR_000388,PHN_05813,PHN_05245,2025-11-09T14:18:22,245,TOW_007,19.097977,72.802906,TELCO_CDR_SYSTEM,True
CDR_000389,PHN_03319,PHN_00171,2025-05-16T17:31:32,1651,TOW_006,19.104498,72.921845,TELCO_CDR_SYSTEM,True
CDR_000390,PHN_05064,PHN_03770,2027-01-28T09:36:40,751,TOW_014,18.91152,72.820363,TELCO_CDR_SYSTEM,True
CDR_000391,PHN_00722,PHN_03578,2025-04-10T22:22:14,508,TOW_014,18.91152,72.820363,TELCO_CDR_SYSTEM,True
CDR_000392,PHN_03570,PHN_04825,2026-07-23T20:29:43,171,TOW_007,19.097977,72.802906,TELCO_CDR_SYSTEM,True
CDR_000393,PHN_03243,PHN_02542,2026-01-13T12:33:57,463,TOW_012,19.12149,72.943711,TELCO_CDR_SYSTEM,True
CDR_000394,PHN_02729,PHN_01378,2026-06-27T19:46:16,1306,TOW_002,18.977957,72.783489,TELCO_CDR_SYSTEM,True
CDR_000395,PHN_00935,PHN_04347,2025-06-15T11:25:16,1599,TOW_009,19.159256,72.83166,TELCO_CDR_SYSTEM,True
CDR_000396,PHN_02863,PHN_02877,2027-12-13T13:35:15,1687,TOW_012,19.12149,72.943711,TELCO_CDR_SYSTEM,True
CDR_000397,PHN_05288,PHN_01210,2025-04-10T11:53:43,309,TOW_004,19.116197,72.757628,TELCO_CDR_SYSTEM,True
CDR_000398,PHN_02097,PHN_01617,2026-10-13T23:39:35,323,TOW_003,19.15068,72.964123,TELCO_CDR_SYSTEM,True
CDR_000399,PHN_05370,PHN_00618,2027-12-03T19:34:28,1592,TOW_003,19.15068,72.964123,TELCO_CDR_SYSTEM,True
CDR_000400,PHN_05145,PHN_04048,2027-04-11T07:23:44,1164,TOW_008,18.991276,72.958632,TELCO_CDR_SYSTEM,True
CDR_000401,PHN_04748,PHN_03678,2027-11-10T12:19:56,1166,TOW_011,18.917098,72.773212,TELCO_CDR_SYSTEM,True
CDR_000402,PHN_05268,PHN_05205,2025-12-23T16:31:13,1779,TOW_010,18.966126,72.933239,TELCO_CDR_SYSTEM,True
CDR_000403,PHN_05139,PHN_02590,2026-04-25T09:00:06,149,TOW_003,19.15068,72.964123,TELCO_CDR_SYSTEM,True
CDR_000404,PHN_03842,PHN_03623,2025-11-25T14:42:56,1640,TOW_011,18.917098,72.773212,TELCO_CDR_SYSTEM,True
CDR_000405,PHN_02251,PHN_04845,2026-01-26T18:54:22,1049,TOW_001,19.135771,72.756003,TELCO_CDR_SYSTEM,True
CDR_000406,PHN_00608,PHN_02543,2026-05-04T13:12:56,87,TOW_008,18.991276,72.958632,TELCO_CDR_SYSTEM,True
CDR_000407,PHN_00467,PHN_03021,2025-11-01T20:06:24,167,TOW_014,18.91152,72.820363,TELCO_CDR_SYSTEM,True
CDR_000408,PHN_05282,PHN_00740,2026-09-27T23:14:55,1048,TOW_010,18.966126,72.933239,TELCO_CDR_SYSTEM,True
CDR_000409,PHN_03150,PHN_03791,2026-08-22T13:47:54,1631,TOW_010,18.966126,72.933239,TELCO_CDR_SYSTEM,True
CDR_000410,PHN_00337,PHN_03685,2027-06-18T07:32:32,1180,TOW_015,19.127408,72.95681,TELCO_CDR_SYSTEM,True
CDR_000411,PHN_05340,PHN_01543,2026-10-17T04:12:37,984,TOW_006,19.104498,72.921845,TELCO_CDR_SYSTEM,True
CDR_000412,PHN_04108,PHN_01236,2026-05-02T23:33:10,221,TOW_001,19.135771,72.756003,TELCO_CDR_SYSTEM,True
CDR_000413,PHN_02814,PHN_05852,2026-06-19T22:55:02,1333,TOW_002,18.977957,72.783489,TELCO_CDR_SYSTEM,True
CDR_000414,PHN_01414,PHN_00321,2027-02-18T07:54:04,906,TOW_004,19.116197,72.757628,TELCO_CDR_SYSTEM,True
CDR_000415,PHN_03600,PHN_04294,2026-10-22T22:26:48,335,TOW_009,19.159256,72.83166,TELCO_CDR_SYSTEM,True
CDR_000416,PHN_02982,PHN_03055,2025-10-30T17:53:02,803,TOW_015,19.127408,72.95681,TELCO_CDR_SYSTEM,True
CDR_000417,PHN_03349,PHN_02772,2026-10-04T07:04:03,117,TOW_011,18.917098,72.773212,TELCO_CDR_SYSTEM,True
CDR_000418,PHN_05169,PHN_05303,2025-03-27T03:06:28,685,TOW_006,19.104498,72.921845,TELCO_CDR_SYSTEM,True
CDR_000419,PHN_00775,PHN_04571,2026-03-11T05:43:51,591,TOW_011,18.917098,72.773212,TELCO_CDR_SYSTEM,True
CDR_000420,PHN_02065,PHN_05929,2026-12-23T02:21:51,1244,TOW_014,18.91152,72.820363,TELCO_CDR_SYSTEM,True
CDR_000421,PHN_01232,PHN_02731,2026-09-17T19:20:15,1369,TOW_002,18.977957,72.783489,TELCO_CDR_SYSTEM,True
CDR_000422,PHN_01159,PHN_02866,2027-12-18T09:07:33,1353,TOW_005,18.967455,72.871285,TELCO_CDR_SYSTEM,True
CDR_000423,PHN_05722,PHN_05425,2025-04-18T06:44:27,1228,TOW_007,19.097977,72.802906,TELCO_CDR_SYSTEM,True
CDR_000424,PHN_05807,PHN_00695,2026-08-24T22:10:07,781,TOW_005,18.967455,72.871285,TELCO_CDR_SYSTEM,True
CDR_000425,PHN_05272,PHN_02691,2025-04-17T15:00:08,1382,TOW_014,18.91152,72.820363,TELCO_CDR_SYSTEM,True
CDR_000426,PHN_05758,PHN_05615,2026-07-24T19:53:02,201,TOW_015,19.127408,72.95681,TELCO_CDR_SYSTEM,True
CDR_000427,PHN_05293,PHN_05493,2026-06-25T20:31:29,751,TOW_007,19.097977,72.802906,TELCO_CDR_SYSTEM,True
CDR_000428,PHN_00150,PHN_02971,2025-05-28T23:15:19,448,TOW_005,18.967455,72.871285,TELCO_CDR_SYSTEM,True
CDR_000429,PHN_02800,PHN_03984,2025-07-22T07:01:53,291,TOW_004,19.116197,72.757628,TELCO_CDR_SYSTEM,True
CDR_000430,PHN_01270,PHN_00633,2027-07-21T20:04:24,1624,TOW_005,18.967455,72.871285,TELCO_CDR_SYSTEM,True
CDR_000431,PHN_00829,PHN_04159,2026-08-04T18:47:01,1720,TOW_013,19.06377,72.779958,TELCO_CDR_SYSTEM,True
CDR_000432,PHN_04314,PHN_00310,2026-01-10T10:44:56,1579,TOW_011,18.917098,72.773212,TELCO_CDR_SYSTEM,True
CDR_000433,PHN_05063,PHN_01074,2026-02-25T21:15:56,325,TOW_010,18.966126,72.933239,TELCO_CDR_SYSTEM,True
CDR_000434,PHN_01330,PHN_01482,2027-01-31T09:54:43,1589,TOW_014,18.91152,72.820363,TELCO_CDR_SYSTEM,True
CDR_000435,PHN_05118,PHN_01357,2026-04-24T12:50:10,99,TOW_012,19.12149,72.943711,TELCO_CDR_SYSTEM,True
CDR_000436,PHN_03366,PHN_02985,2027-03-01T03:20:26,496,TOW_011,18.917098,72.773212,TELCO_CDR_SYSTEM,True
CDR_000437,PHN_03639,PHN_05002,2027-04-09T22:41:29,1543,TOW_005,18.967455,72.871285,TELCO_CDR_SYSTEM,True
CDR_000438,PHN_03678,PHN_01917,2025-09-05T02:18:12,643,TOW_009,19.159256,72.83166,TELCO_CDR_SYSTEM,True
CDR_000439,PHN_03843,PHN_01590,2027-01-10T14:34:48,1178,TOW_006,19.104498,72.921845,TELCO_CDR_SYSTEM,True
CDR_000440,PHN_03610,PHN_03783,2025-10-30T04:06:30,1603,TOW_013,19.06377,72.779958,TELCO_CDR_SYSTEM,True
CDR_000441,PHN_03129,PHN_04120,2026-04-10T10:00:02,341,TOW_009,19.159256,72.83166,TELCO_CDR_SYSTEM,True
CDR_000442,PHN_01636,PHN_04954,2027-09-03T23:44:58,522,TOW_003,19.15068,72.964123,TELCO_CDR_SYSTEM,True
CDR_000443,PHN_00428,PHN_05253,2027-09-05T11:56:27,770,TOW_008,18.991276,72.958632,TELCO_CDR_SYSTEM,True
CDR_000444,PHN_04543,PHN_00841,2027-07-25T01:47:08,1066,TOW_012,19.12149,72.943711,TELCO_CDR_SYSTEM,True
CDR_000445,PHN_01022,PHN_02336,2027-04-19T21:42:28,338,TOW_002,18.977957,72.783489,TELCO_CDR_SYSTEM,True
CDR_000446,PHN_02235,PHN_03681,2026-07-05T22:04:23,311,TOW_015,19.127408,72.95681,TELCO_CDR_SYSTEM,True
CDR_000447,PHN_03584,PHN_00752,2025-07-13T04:45:54,1682,TOW_015,19.127408,72.95681,TELCO_CDR_SYSTEM,True
CDR_000448,PHN_03696,PHN_02864,2025-02-08T10:32:10,859,TOW_015,19.127408,72.95681,TELCO_CDR_SYSTEM,True
CDR_000449,PHN_00437,PHN_03248,2026-02-22T23:44:21,492,TOW_009,19.159256,72.83166,TELCO_CDR_SYSTEM,True
CDR_000450,PHN_03164,PHN_00669,2025-07-21T09:14:49,67,TOW_006,19.104498,72.921845,TELCO_CDR_SYSTEM,True
CDR_000451,PHN_02611,PHN_00812,2027-02-25T17:45:56,1341,TOW_014,18.91152,72.820363,TELCO_CDR_SYSTEM,True
CDR_000452,PHN_02747,PHN_01197,2025-02-21T23:34:03,597,TOW_003,19.15068,72.964123,TELCO_CDR_SYSTEM,True
CDR_000453,PHN_03871,PHN_05703,2025-04-22T13:22:27,1564,TOW_014,18.91152,72.820363,TELCO_CDR_SYSTEM,True
CDR_000454,PHN_05780,PHN_03843,2026-10-30T00:34:10,20,TOW_008,18.991276,72.958632,TELCO_CDR_SYSTEM,True
CDR_000455,PHN_00650,PHN_00156,2025-07-05T05:38:28,1720,TOW_005,18.967455,72.871285,TELCO_CDR_SYSTEM,True
CDR_000456,PHN_01225,PHN_04496,2026-10-22T04:32:14,1090,TOW_012,19.12149,72.943711,TELCO_CDR_SYSTEM,True
CDR_000457,PHN_03468,PHN_00911,2025-11-07T12:26:31,496,TOW_013,19.06377,72.779958,TELCO_CDR_SYSTEM,True
CDR_000458,PHN_02468,PHN_00999,2025-09-05T02:18:12,869,TOW_001,19.135771,72.756003,TELCO_CDR_SYSTEM,True
CDR_000459,PHN_05235,PHN_05103,2025-03-22T10:45:50,237,TOW_008,18.991276,72.958632,TELCO_CDR_SYSTEM,True
CDR_000460,PHN_04095,PHN_04889,2025-01-23T22:58:39,1304,TOW_009,19.159256,72.83166,TELCO_CDR_SYSTEM,True
CDR_000461,PHN_04222,PHN_04711,2027-02-28T23:59:23,304,TOW_004,19.116197,72.757628,TELCO_CDR_SYSTEM,True
CDR_000462,PHN_02387,PHN_03517,2026-10-28T13:10:00,732,TOW_001,19.135771,72.756003,TELCO_CDR_SYSTEM,True
CDR_000463,PHN_01971,PHN_04675,2025-06-07T04:16:16,1370,TOW_007,19.097977,72.802906,TELCO_CDR_SYSTEM,True
CDR_000464,PHN_05475,PHN_00702,2027-12-30T02:30:46,748,TOW_009,19.159256,72.83166,TELCO_CDR_SYSTEM,True
CDR_000465,PHN_00555,PHN_04310,2026-06-21T19:51:49,1620,TOW_009,19.159256,72.83166,TELCO_CDR_SYSTEM,True
CDR_000466,PHN_04159,PHN_04540,2026-03-15T01:58:20,1798,TOW_001,19.135771,72.756003,TELCO_CDR_SYSTEM,True
CDR_000467,PHN_03852,PHN_00357,2026-03-11T21:46:06,774,TOW_011,18.917098,72.773212,TELCO_CDR_SYSTEM,True
CDR_000468,PHN_02078,PHN_00134,2027-05-23T05:45:58,148,TOW_006,19.104498,72.921845,TELCO_CDR_SYSTEM,True
CDR_000469,PHN_02825,PHN_01976,2026-12-23T02:21:51,1296,TOW_012,19.12149,72.943711,TELCO_CDR_SYSTEM,True
CDR_000470,PHN_00850,PHN_04767,2027-04-13T16:24:09,690,TOW_012,19.12149,72.943711,TELCO_CDR_SYSTEM,True
CDR_000471,PHN_01093,PHN_00364,2026-08-13T10:20:43,703,TOW_006,19.104498,72.921845,TELCO_CDR_SYSTEM,True
CDR_000472,PHN_05266,PHN_01435,2027-05-12T08:46:44,1412,TOW_014,18.91152,72.820363,TELCO_CDR_SYSTEM,True
CDR_000473,PHN_03807,PHN_05697,2026-11-21T16:54:12,383,TOW_008,18.991276,72.958632,TELCO_CDR_SYSTEM,True
CDR_000474,PHN_01105,PHN_00517,2027-05-11T10:10:55,947,TOW_012,19.12149,72.943711,TELCO_CDR_SYSTEM,True
CDR_000475,PHN_00303,PHN_02404,2025-03-01T06:14:23,1630,TOW_004,19.116197,72.757628,TELCO_CDR_SYSTEM,True
CDR_000476,PHN_01635,PHN_00344,2027-11-16T06:59:26,645,TOW_006,19.104498,72.921845,TELCO_CDR_SYSTEM,True
CDR_000477,PHN_04223,PHN_03263,2026-08-11T03:44:07,979,TOW_014,18.91152,72.820363,TELCO_CDR_SYSTEM,True
CDR_000478,PHN_02076,PHN_00300,2026-12-10T19:32:25,401,TOW_013,19.06377,72.779958,TELCO_CDR_SYSTEM,True
CDR_000479,PHN_02344,PHN_02925,2027-05-17T20:10:33,107,TOW_014,18.91152,72.820363,TELCO_CDR_SYSTEM,True
CDR_000480,PHN_05372,PHN_02720,2025-04-15T19:20:16,1647,TOW_005,18.967455,72.871285,TELCO_CDR_SYSTEM,True
CDR_000481,PHN_03015,PHN_03580,2026-03-25T22:15:47,1532,TOW_015,19.127408,72.95681,TELCO_CDR_SYSTEM,True
CDR_000482,PHN_03603,PHN_03168,2027-12-28T08:28:32,392,TOW_006,19.104498,72.921845,TELCO_CDR_SYSTEM,True
CDR_000483,PHN_04065,PHN_05670,2026-02-16T17:23:00,1642,TOW_008,18.991276,72.958632,TELCO_CDR_SYSTEM,True
CDR_000484,PHN_04254,PHN_02185,2025-04-04T13:04:12,1499,TOW_013,19.06377,72.779958,TELCO_CDR_SYSTEM,True
CDR_000485,PHN_03478,PHN_00647,2026-10-13T23:39:35,1694,TOW_007,19.097977,72.802906,TELCO_CDR_SYSTEM,True
CDR_000486,PHN_01479,PHN_04469,2025-12-21T06:22:29,220,TOW_005,18.967455,72.871285,TELCO_CDR_SYSTEM,True
CDR_000487,PHN_00656,PHN_02687,2025-11-20T11:40:30,637,TOW_011,18.917098,72.773212,TELCO_CDR_SYSTEM,True
CDR_000488,PHN_03653,PHN_04937,2026-04-18T12:27:49,351,TOW_012,19.12149,72.943711,TELCO_CDR_SYSTEM,True
CDR_000489,PHN_05651,PHN_03637,2026-04-29T16:12:21,96,TOW_006,19.104498,72.921845,TELCO_CDR_SYSTEM,True
CDR_000490,PHN_05955,PHN_02889,2026-04-23T10:24:10,572,TOW_010,18.966126,72.933239,TELCO_CDR_SYSTEM,True
CDR_000491,PHN_05239,PHN_00470,2027-01-05T05:25:55,1315,TOW_002,18.977957,72.783489,TELCO_CDR_SYSTEM,True
CDR_000492,PHN_03328,PHN_02977,2027-06-03T08:36:22,1545,TOW_009,19.159256,72.83166,TELCO_CDR_SYSTEM,True
CDR_000493,PHN_05566,PHN_01311,2025-04-22T22:44:11,1748,TOW_001,19.135771,72.756003,TELCO_CDR_SYSTEM,True
CDR_000494,PHN_04978,PHN_05555,2026-04-24T12:50:10,81,TOW_013,19.06377,72.779958,TELCO_CDR_SYSTEM,True
CDR_000495,PHN_01035,PHN_00551,2027-05-12T08:46:44,1331,TOW_004,19.116197,72.757628,TELCO_CDR_SYSTEM,True
CDR_000496,PHN_03001,PHN_02967,2027-11-30T19:38:06,1171,TOW_007,19.097977,72.802906,TELCO_CDR_SYSTEM,True
CDR_000497,PHN_00266,PHN_04957,2027-01-13T04:41:41,931,TOW_003,19.15068,72.964123,TELCO_CDR_SYSTEM,True
CDR_000498,PHN_03039,PHN_03048,2027-04-19T21:42:28,167,TOW_008,18.991276,72.958632,TELCO_CDR_SYSTEM,True
CDR_000499,PHN_04702,PHN_01128,2026-02-12T08:35:03,825,TOW_009,19.159256,72.83166,TELCO_CDR_SYSTEM,True
CDR_000500,PHN_02576,PHN_05322,2025-09-26T03:56:08,242,TOW_005,18.967455,72.871285,TELCO_CDR_SYSTEM,True
