evidence_link_id,evidence_id,target_type,target_id,support_type,contribution_weight,synthetic_demo_record
EVL_REL_000001,EVI_CDR_CDR_000001,Relationship,REL_000001,Direct_Observation,1.0,True
EVL_REL_000002,EVI_CDR_CDR_000002,Relationship,REL_000002,Direct_Observation,1.0,True
EVL_REL_000003,EVI_CDR_CDR_000003,Relationship,REL_000003,Direct_Observation,1.0,True
EVL_REL_000004,EVI_CDR_CDR_000004,Relationship,REL_000004,Direct_Observation,1.0,True
EVL_REL_000005,EVI_CDR_CDR_000005,Relationship,REL_000005,Direct_Observation,1.0,True
EVL_REL_000006,EVI_CDR_CDR_000006,Relationship,REL_000006,Direct_Observation,1.0,True
EVL_REL_000007,EVI_CDR_CDR_000007,Relationship,REL_000007,Direct_Observation,1.0,True
EVL_REL_000008,EVI_CDR_CDR_000008,Relationship,REL_000008,Direct_Observation,1.0,True
EVL_REL_000009,EVI_CDR_CDR_000009,Relationship,REL_000009,Direct_Observation,1.0,True
EVL_REL_000010,EVI_CDR_CDR_000010,Relationship,REL_000010,Direct_Observation,1.0,True
EVL_REL_000011,EVI_CDR_CDR_000011,Relationship,REL_000011,Direct_Observation,1.0,True
EVL_REL_000012,EVI_CDR_CDR_000012,Relationship,REL_000012,Direct_Observation,1.0,True
EVL_REL_000013,EVI_CDR_CDR_000013,Relationship,REL_000013,Direct_Observation,1.0,True
EVL_REL_000014,EVI_CDR_CDR_000014,Relationship,REL_000014,Direct_Observation,1.0,True
EVL_REL_000015,EVI_CDR_CDR_000015,Relationship,REL_000015,Direct_Observation,1.0,True
EVL_REL_000016,EVI_CDR_CDR_000016,Relationship,REL_000016,Direct_Observation,1.0,True
EVL_REL_000017,EVI_CDR_CDR_000017,Relationship,REL_000017,Direct_Observation,1.0,True
EVL_REL_000018,EVI_CDR_CDR_000018,Relationship,REL_000018,Direct_Observation,1.0,True
EVL_REL_000019,EVI_CDR_CDR_000019,Relationship,REL_000019,Direct_Observation,1.0,True
EVL_REL_000020,EVI_CDR_CDR_000020,Relationship,REL_000020,Direct_Observation,1.0,True
EVL_REL_000021,EVI_CDR_CDR_000021,Relationship,REL_000021,Direct_Observation,1.0,True
EVL_REL_000022,EVI_CDR_CDR_000022,Relationship,REL_000022,Direct_Observation,1.0,True
EVL_REL_000023,EVI_CDR_CDR_000023,Relationship,REL_000023,Direct_Observation,1.0,True
EVL_REL_000024,EVI_CDR_CDR_000024,Relationship,REL_000024,Direct_Observation,1.0,True
EVL_REL_000025,EVI_CDR_CDR_000025,Relationship,REL_000025,Direct_Observation,1.0,True
EVL_REL_000026,EVI_CDR_CDR_000026,Relationship,REL_000026,Direct_Observation,1.0,True
EVL_REL_000027,EVI_CDR_CDR_000027,Relationship,REL_000027,Direct_Observation,1.0,True
EVL_REL_000028,EVI_CDR_CDR_000028,Relationship,REL_000028,Direct_Observation,1.0,True
EVL_REL_000029,EVI_CDR_CDR_000029,Relationship,REL_000029,Direct_Observation,1.0,True
EVL_REL_000030,EVI_CDR_CDR_000030,Relationship,REL_000030,Direct_Observation,1.0,True
EVL_REL_000031,EVI_CDR_CDR_000031,Relationship,REL_000031,Direct_Observation,1.0,True
EVL_REL_000032,EVI_CDR_CDR_000032,Relationship,REL_000032,Direct_Observation,1.0,True
EVL_REL_000033,EVI_CDR_CDR_000033,Relationship,REL_000033,Direct_Observation,1.0,True
EVL_REL_000034,EVI_CDR_CDR_000034,Relationship,REL_000034,Direct_Observation,1.0,True
EVL_REL_000035,EVI_CDR_CDR_000035,Relationship,REL_000035,Direct_Observation,1.0,True
EVL_REL_000036,EVI_CDR_CDR_000036,Relationship,REL_000036,Direct_Observation,1.0,True
EVL_REL_000037,EVI_CDR_CDR_000037,Relationship,REL_000037,Direct_Observation,1.0,True
EVL_REL_000038,EVI_CDR_CDR_000038,Relationship,REL_000038,Direct_Observation,1.0,True
EVL_REL_000039,EVI_CDR_CDR_000039,Relationship,REL_000039,Direct_Observation,1.0,True
EVL_REL_000040,EVI_CDR_CDR_000040,Relationship,REL_000040,Direct_Observation,1.0,True
EVL_REL_000041,EVI_CDR_CDR_000041,Relationship,REL_000041,Direct_Observation,1.0,True
EVL_REL_000042,EVI_CDR_CDR_000042,Relationship,REL_000042,Direct_Observation,1.0,True
EVL_REL_000043,EVI_CDR_CDR_000043,Relationship,REL_000043,Direct_Observation,1.0,True
EVL_REL_000044,EVI_CDR_CDR_000044,Relationship,REL_000044,Direct_Observation,1.0,True
EVL_REL_000045,EVI_CDR_CDR_000045,Relationship,REL_000045,Direct_Observation,1.0,True
EVL_REL_000046,EVI_CDR_CDR_000046,Relationship,REL_000046,Direct_Observation,1.0,True
EVL_REL_000047,EVI_CDR_CDR_000047,Relationship,REL_000047,Direct_Observation,1.0,True
EVL_REL_000048,EVI_CDR_CDR_000048,Relationship,REL_000048,Direct_Observation,1.0,True
EVL_REL_000049,EVI_CDR_CDR_000049,Relationship,REL_000049,Direct_Observation,1.0,True
EVL_REL_000050,EVI_CDR_CDR_000050,Relationship,REL_000050,Direct_Observation,1.0,True
EVL_REL_000051,EVI_CDR_CDR_000051,Relationship,REL_000051,Direct_Observation,1.0,True
EVL_REL_000052,EVI_CDR_CDR_000052,Relationship,REL_000052,Direct_Observation,1.0,True
EVL_REL_000053,EVI_CDR_CDR_000053,Relationship,REL_000053,Direct_Observation,1.0,True
EVL_REL_000054,EVI_CDR_CDR_000054,Relationship,REL_000054,Direct_Observation,1.0,True
EVL_REL_000055,EVI_CDR_CDR_000055,Relationship,REL_000055,Direct_Observation,1.0,True
EVL_REL_000056,EVI_CDR_CDR_000056,Relationship,REL_000056,Direct_Observation,1.0,True
EVL_REL_000057,EVI_CDR_CDR_000057,Relationship,REL_000057,Direct_Observation,1.0,True
EVL_REL_000058,EVI_CDR_CDR_000058,Relationship,REL_000058,Direct_Observation,1.0,True
EVL_REL_000059,EVI_CDR_CDR_000059,Relationship,REL_000059,Direct_Observation,1.0,True
EVL_REL_000060,EVI_CDR_CDR_000060,Relationship,REL_000060,Direct_Observation,1.0,True
EVL_REL_000061,EVI_CDR_CDR_000061,Relationship,REL_000061,Direct_Observation,1.0,True
EVL_REL_000062,EVI_CDR_CDR_000062,Relationship,REL_000062,Direct_Observation,1.0,True
EVL_REL_000063,EVI_CDR_CDR_000063,Relationship,REL_000063,Direct_Observation,1.0,True
EVL_REL_000064,EVI_CDR_CDR_000064,Relationship,REL_000064,Direct_Observation,1.0,True
EVL_REL_000065,EVI_CDR_CDR_000065,Relationship,REL_000065,Direct_Observation,1.0,True
EVL_REL_000066,EVI_CDR_CDR_000066,Relationship,REL_000066,Direct_Observation,1.0,True
EVL_REL_000067,EVI_CDR_CDR_000067,Relationship,REL_000067,Direct_Observation,1.0,True
EVL_REL_000068,EVI_CDR_CDR_000068,Relationship,REL_000068,Direct_Observation,1.0,True
EVL_REL_000069,EVI_CDR_CDR_000069,Relationship,REL_000069,Direct_Observation,1.0,True
EVL_REL_000070,EVI_CDR_CDR_000070,Relationship,REL_000070,Direct_Observation,1.0,True
EVL_REL_000071,EVI_CDR_CDR_000071,Relationship,REL_000071,Direct_Observation,1.0,True
EVL_REL_000072,EVI_CDR_CDR_000072,Relationship,REL_000072,Direct_Observation,1.0,True
EVL_REL_000073,EVI_CDR_CDR_000073,Relationship,REL_000073,Direct_Observation,1.0,True
EVL_REL_000074,EVI_CDR_CDR_000074,Relationship,REL_000074,Direct_Observation,1.0,True
EVL_REL_000075,EVI_CDR_CDR_000075,Relationship,REL_000075,Direct_Observation,1.0,True
EVL_REL_000076,EVI_CDR_CDR_000076,Relationship,REL_000076,Direct_Observation,1.0,True
EVL_REL_000077,EVI_CDR_CDR_000077,Relationship,REL_000077,Direct_Observation,1.0,True
EVL_REL_000078,EVI_CDR_CDR_000078,Relationship,REL_000078,Direct_Observation,1.0,True
EVL_REL_000079,EVI_CDR_CDR_000079,Relationship,REL_000079,Direct_Observation,1.0,True
EVL_REL_000080,EVI_CDR_CDR_000080,Relationship,REL_000080,Direct_Observation,1.0,True
EVL_REL_000081,EVI_CDR_CDR_000081,Relationship,REL_000081,Direct_Observation,1.0,True
EVL_REL_000082,EVI_CDR_CDR_000082,Relationship,REL_000082,Direct_Observation,1.0,True
EVL_REL_000083,EVI_CDR_CDR_000083,Relationship,REL_000083,Direct_Observation,1.0,True
EVL_REL_000084,EVI_CDR_CDR_000084,Relationship,REL_000084,Direct_Observation,1.0,True
EVL_REL_000085,EVI_CDR_CDR_000085,Relationship,REL_000085,Direct_Observation,1.0,True
EVL_REL_000086,EVI_CDR_CDR_000086,Relationship,REL_000086,Direct_Observation,1.0,True
EVL_REL_000087,EVI_CDR_CDR_000087,Relationship,REL_000087,Direct_Observation,1.0,True
EVL_REL_000088,EVI_CDR_CDR_000088,Relationship,REL_000088,Direct_Observation,1.0,True
EVL_REL_000089,EVI_CDR_CDR_000089,Relationship,REL_000089,Direct_Observation,1.0,True
EVL_REL_000090,EVI_CDR_CDR_000090,Relationship,REL_000090,Direct_Observation,1.0,True
EVL_REL_000091,EVI_CDR_CDR_000091,Relationship,REL_000091,Direct_Observation,1.0,True
EVL_REL_000092,EVI_CDR_CDR_000092,Relationship,REL_000092,Direct_Observation,1.0,True
EVL_REL_000093,EVI_CDR_CDR_000093,Relationship,REL_000093,Direct_Observation,1.0,True
EVL_REL_000094,EVI_CDR_CDR_000094,Relationship,REL_000094,Direct_Observation,1.0,True
EVL_REL_000095,EVI_CDR_CDR_000095,Relationship,REL_000095,Direct_Observation,1.0,True
EVL_REL_000096,EVI_CDR_CDR_000096,Relationship,REL_000096,Direct_Observation,1.0,True
EVL_REL_000097,EVI_CDR_CDR_000097,Relationship,REL_000097,Direct_Observation,1.0,True
EVL_REL_000098,EVI_CDR_CDR_000098,Relationship,REL_000098,Direct_Observation,1.0,True
EVL_REL_000099,EVI_CDR_CDR_000099,Relationship,REL_000099,Direct_Observation,1.0,True
EVL_REL_000100,EVI_CDR_CDR_000100,Relationship,REL_000100,Direct_Observation,1.0,True
EVL_REL_000101,EVI_CDR_CDR_000101,Relationship,REL_000101,Direct_Observation,1.0,True
EVL_REL_000102,EVI_CDR_CDR_000102,Relationship,REL_000102,Direct_Observation,1.0,True
EVL_REL_000103,EVI_CDR_CDR_000103,Relationship,REL_000103,Direct_Observation,1.0,True
EVL_REL_000104,EVI_CDR_CDR_000104,Relationship,REL_000104,Direct_Observation,1.0,True
EVL_REL_000105,EVI_CDR_CDR_000105,Relationship,REL_000105,Direct_Observation,1.0,True
EVL_REL_000106,EVI_CDR_CDR_000106,Relationship,REL_000106,Direct_Observation,1.0,True
EVL_REL_000107,EVI_CDR_CDR_000107,Relationship,REL_000107,Direct_Observation,1.0,True
EVL_REL_000108,EVI_CDR_CDR_000108,Relationship,REL_000108,Direct_Observation,1.0,True
EVL_REL_000109,EVI_CDR_CDR_000109,Relationship,REL_000109,Direct_Observation,1.0,True
EVL_REL_000110,EVI_CDR_CDR_000110,Relationship,REL_000110,Direct_Observation,1.0,True
EVL_REL_000111,EVI_CDR_CDR_000111,Relationship,REL_000111,Direct_Observation,1.0,True
EVL_REL_000112,EVI_CDR_CDR_000112,Relationship,REL_000112,Direct_Observation,1.0,True
EVL_REL_000113,EVI_CDR_CDR_000113,Relationship,REL_000113,Direct_Observation,1.0,True
EVL_REL_000114,EVI_CDR_CDR_000114,Relationship,REL_000114,Direct_Observation,1.0,True
EVL_REL_000115,EVI_CDR_CDR_000115,Relationship,REL_000115,Direct_Observation,1.0,True
EVL_REL_000116,EVI_CDR_CDR_000116,Relationship,REL_000116,Direct_Observation,1.0,True
EVL_REL_000117,EVI_CDR_CDR_000117,Relationship,REL_000117,Direct_Observation,1.0,True
EVL_REL_000118,EVI_CDR_CDR_000118,Relationship,REL_000118,Direct_Observation,1.0,True
EVL_REL_000119,EVI_CDR_CDR_000119,Relationship,REL_000119,Direct_Observation,1.0,True
EVL_REL_000120,EVI_CDR_CDR_000120,Relationship,REL_000120,Direct_Observation,1.0,True
EVL_REL_000121,EVI_CDR_CDR_000121,Relationship,REL_000121,Direct_Observation,1.0,True
EVL_REL_000122,EVI_CDR_CDR_000122,Relationship,REL_000122,Direct_Observation,1.0,True
EVL_REL_000123,EVI_CDR_CDR_000123,Relationship,REL_000123,Direct_Observation,1.0,True
EVL_REL_000124,EVI_CDR_CDR_000124,Relationship,REL_000124,Direct_Observation,1.0,True
EVL_REL_000125,EVI_CDR_CDR_000125,Relationship,REL_000125,Direct_Observation,1.0,True
EVL_REL_000126,EVI_CDR_CDR_000126,Relationship,REL_000126,Direct_Observation,1.0,True
EVL_REL_000127,EVI_CDR_CDR_000127,Relationship,REL_000127,Direct_Observation,1.0,True
EVL_REL_000128,EVI_CDR_CDR_000128,Relationship,REL_000128,Direct_Observation,1.0,True
EVL_REL_000129,EVI_CDR_CDR_000129,Relationship,REL_000129,Direct_Observation,1.0,True
EVL_REL_000130,EVI_CDR_CDR_000130,Relationship,REL_000130,Direct_Observation,1.0,True
EVL_REL_000131,EVI_CDR_CDR_000131,Relationship,REL_000131,Direct_Observation,1.0,True
EVL_REL_000132,EVI_CDR_CDR_000132,Relationship,REL_000132,Direct_Observation,1.0,True
EVL_REL_000133,EVI_CDR_CDR_000133,Relationship,REL_000133,Direct_Observation,1.0,True
EVL_REL_000134,EVI_CDR_CDR_000134,Relationship,REL_000134,Direct_Observation,1.0,True
EVL_REL_000135,EVI_CDR_CDR_000135,Relationship,REL_000135,Direct_Observation,1.0,True
EVL_REL_000136,EVI_CDR_CDR_000136,Relationship,REL_000136,Direct_Observation,1.0,True
EVL_REL_000137,EVI_CDR_CDR_000137,Relationship,REL_000137,Direct_Observation,1.0,True
EVL_REL_000138,EVI_CDR_CDR_000138,Relationship,REL_000138,Direct_Observation,1.0,True
EVL_REL_000139,EVI_CDR_CDR_000139,Relationship,REL_000139,Direct_Observation,1.0,True
EVL_REL_000140,EVI_CDR_CDR_000140,Relationship,REL_000140,Direct_Observation,1.0,True
EVL_REL_000141,EVI_CDR_CDR_000141,Relationship,REL_000141,Direct_Observation,1.0,True
EVL_REL_000142,EVI_CDR_CDR_000142,Relationship,REL_000142,Direct_Observation,1.0,True
EVL_REL_000143,EVI_CDR_CDR_000143,Relationship,REL_000143,Direct_Observation,1.0,True
EVL_REL_000144,EVI_CDR_CDR_000144,Relationship,REL_000144,Direct_Observation,1.0,True
EVL_REL_000145,EVI_CDR_CDR_000145,Relationship,REL_000145,Direct_Observation,1.0,True
EVL_REL_000146,EVI_CDR_CDR_000146,Relationship,REL_000146,Direct_Observation,1.0,True
EVL_REL_000147,EVI_CDR_CDR_000147,Relationship,REL_000147,Direct_Observation,1.0,True
EVL_REL_000148,EVI_CDR_CDR_000148,Relationship,REL_000148,Direct_Observation,1.0,True
EVL_REL_000149,EVI_CDR_CDR_000149,Relationship,REL_000149,Direct_Observation,1.0,True
EVL_REL_000150,EVI_CDR_CDR_000150,Relationship,REL_000150,Direct_Observation,1.0,True
EVL_REL_000151,EVI_CDR_CDR_000151,Relationship,REL_000151,Direct_Observation,1.0,True
EVL_REL_000152,EVI_CDR_CDR_000152,Relationship,REL_000152,Direct_Observation,1.0,True
EVL_REL_000153,EVI_CDR_CDR_000153,Relationship,REL_000153,Direct_Observation,1.0,True
EVL_REL_000154,EVI_CDR_CDR_000154,Relationship,REL_000154,Direct_Observation,1.0,True
EVL_REL_000155,EVI_CDR_CDR_000155,Relationship,REL_000155,Direct_Observation,1.0,True
EVL_REL_000156,EVI_CDR_CDR_000156,Relationship,REL_000156,Direct_Observation,1.0,True
EVL_REL_000157,EVI_CDR_CDR_000157,Relationship,REL_000157,Direct_Observation,1.0,True
EVL_REL_000158,EVI_CDR_CDR_000158,Relationship,REL_000158,Direct_Observation,1.0,True
EVL_REL_000159,EVI_CDR_CDR_000159,Relationship,REL_000159,Direct_Observation,1.0,True
EVL_REL_000160,EVI_CDR_CDR_000160,Relationship,REL_000160,Direct_Observation,1.0,True
EVL_REL_000161,EVI_CDR_CDR_000161,Relationship,REL_000161,Direct_Observation,1.0,True
EVL_REL_000162,EVI_CDR_CDR_000162,Relationship,REL_000162,Direct_Observation,1.0,True
EVL_REL_000163,EVI_CDR_CDR_000163,Relationship,REL_000163,Direct_Observation,1.0,True
EVL_REL_000164,EVI_CDR_CDR_000164,Relationship,REL_000164,Direct_Observation,1.0,True
EVL_REL_000165,EVI_CDR_CDR_000165,Relationship,REL_000165,Direct_Observation,1.0,True
EVL_REL_000166,EVI_CDR_CDR_000166,Relationship,REL_000166,Direct_Observation,1.0,True
EVL_REL_000167,EVI_CDR_CDR_000167,Relationship,REL_000167,Direct_Observation,1.0,True
EVL_REL_000168,EVI_CDR_CDR_000168,Relationship,REL_000168,Direct_Observation,1.0,True
EVL_REL_000169,EVI_CDR_CDR_000169,Relationship,REL_000169,Direct_Observation,1.0,True
EVL_REL_000170,EVI_CDR_CDR_000170,Relationship,REL_000170,Direct_Observation,1.0,True
EVL_REL_000171,EVI_CDR_CDR_000171,Relationship,REL_000171,Direct_Observation,1.0,True
EVL_REL_000172,EVI_CDR_CDR_000172,Relationship,REL_000172,Direct_Observation,1.0,True
EVL_REL_000173,EVI_CDR_CDR_000173,Relationship,REL_000173,Direct_Observation,1.0,True
EVL_REL_000174,EVI_CDR_CDR_000174,Relationship,REL_000174,Direct_Observation,1.0,True
EVL_REL_000175,EVI_CDR_CDR_000175,Relationship,REL_000175,Direct_Observation,1.0,True
EVL_REL_000176,EVI_CDR_CDR_000176,Relationship,REL_000176,Direct_Observation,1.0,True
EVL_REL_000177,EVI_CDR_CDR_000177,Relationship,REL_000177,Direct_Observation,1.0,True
EVL_REL_000178,EVI_CDR_CDR_000178,Relationship,REL_000178,Direct_Observation,1.0,True
EVL_REL_000179,EVI_CDR_CDR_000179,Relationship,REL_000179,Direct_Observation,1.0,True
EVL_REL_000180,EVI_CDR_CDR_000180,Relationship,REL_000180,Direct_Observation,1.0,True
EVL_REL_000181,EVI_CDR_CDR_000181,Relationship,REL_000181,Direct_Observation,1.0,True
EVL_REL_000182,EVI_CDR_CDR_000182,Relationship,REL_000182,Direct_Observation,1.0,True
EVL_REL_000183,EVI_CDR_CDR_000183,Relationship,REL_000183,Direct_Observation,1.0,True
EVL_REL_000184,EVI_CDR_CDR_000184,Relationship,REL_000184,Direct_Observation,1.0,True
EVL_REL_000185,EVI_CDR_CDR_000185,Relationship,REL_000185,Direct_Observation,1.0,True
EVL_REL_000186,EVI_CDR_CDR_000186,Relationship,REL_000186,Direct_Observation,1.0,True
EVL_REL_000187,EVI_CDR_CDR_000187,Relationship,REL_000187,Direct_Observation,1.0,True
EVL_REL_000188,EVI_CDR_CDR_000188,Relationship,REL_000188,Direct_Observation,1.0,True
EVL_REL_000189,EVI_CDR_CDR_000189,Relationship,REL_000189,Direct_Observation,1.0,True
EVL_REL_000190,EVI_CDR_CDR_000190,Relationship,REL_000190,Direct_Observation,1.0,True
EVL_REL_000191,EVI_CDR_CDR_000191,Relationship,REL_000191,Direct_Observation,1.0,True
EVL_REL_000192,EVI_CDR_CDR_000192,Relationship,REL_000192,Direct_Observation,1.0,True
EVL_REL_000193,EVI_CDR_CDR_000193,Relationship,REL_000193,Direct_Observation,1.0,True
EVL_REL_000194,EVI_CDR_CDR_000194,Relationship,REL_000194,Direct_Observation,1.0,True
EVL_REL_000195,EVI_CDR_CDR_000195,Relationship,REL_000195,Direct_Observation,1.0,True
EVL_REL_000196,EVI_CDR_CDR_000196,Relationship,REL_000196,Direct_Observation,1.0,True
EVL_REL_000197,EVI_CDR_CDR_000197,Relationship,REL_000197,Direct_Observation,1.0,True
EVL_REL_000198,EVI_CDR_CDR_000198,Relationship,REL_000198,Direct_Observation,1.0,True
EVL_REL_000199,EVI_CDR_CDR_000199,Relationship,REL_000199,Direct_Observation,1.0,True
EVL_REL_000200,EVI_CDR_CDR_000200,Relationship,REL_000200,Direct_Observation,1.0,True
EVL_REL_000201,EVI_CDR_CDR_000201,Relationship,REL_000201,Direct_Observation,1.0,True
EVL_REL_000202,EVI_CDR_CDR_000202,Relationship,REL_000202,Direct_Observation,1.0,True
EVL_REL_000203,EVI_CDR_CDR_000203,Relationship,REL_000203,Direct_Observation,1.0,True
EVL_REL_000204,EVI_CDR_CDR_000204,Relationship,REL_000204,Direct_Observation,1.0,True
EVL_REL_000205,EVI_CDR_CDR_000205,Relationship,REL_000205,Direct_Observation,1.0,True
EVL_REL_000206,EVI_CDR_CDR_000206,Relationship,REL_000206,Direct_Observation,1.0,True
EVL_REL_000207,EVI_CDR_CDR_000207,Relationship,REL_000207,Direct_Observation,1.0,True
EVL_REL_000208,EVI_CDR_CDR_000208,Relationship,REL_000208,Direct_Observation,1.0,True
EVL_REL_000209,EVI_CDR_CDR_000209,Relationship,REL_000209,Direct_Observation,1.0,True
EVL_REL_000210,EVI_CDR_CDR_000210,Relationship,REL_000210,Direct_Observation,1.0,True
EVL_REL_000211,EVI_CDR_CDR_000211,Relationship,REL_000211,Direct_Observation,1.0,True
EVL_REL_000212,EVI_CDR_CDR_000212,Relationship,REL_000212,Direct_Observation,1.0,True
EVL_REL_000213,EVI_CDR_CDR_000213,Relationship,REL_000213,Direct_Observation,1.0,True
EVL_REL_000214,EVI_CDR_CDR_000214,Relationship,REL_000214,Direct_Observation,1.0,True
EVL_REL_000215,EVI_CDR_CDR_000215,Relationship,REL_000215,Direct_Observation,1.0,True
EVL_REL_000216,EVI_CDR_CDR_000216,Relationship,REL_000216,Direct_Observation,1.0,True
EVL_REL_000217,EVI_CDR_CDR_000217,Relationship,REL_000217,Direct_Observation,1.0,True
EVL_REL_000218,EVI_CDR_CDR_000218,Relationship,REL_000218,Direct_Observation,1.0,True
EVL_REL_000219,EVI_CDR_CDR_000219,Relationship,REL_000219,Direct_Observation,1.0,True
EVL_REL_000220,EVI_CDR_CDR_000220,Relationship,REL_000220,Direct_Observation,1.0,True
EVL_REL_000221,EVI_CDR_CDR_000221,Relationship,REL_000221,Direct_Observation,1.0,True
EVL_REL_000222,EVI_CDR_CDR_000222,Relationship,REL_000222,Direct_Observation,1.0,True
EVL_REL_000223,EVI_CDR_CDR_000223,Relationship,REL_000223,Direct_Observation,1.0,True
EVL_REL_000224,EVI_CDR_CDR_000224,Relationship,REL_000224,Direct_Observation,1.0,True
EVL_REL_000225,EVI_CDR_CDR_000225,Relationship,REL_000225,Direct_Observation,1.0,True
EVL_REL_000226,EVI_CDR_CDR_000226,Relationship,REL_000226,Direct_Observation,1.0,True
EVL_REL_000227,EVI_CDR_CDR_000227,Relationship,REL_000227,Direct_Observation,1.0,True
EVL_REL_000228,EVI_CDR_CDR_000228,Relationship,REL_000228,Direct_Observation,1.0,True
EVL_REL_000229,EVI_CDR_CDR_000229,Relationship,REL_000229,Direct_Observation,1.0,True
EVL_REL_000230,EVI_CDR_CDR_000230,Relationship,REL_000230,Direct_Observation,1.0,True
EVL_REL_000231,EVI_CDR_CDR_000231,Relationship,REL_000231,Direct_Observation,1.0,True
EVL_REL_000232,EVI_CDR_CDR_000232,Relationship,REL_000232,Direct_Observation,1.0,True
EVL_REL_000233,EVI_CDR_CDR_000233,Relationship,REL_000233,Direct_Observation,1.0,True
EVL_REL_000234,EVI_CDR_CDR_000234,Relationship,REL_000234,Direct_Observation,1.0,True
EVL_REL_000235,EVI_CDR_CDR_000235,Relationship,REL_000235,Direct_Observation,1.0,True
EVL_REL_000236,EVI_CDR_CDR_000236,Relationship,REL_000236,Direct_Observation,1.0,True
EVL_REL_000237,EVI_CDR_CDR_000237,Relationship,REL_000237,Direct_Observation,1.0,True
EVL_REL_000238,EVI_CDR_CDR_000238,Relationship,REL_000238,Direct_Observation,1.0,True
EVL_REL_000239,EVI_CDR_CDR_000239,Relationship,REL_000239,Direct_Observation,1.0,True
EVL_REL_000240,EVI_CDR_CDR_000240,Relationship,REL_000240,Direct_Observation,1.0,True
EVL_REL_000241,EVI_CDR_CDR_000241,Relationship,REL_000241,Direct_Observation,1.0,True
EVL_REL_000242,EVI_CDR_CDR_000242,Relationship,REL_000242,Direct_Observation,1.0,True
EVL_REL_000243,EVI_CDR_CDR_000243,Relationship,REL_000243,Direct_Observation,1.0,True
EVL_REL_000244,EVI_CDR_CDR_000244,Relationship,REL_000244,Direct_Observation,1.0,True
EVL_REL_000245,EVI_CDR_CDR_000245,Relationship,REL_000245,Direct_Observation,1.0,True
EVL_REL_000246,EVI_CDR_CDR_000246,Relationship,REL_000246,Direct_Observation,1.0,True
EVL_REL_000247,EVI_CDR_CDR_000247,Relationship,REL_000247,Direct_Observation,1.0,True
EVL_REL_000248,EVI_CDR_CDR_000248,Relationship,REL_000248,Direct_Observation,1.0,True
EVL_REL_000249,EVI_CDR_CDR_000249,Relationship,REL_000249,Direct_Observation,1.0,True
EVL_REL_000250,EVI_CDR_CDR_000250,Relationship,REL_000250,Direct_Observation,1.0,True
EVL_REL_000251,EVI_CDR_CDR_000251,Relationship,REL_000251,Direct_Observation,1.0,True
EVL_REL_000252,EVI_CDR_CDR_000252,Relationship,REL_000252,Direct_Observation,1.0,True
EVL_REL_000253,EVI_CDR_CDR_000253,Relationship,REL_000253,Direct_Observation,1.0,True
EVL_REL_000254,EVI_CDR_CDR_000254,Relationship,REL_000254,Direct_Observation,1.0,True
EVL_REL_000255,EVI_CDR_CDR_000255,Relationship,REL_000255,Direct_Observation,1.0,True
EVL_REL_000256,EVI_CDR_CDR_000256,Relationship,REL_000256,Direct_Observation,1.0,True
EVL_REL_000257,EVI_CDR_CDR_000257,Relationship,REL_000257,Direct_Observation,1.0,True
EVL_REL_000258,EVI_CDR_CDR_000258,Relationship,REL_000258,Direct_Observation,1.0,True
EVL_REL_000259,EVI_CDR_CDR_000259,Relationship,REL_000259,Direct_Observation,1.0,True
EVL_REL_000260,EVI_CDR_CDR_000260,Relationship,REL_000260,Direct_Observation,1.0,True
EVL_REL_000261,EVI_CDR_CDR_000261,Relationship,REL_000261,Direct_Observation,1.0,True
EVL_REL_000262,EVI_CDR_CDR_000262,Relationship,REL_000262,Direct_Observation,1.0,True
EVL_REL_000263,EVI_CDR_CDR_000263,Relationship,REL_000263,Direct_Observation,1.0,True
EVL_REL_000264,EVI_CDR_CDR_000264,Relationship,REL_000264,Direct_Observation,1.0,True
EVL_REL_000265,EVI_CDR_CDR_000265,Relationship,REL_000265,Direct_Observation,1.0,True
EVL_REL_000266,EVI_CDR_CDR_000266,Relationship,REL_000266,Direct_Observation,1.0,True
EVL_REL_000267,EVI_CDR_CDR_000267,Relationship,REL_000267,Direct_Observation,1.0,True
EVL_REL_000268,EVI_CDR_CDR_000268,Relationship,REL_000268,Direct_Observation,1.0,True
EVL_REL_000269,EVI_CDR_CDR_000269,Relationship,REL_000269,Direct_Observation,1.0,True
EVL_REL_000270,EVI_CDR_CDR_000270,Relationship,REL_000270,Direct_Observation,1.0,True
EVL_REL_000271,EVI_CDR_CDR_000271,Relationship,REL_000271,Direct_Observation,1.0,True
EVL_REL_000272,EVI_CDR_CDR_000272,Relationship,REL_000272,Direct_Observation,1.0,True
EVL_REL_000273,EVI_CDR_CDR_000273,Relationship,REL_000273,Direct_Observation,1.0,True
EVL_REL_000274,EVI_CDR_CDR_000274,Relationship,REL_000274,Direct_Observation,1.0,True
EVL_REL_000275,EVI_CDR_CDR_000275,Relationship,REL_000275,Direct_Observation,1.0,True
EVL_REL_000276,EVI_CDR_CDR_000276,Relationship,REL_000276,Direct_Observation,1.0,True
EVL_REL_000277,EVI_CDR_CDR_000277,Relationship,REL_000277,Direct_Observation,1.0,True
EVL_REL_000278,EVI_CDR_CDR_000278,Relationship,REL_000278,Direct_Observation,1.0,True
EVL_REL_000279,EVI_CDR_CDR_000279,Relationship,REL_000279,Direct_Observation,1.0,True
EVL_REL_000280,EVI_CDR_CDR_000280,Relationship,REL_000280,Direct_Observation,1.0,True
EVL_REL_000281,EVI_CDR_CDR_000281,Relationship,REL_000281,Direct_Observation,1.0,True
EVL_REL_000282,EVI_CDR_CDR_000282,Relationship,REL_000282,Direct_Observation,1.0,True
EVL_REL_000283,EVI_CDR_CDR_000283,Relationship,REL_000283,Direct_Observation,1.0,True
EVL_REL_000284,EVI_CDR_CDR_000284,Relationship,REL_000284,Direct_Observation,1.0,True
EVL_REL_000285,EVI_CDR_CDR_000285,Relationship,REL_000285,Direct_Observation,1.0,True
EVL_REL_000286,EVI_CDR_CDR_000286,Relationship,REL_000286,Direct_Observation,1.0,True
EVL_REL_000287,EVI_CDR_CDR_000287,Relationship,REL_000287,Direct_Observation,1.0,True
EVL_REL_000288,EVI_CDR_CDR_000288,Relationship,REL_000288,Direct_Observation,1.0,True
EVL_REL_000289,EVI_CDR_CDR_000289,Relationship,REL_000289,Direct_Observation,1.0,True
EVL_REL_000290,EVI_CDR_CDR_000290,Relationship,REL_000290,Direct_Observation,1.0,True
EVL_REL_000291,EVI_CDR_CDR_000291,Relationship,REL_000291,Direct_Observation,1.0,True
EVL_REL_000292,EVI_CDR_CDR_000292,Relationship,REL_000292,Direct_Observation,1.0,True
EVL_REL_000293,EVI_CDR_CDR_000293,Relationship,REL_000293,Direct_Observation,1.0,True
EVL_REL_000294,EVI_CDR_CDR_000294,Relationship,REL_000294,Direct_Observation,1.0,True
EVL_REL_000295,EVI_CDR_CDR_000295,Relationship,REL_000295,Direct_Observation,1.0,True
EVL_REL_000296,EVI_CDR_CDR_000296,Relationship,REL_000296,Direct_Observation,1.0,True
EVL_REL_000297,EVI_CDR_CDR_000297,Relationship,REL_000297,Direct_Observation,1.0,True
EVL_REL_000298,EVI_CDR_CDR_000298,Relationship,REL_000298,Direct_Observation,1.0,True
EVL_REL_000299,EVI_CDR_CDR_000299,Relationship,REL_000299,Direct_Observation,1.0,True
EVL_REL_000300,EVI_CDR_CDR_000300,Relationship,REL_000300,Direct_Observation,1.0,True
EVL_REL_000301,EVI_CDR_CDR_000301,Relationship,REL_000301,Direct_Observation,1.0,True
EVL_REL_000302,EVI_CDR_CDR_000302,Relationship,REL_000302,Direct_Observation,1.0,True
EVL_REL_000303,EVI_CDR_CDR_000303,Relationship,REL_000303,Direct_Observation,1.0,True
EVL_REL_000304,EVI_CDR_CDR_000304,Relationship,REL_000304,Direct_Observation,1.0,True
EVL_REL_000305,EVI_CDR_CDR_000305,Relationship,REL_000305,Direct_Observation,1.0,True
EVL_REL_000306,EVI_CDR_CDR_000306,Relationship,REL_000306,Direct_Observation,1.0,True
EVL_REL_000307,EVI_CDR_CDR_000307,Relationship,REL_000307,Direct_Observation,1.0,True
EVL_REL_000308,EVI_CDR_CDR_000308,Relationship,REL_000308,Direct_Observation,1.0,True
EVL_REL_000309,EVI_CDR_CDR_000309,Relationship,REL_000309,Direct_Observation,1.0,True
EVL_REL_000310,EVI_CDR_CDR_000310,Relationship,REL_000310,Direct_Observation,1.0,True
EVL_REL_000311,EVI_CDR_CDR_000311,Relationship,REL_000311,Direct_Observation,1.0,True
EVL_REL_000312,EVI_CDR_CDR_000312,Relationship,REL_000312,Direct_Observation,1.0,True
EVL_REL_000313,EVI_CDR_CDR_000313,Relationship,REL_000313,Direct_Observation,1.0,True
EVL_REL_000314,EVI_CDR_CDR_000314,Relationship,REL_000314,Direct_Observation,1.0,True
EVL_REL_000315,EVI_CDR_CDR_000315,Relationship,REL_000315,Direct_Observation,1.0,True
EVL_REL_000316,EVI_CDR_CDR_000316,Relationship,REL_000316,Direct_Observation,1.0,True
EVL_REL_000317,EVI_CDR_CDR_000317,Relationship,REL_000317,Direct_Observation,1.0,True
EVL_REL_000318,EVI_CDR_CDR_000318,Relationship,REL_000318,Direct_Observation,1.0,True
EVL_REL_000319,EVI_CDR_CDR_000319,Relationship,REL_000319,Direct_Observation,1.0,True
EVL_REL_000320,EVI_CDR_CDR_000320,Relationship,REL_000320,Direct_Observation,1.0,True
EVL_REL_000321,EVI_CDR_CDR_000321,Relationship,REL_000321,Direct_Observation,1.0,True
EVL_REL_000322,EVI_CDR_CDR_000322,Relationship,REL_000322,Direct_Observation,1.0,True
EVL_REL_000323,EVI_CDR_CDR_000323,Relationship,REL_000323,Direct_Observation,1.0,True
EVL_REL_000324,EVI_CDR_CDR_000324,Relationship,REL_000324,Direct_Observation,1.0,True
EVL_REL_000325,EVI_CDR_CDR_000325,Relationship,REL_000325,Direct_Observation,1.0,True
EVL_REL_000326,EVI_CDR_CDR_000326,Relationship,REL_000326,Direct_Observation,1.0,True
EVL_REL_000327,EVI_CDR_CDR_000327,Relationship,REL_000327,Direct_Observation,1.0,True
EVL_REL_000328,EVI_CDR_CDR_000328,Relationship,REL_000328,Direct_Observation,1.0,True
EVL_REL_000329,EVI_CDR_CDR_000329,Relationship,REL_000329,Direct_Observation,1.0,True
EVL_REL_000330,EVI_CDR_CDR_000330,Relationship,REL_000330,Direct_Observation,1.0,True
EVL_REL_000331,EVI_CDR_CDR_000331,Relationship,REL_000331,Direct_Observation,1.0,True
EVL_REL_000332,EVI_CDR_CDR_000332,Relationship,REL_000332,Direct_Observation,1.0,True
EVL_REL_000333,EVI_CDR_CDR_000333,Relationship,REL_000333,Direct_Observation,1.0,True
EVL_REL_000334,EVI_CDR_CDR_000334,Relationship,REL_000334,Direct_Observation,1.0,True
EVL_REL_000335,EVI_CDR_CDR_000335,Relationship,REL_000335,Direct_Observation,1.0,True
EVL_REL_000336,EVI_CDR_CDR_000336,Relationship,REL_000336,Direct_Observation,1.0,True
EVL_REL_000337,EVI_CDR_CDR_000337,Relationship,REL_000337,Direct_Observation,1.0,True
EVL_REL_000338,EVI_CDR_CDR_000338,Relationship,REL_000338,Direct_Observation,1.0,True
EVL_REL_000339,EVI_CDR_CDR_000339,Relationship,REL_000339,Direct_Observation,1.0,True
EVL_REL_000340,EVI_CDR_CDR_000340,Relationship,REL_000340,Direct_Observation,1.0,True
EVL_REL_000341,EVI_CDR_CDR_000341,Relationship,REL_000341,Direct_Observation,1.0,True
EVL_REL_000342,EVI_CDR_CDR_000342,Relationship,REL_000342,Direct_Observation,1.0,True
EVL_REL_000343,EVI_CDR_CDR_000343,Relationship,REL_000343,Direct_Observation,1.0,True
EVL_REL_000344,EVI_CDR_CDR_000344,Relationship,REL_000344,Direct_Observation,1.0,True
EVL_REL_000345,EVI_CDR_CDR_000345,Relationship,REL_000345,Direct_Observation,1.0,True
EVL_REL_000346,EVI_CDR_CDR_000346,Relationship,REL_000346,Direct_Observation,1.0,True
EVL_REL_000347,EVI_CDR_CDR_000347,Relationship,REL_000347,Direct_Observation,1.0,True
EVL_REL_000348,EVI_CDR_CDR_000348,Relationship,REL_000348,Direct_Observation,1.0,True
EVL_REL_000349,EVI_CDR_CDR_000349,Relationship,REL_000349,Direct_Observation,1.0,True
EVL_REL_000350,EVI_CDR_CDR_000350,Relationship,REL_000350,Direct_Observation,1.0,True
EVL_REL_000351,EVI_CDR_CDR_000351,Relationship,REL_000351,Direct_Observation,1.0,True
EVL_REL_000352,EVI_CDR_CDR_000352,Relationship,REL_000352,Direct_Observation,1.0,True
EVL_REL_000353,EVI_CDR_CDR_000353,Relationship,REL_000353,Direct_Observation,1.0,True
EVL_REL_000354,EVI_CDR_CDR_000354,Relationship,REL_000354,Direct_Observation,1.0,True
EVL_REL_000355,EVI_CDR_CDR_000355,Relationship,REL_000355,Direct_Observation,1.0,True
EVL_REL_000356,EVI_CDR_CDR_000356,Relationship,REL_000356,Direct_Observation,1.0,True
EVL_REL_000357,EVI_CDR_CDR_000357,Relationship,REL_000357,Direct_Observation,1.0,True
EVL_REL_000358,EVI_CDR_CDR_000358,Relationship,REL_000358,Direct_Observation,1.0,True
EVL_REL_000359,EVI_CDR_CDR_000359,Relationship,REL_000359,Direct_Observation,1.0,True
EVL_REL_000360,EVI_CDR_CDR_000360,Relationship,REL_000360,Direct_Observation,1.0,True
EVL_REL_000361,EVI_CDR_CDR_000361,Relationship,REL_000361,Direct_Observation,1.0,True
EVL_REL_000362,EVI_CDR_CDR_000362,Relationship,REL_000362,Direct_Observation,1.0,True
EVL_REL_000363,EVI_CDR_CDR_000363,Relationship,REL_000363,Direct_Observation,1.0,True
EVL_REL_000364,EVI_CDR_CDR_000364,Relationship,REL_000364,Direct_Observation,1.0,True
EVL_REL_000365,EVI_CDR_CDR_000365,Relationship,REL_000365,Direct_Observation,1.0,True
EVL_REL_000366,EVI_CDR_CDR_000366,Relationship,REL_000366,Direct_Observation,1.0,True
EVL_REL_000367,EVI_CDR_CDR_000367,Relationship,REL_000367,Direct_Observation,1.0,True
EVL_REL_000368,EVI_CDR_CDR_000368,Relationship,REL_000368,Direct_Observation,1.0,True
EVL_REL_000369,EVI_CDR_CDR_000369,Relationship,REL_000369,Direct_Observation,1.0,True
EVL_REL_000370,EVI_CDR_CDR_000370,Relationship,REL_000370,Direct_Observation,1.0,True
EVL_REL_000371,EVI_CDR_CDR_000371,Relationship,REL_000371,Direct_Observation,1.0,True
EVL_REL_000372,EVI_CDR_CDR_000372,Relationship,REL_000372,Direct_Observation,1.0,True
EVL_REL_000373,EVI_CDR_CDR_000373,Relationship,REL_000373,Direct_Observation,1.0,True
EVL_REL_000374,EVI_CDR_CDR_000374,Relationship,REL_000374,Direct_Observation,1.0,True
EVL_REL_000375,EVI_CDR_CDR_000375,Relationship,REL_000375,Direct_Observation,1.0,True
EVL_REL_000376,EVI_CDR_CDR_000376,Relationship,REL_000376,Direct_Observation,1.0,True
EVL_REL_000377,EVI_CDR_CDR_000377,Relationship,REL_000377,Direct_Observation,1.0,True
EVL_REL_000378,EVI_CDR_CDR_000378,Relationship,REL_000378,Direct_Observation,1.0,True
EVL_REL_000379,EVI_CDR_CDR_000379,Relationship,REL_000379,Direct_Observation,1.0,True
EVL_REL_000380,EVI_CDR_CDR_000380,Relationship,REL_000380,Direct_Observation,1.0,True
EVL_REL_000381,EVI_CDR_CDR_000381,Relationship,REL_000381,Direct_Observation,1.0,True
EVL_REL_000382,EVI_CDR_CDR_000382,Relationship,REL_000382,Direct_Observation,1.0,True
EVL_REL_000383,EVI_CDR_CDR_000383,Relationship,REL_000383,Direct_Observation,1.0,True
EVL_REL_000384,EVI_CDR_CDR_000384,Relationship,REL_000384,Direct_Observation,1.0,True
EVL_REL_000385,EVI_CDR_CDR_000385,Relationship,REL_000385,Direct_Observation,1.0,True
EVL_REL_000386,EVI_CDR_CDR_000386,Relationship,REL_000386,Direct_Observation,1.0,True
EVL_REL_000387,EVI_CDR_CDR_000387,Relationship,REL_000387,Direct_Observation,1.0,True
EVL_REL_000388,EVI_CDR_CDR_000388,Relationship,REL_000388,Direct_Observation,1.0,True
EVL_REL_000389,EVI_CDR_CDR_000389,Relationship,REL_000389,Direct_Observation,1.0,True
EVL_REL_000390,EVI_CDR_CDR_000390,Relationship,REL_000390,Direct_Observation,1.0,True
EVL_REL_000391,EVI_CDR_CDR_000391,Relationship,REL_000391,Direct_Observation,1.0,True
EVL_REL_000392,EVI_CDR_CDR_000392,Relationship,REL_000392,Direct_Observation,1.0,True
EVL_REL_000393,EVI_CDR_CDR_000393,Relationship,REL_000393,Direct_Observation,1.0,True
EVL_REL_000394,EVI_CDR_CDR_000394,Relationship,REL_000394,Direct_Observation,1.0,True
EVL_REL_000395,EVI_CDR_CDR_000395,Relationship,REL_000395,Direct_Observation,1.0,True
EVL_REL_000396,EVI_CDR_CDR_000396,Relationship,REL_000396,Direct_Observation,1.0,True
EVL_REL_000397,EVI_CDR_CDR_000397,Relationship,REL_000397,Direct_Observation,1.0,True
EVL_REL_000398,EVI_CDR_CDR_000398,Relationship,REL_000398,Direct_Observation,1.0,True
EVL_REL_000399,EVI_CDR_CDR_000399,Relationship,REL_000399,Direct_Observation,1.0,True
EVL_REL_000400,EVI_CDR_CDR_000400,Relationship,REL_000400,Direct_Observation,1.0,True
EVL_REL_000401,EVI_CDR_CDR_000401,Relationship,REL_000401,Direct_Observation,1.0,True
EVL_REL_000402,EVI_CDR_CDR_000402,Relationship,REL_000402,Direct_Observation,1.0,True
EVL_REL_000403,EVI_CDR_CDR_000403,Relationship,REL_000403,Direct_Observation,1.0,True
EVL_REL_000404,EVI_CDR_CDR_000404,Relationship,REL_000404,Direct_Observation,1.0,True
EVL_REL_000405,EVI_CDR_CDR_000405,Relationship,REL_000405,Direct_Observation,1.0,True
EVL_REL_000406,EVI_CDR_CDR_000406,Relationship,REL_000406,Direct_Observation,1.0,True
EVL_REL_000407,EVI_CDR_CDR_000407,Relationship,REL_000407,Direct_Observation,1.0,True
EVL_REL_000408,EVI_CDR_CDR_000408,Relationship,REL_000408,Direct_Observation,1.0,True
EVL_REL_000409,EVI_CDR_CDR_000409,Relationship,REL_000409,Direct_Observation,1.0,True
EVL_REL_000410,EVI_CDR_CDR_000410,Relationship,REL_000410,Direct_Observation,1.0,True
EVL_REL_000411,EVI_CDR_CDR_000411,Relationship,REL_000411,Direct_Observation,1.0,True
EVL_REL_000412,EVI_CDR_CDR_000412,Relationship,REL_000412,Direct_Observation,1.0,True
EVL_REL_000413,EVI_CDR_CDR_000413,Relationship,REL_000413,Direct_Observation,1.0,True
EVL_REL_000414,EVI_CDR_CDR_000414,Relationship,REL_000414,Direct_Observation,1.0,True
EVL_REL_000415,EVI_CDR_CDR_000415,Relationship,REL_000415,Direct_Observation,1.0,True
EVL_REL_000416,EVI_CDR_CDR_000416,Relationship,REL_000416,Direct_Observation,1.0,True
EVL_REL_000417,EVI_CDR_CDR_000417,Relationship,REL_000417,Direct_Observation,1.0,True
EVL_REL_000418,EVI_CDR_CDR_000418,Relationship,REL_000418,Direct_Observation,1.0,True
EVL_REL_000419,EVI_CDR_CDR_000419,Relationship,REL_000419,Direct_Observation,1.0,True
EVL_REL_000420,EVI_CDR_CDR_000420,Relationship,REL_000420,Direct_Observation,1.0,True
EVL_REL_000421,EVI_CDR_CDR_000421,Relationship,REL_000421,Direct_Observation,1.0,True
EVL_REL_000422,EVI_CDR_CDR_000422,Relationship,REL_000422,Direct_Observation,1.0,True
EVL_REL_000423,EVI_CDR_CDR_000423,Relationship,REL_000423,Direct_Observation,1.0,True
EVL_REL_000424,EVI_CDR_CDR_000424,Relationship,REL_000424,Direct_Observation,1.0,True
EVL_REL_000425,EVI_CDR_CDR_000425,Relationship,REL_000425,Direct_Observation,1.0,True
EVL_REL_000426,EVI_CDR_CDR_000426,Relationship,REL_000426,Direct_Observation,1.0,True
EVL_REL_000427,EVI_CDR_CDR_000427,Relationship,REL_000427,Direct_Observation,1.0,True
EVL_REL_000428,EVI_CDR_CDR_000428,Relationship,REL_000428,Direct_Observation,1.0,True
EVL_REL_000429,EVI_CDR_CDR_000429,Relationship,REL_000429,Direct_Observation,1.0,True
EVL_REL_000430,EVI_CDR_CDR_000430,Relationship,REL_000430,Direct_Observation,1.0,True
EVL_REL_000431,EVI_CDR_CDR_000431,Relationship,REL_000431,Direct_Observation,1.0,True
EVL_REL_000432,EVI_CDR_CDR_000432,Relationship,REL_000432,Direct_Observation,1.0,True
EVL_REL_000433,EVI_CDR_CDR_000433,Relationship,REL_000433,Direct_Observation,1.0,True
EVL_REL_000434,EVI_CDR_CDR_000434,Relationship,REL_000434,Direct_Observation,1.0,True
EVL_REL_000435,EVI_CDR_CDR_000435,Relationship,REL_000435,Direct_Observation,1.0,True
EVL_REL_000436,EVI_CDR_CDR_000436,Relationship,REL_000436,Direct_Observation,1.0,True
EVL_REL_000437,EVI_CDR_CDR_000437,Relationship,REL_000437,Direct_Observation,1.0,True
EVL_REL_000438,EVI_CDR_CDR_000438,Relationship,REL_000438,Direct_Observation,1.0,True
EVL_REL_000439,EVI_CDR_CDR_000439,Relationship,REL_000439,Direct_Observation,1.0,True
EVL_REL_000440,EVI_CDR_CDR_000440,Relationship,REL_000440,Direct_Observation,1.0,True
EVL_REL_000441,EVI_CDR_CDR_000441,Relationship,REL_000441,Direct_Observation,1.0,True
EVL_REL_000442,EVI_CDR_CDR_000442,Relationship,REL_000442,Direct_Observation,1.0,True
EVL_REL_000443,EVI_CDR_CDR_000443,Relationship,REL_000443,Direct_Observation,1.0,True
EVL_REL_000444,EVI_CDR_CDR_000444,Relationship,REL_000444,Direct_Observation,1.0,True
EVL_REL_000445,EVI_CDR_CDR_000445,Relationship,REL_000445,Direct_Observation,1.0,True
EVL_REL_000446,EVI_CDR_CDR_000446,Relationship,REL_000446,Direct_Observation,1.0,True
EVL_REL_000447,EVI_CDR_CDR_000447,Relationship,REL_000447,Direct_Observation,1.0,True
EVL_REL_000448,EVI_CDR_CDR_000448,Relationship,REL_000448,Direct_Observation,1.0,True
EVL_REL_000449,EVI_CDR_CDR_000449,Relationship,REL_000449,Direct_Observation,1.0,True
EVL_REL_000450,EVI_CDR_CDR_000450,Relationship,REL_000450,Direct_Observation,1.0,True
EVL_REL_000451,EVI_CDR_CDR_000451,Relationship,REL_000451,Direct_Observation,1.0,True
EVL_REL_000452,EVI_CDR_CDR_000452,Relationship,REL_000452,Direct_Observation,1.0,True
EVL_REL_000453,EVI_CDR_CDR_000453,Relationship,REL_000453,Direct_Observation,1.0,True
EVL_REL_000454,EVI_CDR_CDR_000454,Relationship,REL_000454,Direct_Observation,1.0,True
EVL_REL_000455,EVI_CDR_CDR_000455,Relationship,REL_000455,Direct_Observation,1.0,True
EVL_REL_000456,EVI_CDR_CDR_000456,Relationship,REL_000456,Direct_Observation,1.0,True
EVL_REL_000457,EVI_CDR_CDR_000457,Relationship,REL_000457,Direct_Observation,1.0,True
EVL_REL_000458,EVI_CDR_CDR_000458,Relationship,REL_000458,Direct_Observation,1.0,True
EVL_REL_000459,EVI_CDR_CDR_000459,Relationship,REL_000459,Direct_Observation,1.0,True
EVL_REL_000460,EVI_CDR_CDR_000460,Relationship,REL_000460,Direct_Observation,1.0,True
EVL_REL_000461,EVI_CDR_CDR_000461,Relationship,REL_000461,Direct_Observation,1.0,True
EVL_REL_000462,EVI_CDR_CDR_000462,Relationship,REL_000462,Direct_Observation,1.0,True
EVL_REL_000463,EVI_CDR_CDR_000463,Relationship,REL_000463,Direct_Observation,1.0,True
EVL_REL_000464,EVI_CDR_CDR_000464,Relationship,REL_000464,Direct_Observation,1.0,True
EVL_REL_000465,EVI_CDR_CDR_000465,Relationship,REL_000465,Direct_Observation,1.0,True
EVL_REL_000466,EVI_CDR_CDR_000466,Relationship,REL_000466,Direct_Observation,1.0,True
EVL_REL_000467,EVI_CDR_CDR_000467,Relationship,REL_000467,Direct_Observation,1.0,True
EVL_REL_000468,EVI_CDR_CDR_000468,Relationship,REL_000468,Direct_Observation,1.0,True
EVL_REL_000469,EVI_CDR_CDR_000469,Relationship,REL_000469,Direct_Observation,1.0,True
EVL_REL_000470,EVI_CDR_CDR_000470,Relationship,REL_000470,Direct_Observation,1.0,True
EVL_REL_000471,EVI_CDR_CDR_000471,Relationship,REL_000471,Direct_Observation,1.0,True
EVL_REL_000472,EVI_CDR_CDR_000472,Relationship,REL_000472,Direct_Observation,1.0,True
EVL_REL_000473,EVI_CDR_CDR_000473,Relationship,REL_000473,Direct_Observation,1.0,True
EVL_REL_000474,EVI_CDR_CDR_000474,Relationship,REL_000474,Direct_Observation,1.0,True
EVL_REL_000475,EVI_CDR_CDR_000475,Relationship,REL_000475,Direct_Observation,1.0,True
EVL_REL_000476,EVI_CDR_CDR_000476,Relationship,REL_000476,Direct_Observation,1.0,True
EVL_REL_000477,EVI_CDR_CDR_000477,Relationship,REL_000477,Direct_Observation,1.0,True
EVL_REL_000478,EVI_CDR_CDR_000478,Relationship,REL_000478,Direct_Observation,1.0,True
EVL_REL_000479,EVI_CDR_CDR_000479,Relationship,REL_000479,Direct_Observation,1.0,True
EVL_REL_000480,EVI_CDR_CDR_000480,Relationship,REL_000480,Direct_Observation,1.0,True
EVL_REL_000481,EVI_CDR_CDR_000481,Relationship,REL_000481,Direct_Observation,1.0,True
EVL_REL_000482,EVI_CDR_CDR_000482,Relationship,REL_000482,Direct_Observation,1.0,True
EVL_REL_000483,EVI_CDR_CDR_000483,Relationship,REL_000483,Direct_Observation,1.0,True
EVL_REL_000484,EVI_CDR_CDR_000484,Relationship,REL_000484,Direct_Observation,1.0,True
EVL_REL_000485,EVI_CDR_CDR_000485,Relationship,REL_000485,Direct_Observation,1.0,True
EVL_REL_000486,EVI_CDR_CDR_000486,Relationship,REL_000486,Direct_Observation,1.0,True
EVL_REL_000487,EVI_CDR_CDR_000487,Relationship,REL_000487,Direct_Observation,1.0,True
EVL_REL_000488,EVI_CDR_CDR_000488,Relationship,REL_000488,Direct_Observation,1.0,True
EVL_REL_000489,EVI_CDR_CDR_000489,Relationship,REL_000489,Direct_Observation,1.0,True
EVL_REL_000490,EVI_CDR_CDR_000490,Relationship,REL_000490,Direct_Observation,1.0,True
EVL_REL_000491,EVI_CDR_CDR_000491,Relationship,REL_000491,Direct_Observation,1.0,True
EVL_REL_000492,EVI_CDR_CDR_000492,Relationship,REL_000492,Direct_Observation,1.0,True
EVL_REL_000493,EVI_CDR_CDR_000493,Relationship,REL_000493,Direct_Observation,1.0,True
EVL_REL_000494,EVI_CDR_CDR_000494,Relationship,REL_000494,Direct_Observation,1.0,True
EVL_REL_000495,EVI_CDR_CDR_000495,Relationship,REL_000495,Direct_Observation,1.0,True
EVL_REL_000496,EVI_CDR_CDR_000496,Relationship,REL_000496,Direct_Observation,1.0,True
EVL_REL_000497,EVI_CDR_CDR_000497,Relationship,REL_000497,Direct_Observation,1.0,True
EVL_REL_000498,EVI_CDR_CDR_000498,Relationship,REL_000498,Direct_Observation,1.0,True
EVL_REL_000499,EVI_CDR_CDR_000499,Relationship,REL_000499,Direct_Observation,1.0,True
EVL_REL_000500,EVI_CDR_CDR_000500,Relationship,REL_000500,Direct_Observation,1.0,True
EVL_REL_000501,EVI_TXN_TXN_000001,Relationship,REL_000501,Direct_Observation,1.0,True
EVL_REL_000502,EVI_TXN_TXN_000002,Relationship,REL_000502,Direct_Observation,1.0,True
EVL_REL_000503,EVI_TXN_TXN_000003,Relationship,REL_000503,Direct_Observation,1.0,True
EVL_REL_000504,EVI_TXN_TXN_000004,Relationship,REL_000504,Direct_Observation,1.0,True
EVL_REL_000505,EVI_TXN_TXN_000005,Relationship,REL_000505,Direct_Observation,1.0,True
EVL_REL_000506,EVI_TXN_TXN_000006,Relationship,REL_000506,Direct_Observation,1.0,True
EVL_REL_000507,EVI_TXN_TXN_000007,Relationship,REL_000507,Direct_Observation,1.0,True
EVL_REL_000508,EVI_TXN_TXN_000008,Relationship,REL_000508,Direct_Observation,1.0,True
EVL_REL_000509,EVI_TXN_TXN_000009,Relationship,REL_000509,Direct_Observation,1.0,True
EVL_REL_000510,EVI_TXN_TXN_000010,Relationship,REL_000510,Direct_Observation,1.0,True
EVL_REL_000511,EVI_TXN_TXN_000011,Relationship,REL_000511,Direct_Observation,1.0,True
EVL_REL_000512,EVI_TXN_TXN_000012,Relationship,REL_000512,Direct_Observation,1.0,True
EVL_REL_000513,EVI_TXN_TXN_000013,Relationship,REL_000513,Direct_Observation,1.0,True
EVL_REL_000514,EVI_TXN_TXN_000014,Relationship,REL_000514,Direct_Observation,1.0,True
EVL_REL_000515,EVI_TXN_TXN_000015,Relationship,REL_000515,Direct_Observation,1.0,True
EVL_REL_000516,EVI_TXN_TXN_000016,Relationship,REL_000516,Direct_Observation,1.0,True
EVL_REL_000517,EVI_TXN_TXN_000017,Relationship,REL_000517,Direct_Observation,1.0,True
EVL_REL_000518,EVI_TXN_TXN_000018,Relationship,REL_000518,Direct_Observation,1.0,True
EVL_REL_000519,EVI_TXN_TXN_000019,Relationship,REL_000519,Direct_Observation,1.0,True
EVL_REL_000520,EVI_TXN_TXN_000020,Relationship,REL_000520,Direct_Observation,1.0,True
EVL_REL_000521,EVI_TXN_TXN_000021,Relationship,REL_000521,Direct_Observation,1.0,True
EVL_REL_000522,EVI_TXN_TXN_000022,Relationship,REL_000522,Direct_Observation,1.0,True
EVL_REL_000523,EVI_TXN_TXN_000023,Relationship,REL_000523,Direct_Observation,1.0,True
EVL_REL_000524,EVI_TXN_TXN_000024,Relationship,REL_000524,Direct_Observation,1.0,True
EVL_REL_000525,EVI_TXN_TXN_000025,Relationship,REL_000525,Direct_Observation,1.0,True
EVL_REL_000526,EVI_TXN_TXN_000026,Relationship,REL_000526,Direct_Observation,1.0,True
EVL_REL_000527,EVI_TXN_TXN_000027,Relationship,REL_000527,Direct_Observation,1.0,True
EVL_REL_000528,EVI_TXN_TXN_000028,Relationship,REL_000528,Direct_Observation,1.0,True
EVL_REL_000529,EVI_TXN_TXN_000029,Relationship,REL_000529,Direct_Observation,1.0,True
EVL_REL_000530,EVI_TXN_TXN_000030,Relationship,REL_000530,Direct_Observation,1.0,True
EVL_REL_000531,EVI_TXN_TXN_000031,Relationship,REL_000531,Direct_Observation,1.0,True
EVL_REL_000532,EVI_TXN_TXN_000032,Relationship,REL_000532,Direct_Observation,1.0,True
EVL_REL_000533,EVI_TXN_TXN_000033,Relationship,REL_000533,Direct_Observation,1.0,True
EVL_REL_000534,EVI_TXN_TXN_000034,Relationship,REL_000534,Direct_Observation,1.0,True
EVL_REL_000535,EVI_TXN_TXN_000035,Relationship,REL_000535,Direct_Observation,1.0,True
EVL_REL_000536,EVI_TXN_TXN_000036,Relationship,REL_000536,Direct_Observation,1.0,True
EVL_REL_000537,EVI_TXN_TXN_000037,Relationship,REL_000537,Direct_Observation,1.0,True
EVL_REL_000538,EVI_TXN_TXN_000038,Relationship,REL_000538,Direct_Observation,1.0,True
EVL_REL_000539,EVI_TXN_TXN_000039,Relationship,REL_000539,Direct_Observation,1.0,True
EVL_REL_000540,EVI_TXN_TXN_000040,Relationship,REL_000540,Direct_Observation,1.0,True
EVL_REL_000541,EVI_TXN_TXN_000041,Relationship,REL_000541,Direct_Observation,1.0,True
EVL_REL_000542,EVI_TXN_TXN_000042,Relationship,REL_000542,Direct_Observation,1.0,True
EVL_REL_000543,EVI_TXN_TXN_000043,Relationship,REL_000543,Direct_Observation,1.0,True
EVL_REL_000544,EVI_TXN_TXN_000044,Relationship,REL_000544,Direct_Observation,1.0,True
EVL_REL_000545,EVI_TXN_TXN_000045,Relationship,REL_000545,Direct_Observation,1.0,True
EVL_REL_000546,EVI_TXN_TXN_000046,Relationship,REL_000546,Direct_Observation,1.0,True
EVL_REL_000547,EVI_TXN_TXN_000047,Relationship,REL_000547,Direct_Observation,1.0,True
EVL_REL_000548,EVI_TXN_TXN_000048,Relationship,REL_000548,Direct_Observation,1.0,True
EVL_REL_000549,EVI_TXN_TXN_000049,Relationship,REL_000549,Direct_Observation,1.0,True
EVL_REL_000550,EVI_TXN_TXN_000050,Relationship,REL_000550,Direct_Observation,1.0,True
EVL_REL_000551,EVI_TXN_TXN_000051,Relationship,REL_000551,Direct_Observation,1.0,True
EVL_REL_000552,EVI_TXN_TXN_000052,Relationship,REL_000552,Direct_Observation,1.0,True
EVL_REL_000553,EVI_TXN_TXN_000053,Relationship,REL_000553,Direct_Observation,1.0,True
EVL_REL_000554,EVI_TXN_TXN_000054,Relationship,REL_000554,Direct_Observation,1.0,True
EVL_REL_000555,EVI_TXN_TXN_000055,Relationship,REL_000555,Direct_Observation,1.0,True
EVL_REL_000556,EVI_TXN_TXN_000056,Relationship,REL_000556,Direct_Observation,1.0,True
EVL_REL_000557,EVI_TXN_TXN_000057,Relationship,REL_000557,Direct_Observation,1.0,True
EVL_REL_000558,EVI_TXN_TXN_000058,Relationship,REL_000558,Direct_Observation,1.0,True
EVL_REL_000559,EVI_TXN_TXN_000059,Relationship,REL_000559,Direct_Observation,1.0,True
EVL_REL_000560,EVI_TXN_TXN_000060,Relationship,REL_000560,Direct_Observation,1.0,True
EVL_REL_000561,EVI_TXN_TXN_000061,Relationship,REL_000561,Direct_Observation,1.0,True
EVL_REL_000562,EVI_TXN_TXN_000062,Relationship,REL_000562,Direct_Observation,1.0,True
EVL_REL_000563,EVI_TXN_TXN_000063,Relationship,REL_000563,Direct_Observation,1.0,True
EVL_REL_000564,EVI_TXN_TXN_000064,Relationship,REL_000564,Direct_Observation,1.0,True
EVL_REL_000565,EVI_TXN_TXN_000065,Relationship,REL_000565,Direct_Observation,1.0,True
EVL_REL_000566,EVI_TXN_TXN_000066,Relationship,REL_000566,Direct_Observation,1.0,True
EVL_REL_000567,EVI_TXN_TXN_000067,Relationship,REL_000567,Direct_Observation,1.0,True
EVL_REL_000568,EVI_TXN_TXN_000068,Relationship,REL_000568,Direct_Observation,1.0,True
EVL_REL_000569,EVI_TXN_TXN_000069,Relationship,REL_000569,Direct_Observation,1.0,True
EVL_REL_000570,EVI_TXN_TXN_000070,Relationship,REL_000570,Direct_Observation,1.0,True
EVL_REL_000571,EVI_TXN_TXN_000071,Relationship,REL_000571,Direct_Observation,1.0,True
EVL_REL_000572,EVI_TXN_TXN_000072,Relationship,REL_000572,Direct_Observation,1.0,True
EVL_REL_000573,EVI_TXN_TXN_000073,Relationship,REL_000573,Direct_Observation,1.0,True
EVL_REL_000574,EVI_TXN_TXN_000074,Relationship,REL_000574,Direct_Observation,1.0,True
EVL_REL_000575,EVI_TXN_TXN_000075,Relationship,REL_000575,Direct_Observation,1.0,True
EVL_REL_000576,EVI_TXN_TXN_000076,Relationship,REL_000576,Direct_Observation,1.0,True
EVL_REL_000577,EVI_TXN_TXN_000077,Relationship,REL_000577,Direct_Observation,1.0,True
EVL_REL_000578,EVI_TXN_TXN_000078,Relationship,REL_000578,Direct_Observation,1.0,True
EVL_REL_000579,EVI_TXN_TXN_000079,Relationship,REL_000579,Direct_Observation,1.0,True
EVL_REL_000580,EVI_TXN_TXN_000080,Relationship,REL_000580,Direct_Observation,1.0,True
EVL_REL_000581,EVI_TXN_TXN_000081,Relationship,REL_000581,Direct_Observation,1.0,True
EVL_REL_000582,EVI_TXN_TXN_000082,Relationship,REL_000582,Direct_Observation,1.0,True
EVL_REL_000583,EVI_TXN_TXN_000083,Relationship,REL_000583,Direct_Observation,1.0,True
EVL_REL_000584,EVI_TXN_TXN_000084,Relationship,REL_000584,Direct_Observation,1.0,True
EVL_REL_000585,EVI_TXN_TXN_000085,Relationship,REL_000585,Direct_Observation,1.0,True
EVL_REL_000586,EVI_TXN_TXN_000086,Relationship,REL_000586,Direct_Observation,1.0,True
EVL_REL_000587,EVI_TXN_TXN_000087,Relationship,REL_000587,Direct_Observation,1.0,True
EVL_REL_000588,EVI_TXN_TXN_000088,Relationship,REL_000588,Direct_Observation,1.0,True
EVL_REL_000589,EVI_TXN_TXN_000089,Relationship,REL_000589,Direct_Observation,1.0,True
EVL_REL_000590,EVI_TXN_TXN_000090,Relationship,REL_000590,Direct_Observation,1.0,True
EVL_REL_000591,EVI_TXN_TXN_000091,Relationship,REL_000591,Direct_Observation,1.0,True
EVL_REL_000592,EVI_TXN_TXN_000092,Relationship,REL_000592,Direct_Observation,1.0,True
EVL_REL_000593,EVI_TXN_TXN_000093,Relationship,REL_000593,Direct_Observation,1.0,True
EVL_REL_000594,EVI_TXN_TXN_000094,Relationship,REL_000594,Direct_Observation,1.0,True
EVL_REL_000595,EVI_TXN_TXN_000095,Relationship,REL_000595,Direct_Observation,1.0,True
EVL_REL_000596,EVI_TXN_TXN_000096,Relationship,REL_000596,Direct_Observation,1.0,True
EVL_REL_000597,EVI_TXN_TXN_000097,Relationship,REL_000597,Direct_Observation,1.0,True
EVL_REL_000598,EVI_TXN_TXN_000098,Relationship,REL_000598,Direct_Observation,1.0,True
EVL_REL_000599,EVI_TXN_TXN_000099,Relationship,REL_000599,Direct_Observation,1.0,True
EVL_REL_000600,EVI_TXN_TXN_000100,Relationship,REL_000600,Direct_Observation,1.0,True
EVL_REL_000601,EVI_TXN_TXN_000101,Relationship,REL_000601,Direct_Observation,1.0,True
EVL_REL_000602,EVI_TXN_TXN_000102,Relationship,REL_000602,Direct_Observation,1.0,True
EVL_REL_000603,EVI_TXN_TXN_000103,Relationship,REL_000603,Direct_Observation,1.0,True
EVL_REL_000604,EVI_TXN_TXN_000104,Relationship,REL_000604,Direct_Observation,1.0,True
EVL_REL_000605,EVI_TXN_TXN_000105,Relationship,REL_000605,Direct_Observation,1.0,True
EVL_REL_000606,EVI_TXN_TXN_000106,Relationship,REL_000606,Direct_Observation,1.0,True
EVL_REL_000607,EVI_TXN_TXN_000107,Relationship,REL_000607,Direct_Observation,1.0,True
EVL_REL_000608,EVI_TXN_TXN_000108,Relationship,REL_000608,Direct_Observation,1.0,True
EVL_REL_000609,EVI_TXN_TXN_000109,Relationship,REL_000609,Direct_Observation,1.0,True
EVL_REL_000610,EVI_TXN_TXN_000110,Relationship,REL_000610,Direct_Observation,1.0,True
EVL_REL_000611,EVI_TXN_TXN_000111,Relationship,REL_000611,Direct_Observation,1.0,True
EVL_REL_000612,EVI_TXN_TXN_000112,Relationship,REL_000612,Direct_Observation,1.0,True
EVL_REL_000613,EVI_TXN_TXN_000113,Relationship,REL_000613,Direct_Observation,1.0,True
EVL_REL_000614,EVI_TXN_TXN_000114,Relationship,REL_000614,Direct_Observation,1.0,True
EVL_REL_000615,EVI_TXN_TXN_000115,Relationship,REL_000615,Direct_Observation,1.0,True
EVL_REL_000616,EVI_TXN_TXN_000116,Relationship,REL_000616,Direct_Observation,1.0,True
EVL_REL_000617,EVI_TXN_TXN_000117,Relationship,REL_000617,Direct_Observation,1.0,True
EVL_REL_000618,EVI_TXN_TXN_000118,Relationship,REL_000618,Direct_Observation,1.0,True
EVL_REL_000619,EVI_TXN_TXN_000119,Relationship,REL_000619,Direct_Observation,1.0,True
EVL_REL_000620,EVI_TXN_TXN_000120,Relationship,REL_000620,Direct_Observation,1.0,True
EVL_REL_000621,EVI_TXN_TXN_000121,Relationship,REL_000621,Direct_Observation,1.0,True
EVL_REL_000622,EVI_TXN_TXN_000122,Relationship,REL_000622,Direct_Observation,1.0,True
EVL_REL_000623,EVI_TXN_TXN_000123,Relationship,REL_000623,Direct_Observation,1.0,True
EVL_REL_000624,EVI_TXN_TXN_000124,Relationship,REL_000624,Direct_Observation,1.0,True
EVL_REL_000625,EVI_TXN_TXN_000125,Relationship,REL_000625,Direct_Observation,1.0,True
EVL_REL_000626,EVI_TXN_TXN_000126,Relationship,REL_000626,Direct_Observation,1.0,True
EVL_REL_000627,EVI_TXN_TXN_000127,Relationship,REL_000627,Direct_Observation,1.0,True
EVL_REL_000628,EVI_TXN_TXN_000128,Relationship,REL_000628,Direct_Observation,1.0,True
EVL_REL_000629,EVI_TXN_TXN_000129,Relationship,REL_000629,Direct_Observation,1.0,True
EVL_REL_000630,EVI_TXN_TXN_000130,Relationship,REL_000630,Direct_Observation,1.0,True
EVL_REL_000631,EVI_TXN_TXN_000131,Relationship,REL_000631,Direct_Observation,1.0,True
EVL_REL_000632,EVI_TXN_TXN_000132,Relationship,REL_000632,Direct_Observation,1.0,True
EVL_REL_000633,EVI_TXN_TXN_000133,Relationship,REL_000633,Direct_Observation,1.0,True
EVL_REL_000634,EVI_TXN_TXN_000134,Relationship,REL_000634,Direct_Observation,1.0,True
EVL_REL_000635,EVI_TXN_TXN_000135,Relationship,REL_000635,Direct_Observation,1.0,True
EVL_REL_000636,EVI_TXN_TXN_000136,Relationship,REL_000636,Direct_Observation,1.0,True
EVL_REL_000637,EVI_TXN_TXN_000137,Relationship,REL_000637,Direct_Observation,1.0,True
EVL_REL_000638,EVI_TXN_TXN_000138,Relationship,REL_000638,Direct_Observation,1.0,True
EVL_REL_000639,EVI_TXN_TXN_000139,Relationship,REL_000639,Direct_Observation,1.0,True
EVL_REL_000640,EVI_TXN_TXN_000140,Relationship,REL_000640,Direct_Observation,1.0,True
EVL_REL_000641,EVI_TXN_TXN_000141,Relationship,REL_000641,Direct_Observation,1.0,True
EVL_REL_000642,EVI_TXN_TXN_000142,Relationship,REL_000642,Direct_Observation,1.0,True
EVL_REL_000643,EVI_TXN_TXN_000143,Relationship,REL_000643,Direct_Observation,1.0,True
EVL_REL_000644,EVI_TXN_TXN_000144,Relationship,REL_000644,Direct_Observation,1.0,True
EVL_REL_000645,EVI_TXN_TXN_000145,Relationship,REL_000645,Direct_Observation,1.0,True
EVL_REL_000646,EVI_TXN_TXN_000146,Relationship,REL_000646,Direct_Observation,1.0,True
EVL_REL_000647,EVI_TXN_TXN_000147,Relationship,REL_000647,Direct_Observation,1.0,True
EVL_REL_000648,EVI_TXN_TXN_000148,Relationship,REL_000648,Direct_Observation,1.0,True
EVL_REL_000649,EVI_TXN_TXN_000149,Relationship,REL_000649,Direct_Observation,1.0,True
EVL_REL_000650,EVI_TXN_TXN_000150,Relationship,REL_000650,Direct_Observation,1.0,True
EVL_REL_000651,EVI_TXN_TXN_000151,Relationship,REL_000651,Direct_Observation,1.0,True
EVL_REL_000652,EVI_TXN_TXN_000152,Relationship,REL_000652,Direct_Observation,1.0,True
EVL_REL_000653,EVI_TXN_TXN_000153,Relationship,REL_000653,Direct_Observation,1.0,True
EVL_REL_000654,EVI_TXN_TXN_000154,Relationship,REL_000654,Direct_Observation,1.0,True
EVL_REL_000655,EVI_TXN_TXN_000155,Relationship,REL_000655,Direct_Observation,1.0,True
EVL_REL_000656,EVI_TXN_TXN_000156,Relationship,REL_000656,Direct_Observation,1.0,True
EVL_REL_000657,EVI_TXN_TXN_000157,Relationship,REL_000657,Direct_Observation,1.0,True
EVL_REL_000658,EVI_TXN_TXN_000158,Relationship,REL_000658,Direct_Observation,1.0,True
EVL_REL_000659,EVI_TXN_TXN_000159,Relationship,REL_000659,Direct_Observation,1.0,True
EVL_REL_000660,EVI_TXN_TXN_000160,Relationship,REL_000660,Direct_Observation,1.0,True
EVL_REL_000661,EVI_TXN_TXN_000161,Relationship,REL_000661,Direct_Observation,1.0,True
EVL_REL_000662,EVI_TXN_TXN_000162,Relationship,REL_000662,Direct_Observation,1.0,True
EVL_REL_000663,EVI_TXN_TXN_000163,Relationship,REL_000663,Direct_Observation,1.0,True
EVL_REL_000664,EVI_TXN_TXN_000164,Relationship,REL_000664,Direct_Observation,1.0,True
EVL_REL_000665,EVI_TXN_TXN_000165,Relationship,REL_000665,Direct_Observation,1.0,True
EVL_REL_000666,EVI_TXN_TXN_000166,Relationship,REL_000666,Direct_Observation,1.0,True
EVL_REL_000667,EVI_TXN_TXN_000167,Relationship,REL_000667,Direct_Observation,1.0,True
EVL_REL_000668,EVI_TXN_TXN_000168,Relationship,REL_000668,Direct_Observation,1.0,True
EVL_REL_000669,EVI_TXN_TXN_000169,Relationship,REL_000669,Direct_Observation,1.0,True
EVL_REL_000670,EVI_TXN_TXN_000170,Relationship,REL_000670,Direct_Observation,1.0,True
EVL_REL_000671,EVI_TXN_TXN_000171,Relationship,REL_000671,Direct_Observation,1.0,True
EVL_REL_000672,EVI_TXN_TXN_000172,Relationship,REL_000672,Direct_Observation,1.0,True
EVL_REL_000673,EVI_TXN_TXN_000173,Relationship,REL_000673,Direct_Observation,1.0,True
EVL_REL_000674,EVI_TXN_TXN_000174,Relationship,REL_000674,Direct_Observation,1.0,True
EVL_REL_000675,EVI_TXN_TXN_000175,Relationship,REL_000675,Direct_Observation,1.0,True
EVL_REL_000676,EVI_TXN_TXN_000176,Relationship,REL_000676,Direct_Observation,1.0,True
EVL_REL_000677,EVI_TXN_TXN_000177,Relationship,REL_000677,Direct_Observation,1.0,True
EVL_REL_000678,EVI_TXN_TXN_000178,Relationship,REL_000678,Direct_Observation,1.0,True
EVL_REL_000679,EVI_TXN_TXN_000179,Relationship,REL_000679,Direct_Observation,1.0,True
EVL_REL_000680,EVI_TXN_TXN_000180,Relationship,REL_000680,Direct_Observation,1.0,True
EVL_REL_000681,EVI_TXN_TXN_000181,Relationship,REL_000681,Direct_Observation,1.0,True
EVL_REL_000682,EVI_TXN_TXN_000182,Relationship,REL_000682,Direct_Observation,1.0,True
EVL_REL_000683,EVI_TXN_TXN_000183,Relationship,REL_000683,Direct_Observation,1.0,True
EVL_REL_000684,EVI_TXN_TXN_000184,Relationship,REL_000684,Direct_Observation,1.0,True
EVL_REL_000685,EVI_TXN_TXN_000185,Relationship,REL_000685,Direct_Observation,1.0,True
EVL_REL_000686,EVI_TXN_TXN_000186,Relationship,REL_000686,Direct_Observation,1.0,True
EVL_REL_000687,EVI_TXN_TXN_000187,Relationship,REL_000687,Direct_Observation,1.0,True
EVL_REL_000688,EVI_TXN_TXN_000188,Relationship,REL_000688,Direct_Observation,1.0,True
EVL_REL_000689,EVI_TXN_TXN_000189,Relationship,REL_000689,Direct_Observation,1.0,True
EVL_REL_000690,EVI_TXN_TXN_000190,Relationship,REL_000690,Direct_Observation,1.0,True
EVL_REL_000691,EVI_TXN_TXN_000191,Relationship,REL_000691,Direct_Observation,1.0,True
EVL_REL_000692,EVI_TXN_TXN_000192,Relationship,REL_000692,Direct_Observation,1.0,True
EVL_REL_000693,EVI_TXN_TXN_000193,Relationship,REL_000693,Direct_Observation,1.0,True
EVL_REL_000694,EVI_TXN_TXN_000194,Relationship,REL_000694,Direct_Observation,1.0,True
EVL_REL_000695,EVI_TXN_TXN_000195,Relationship,REL_000695,Direct_Observation,1.0,True
EVL_REL_000696,EVI_TXN_TXN_000196,Relationship,REL_000696,Direct_Observation,1.0,True
EVL_REL_000697,EVI_TXN_TXN_000197,Relationship,REL_000697,Direct_Observation,1.0,True
EVL_REL_000698,EVI_TXN_TXN_000198,Relationship,REL_000698,Direct_Observation,1.0,True
EVL_REL_000699,EVI_TXN_TXN_000199,Relationship,REL_000699,Direct_Observation,1.0,True
EVL_REL_000700,EVI_TXN_TXN_000200,Relationship,REL_000700,Direct_Observation,1.0,True
EVL_REL_000701,EVI_TXN_TXN_000201,Relationship,REL_000701,Direct_Observation,1.0,True
EVL_REL_000702,EVI_TXN_TXN_000202,Relationship,REL_000702,Direct_Observation,1.0,True
EVL_REL_000703,EVI_TXN_TXN_000203,Relationship,REL_000703,Direct_Observation,1.0,True
EVL_REL_000704,EVI_TXN_TXN_000204,Relationship,REL_000704,Direct_Observation,1.0,True
EVL_REL_000705,EVI_TXN_TXN_000205,Relationship,REL_000705,Direct_Observation,1.0,True
EVL_REL_000706,EVI_TXN_TXN_000206,Relationship,REL_000706,Direct_Observation,1.0,True
EVL_REL_000707,EVI_TXN_TXN_000207,Relationship,REL_000707,Direct_Observation,1.0,True
EVL_REL_000708,EVI_TXN_TXN_000208,Relationship,REL_000708,Direct_Observation,1.0,True
EVL_REL_000709,EVI_TXN_TXN_000209,Relationship,REL_000709,Direct_Observation,1.0,True
EVL_REL_000710,EVI_TXN_TXN_000210,Relationship,REL_000710,Direct_Observation,1.0,True
EVL_REL_000711,EVI_TXN_TXN_000211,Relationship,REL_000711,Direct_Observation,1.0,True
EVL_REL_000712,EVI_TXN_TXN_000212,Relationship,REL_000712,Direct_Observation,1.0,True
EVL_REL_000713,EVI_TXN_TXN_000213,Relationship,REL_000713,Direct_Observation,1.0,True
EVL_REL_000714,EVI_TXN_TXN_000214,Relationship,REL_000714,Direct_Observation,1.0,True
EVL_REL_000715,EVI_TXN_TXN_000215,Relationship,REL_000715,Direct_Observation,1.0,True
EVL_REL_000716,EVI_TXN_TXN_000216,Relationship,REL_000716,Direct_Observation,1.0,True
EVL_REL_000717,EVI_TXN_TXN_000217,Relationship,REL_000717,Direct_Observation,1.0,True
EVL_REL_000718,EVI_TXN_TXN_000218,Relationship,REL_000718,Direct_Observation,1.0,True
EVL_REL_000719,EVI_TXN_TXN_000219,Relationship,REL_000719,Direct_Observation,1.0,True
EVL_REL_000720,EVI_TXN_TXN_000220,Relationship,REL_000720,Direct_Observation,1.0,True
EVL_REL_000721,EVI_TXN_TXN_000221,Relationship,REL_000721,Direct_Observation,1.0,True
EVL_REL_000722,EVI_TXN_TXN_000222,Relationship,REL_000722,Direct_Observation,1.0,True
EVL_REL_000723,EVI_TXN_TXN_000223,Relationship,REL_000723,Direct_Observation,1.0,True
EVL_REL_000724,EVI_TXN_TXN_000224,Relationship,REL_000724,Direct_Observation,1.0,True
EVL_REL_000725,EVI_TXN_TXN_000225,Relationship,REL_000725,Direct_Observation,1.0,True
EVL_REL_000726,EVI_TXN_TXN_000226,Relationship,REL_000726,Direct_Observation,1.0,True
EVL_REL_000727,EVI_TXN_TXN_000227,Relationship,REL_000727,Direct_Observation,1.0,True
EVL_REL_000728,EVI_TXN_TXN_000228,Relationship,REL_000728,Direct_Observation,1.0,True
EVL_REL_000729,EVI_TXN_TXN_000229,Relationship,REL_000729,Direct_Observation,1.0,True
EVL_REL_000730,EVI_TXN_TXN_000230,Relationship,REL_000730,Direct_Observation,1.0,True
EVL_REL_000731,EVI_TXN_TXN_000231,Relationship,REL_000731,Direct_Observation,1.0,True
EVL_REL_000732,EVI_TXN_TXN_000232,Relationship,REL_000732,Direct_Observation,1.0,True
EVL_REL_000733,EVI_TXN_TXN_000233,Relationship,REL_000733,Direct_Observation,1.0,True
EVL_REL_000734,EVI_TXN_TXN_000234,Relationship,REL_000734,Direct_Observation,1.0,True
EVL_REL_000735,EVI_TXN_TXN_000235,Relationship,REL_000735,Direct_Observation,1.0,True
EVL_REL_000736,EVI_TXN_TXN_000236,Relationship,REL_000736,Direct_Observation,1.0,True
EVL_REL_000737,EVI_TXN_TXN_000237,Relationship,REL_000737,Direct_Observation,1.0,True
EVL_REL_000738,EVI_TXN_TXN_000238,Relationship,REL_000738,Direct_Observation,1.0,True
EVL_REL_000739,EVI_TXN_TXN_000239,Relationship,REL_000739,Direct_Observation,1.0,True
EVL_REL_000740,EVI_TXN_TXN_000240,Relationship,REL_000740,Direct_Observation,1.0,True
EVL_REL_000741,EVI_TXN_TXN_000241,Relationship,REL_000741,Direct_Observation,1.0,True
EVL_REL_000742,EVI_TXN_TXN_000242,Relationship,REL_000742,Direct_Observation,1.0,True
EVL_REL_000743,EVI_TXN_TXN_000243,Relationship,REL_000743,Direct_Observation,1.0,True
EVL_REL_000744,EVI_TXN_TXN_000244,Relationship,REL_000744,Direct_Observation,1.0,True
EVL_REL_000745,EVI_TXN_TXN_000245,Relationship,REL_000745,Direct_Observation,1.0,True
EVL_REL_000746,EVI_TXN_TXN_000246,Relationship,REL_000746,Direct_Observation,1.0,True
EVL_REL_000747,EVI_TXN_TXN_000247,Relationship,REL_000747,Direct_Observation,1.0,True
EVL_REL_000748,EVI_TXN_TXN_000248,Relationship,REL_000748,Direct_Observation,1.0,True
EVL_REL_000749,EVI_TXN_TXN_000249,Relationship,REL_000749,Direct_Observation,1.0,True
EVL_REL_000750,EVI_TXN_TXN_000250,Relationship,REL_000750,Direct_Observation,1.0,True
EVL_REL_000751,EVI_TXN_TXN_000251,Relationship,REL_000751,Direct_Observation,1.0,True
EVL_REL_000752,EVI_TXN_TXN_000252,Relationship,REL_000752,Direct_Observation,1.0,True
EVL_REL_000753,EVI_TXN_TXN_000253,Relationship,REL_000753,Direct_Observation,1.0,True
EVL_REL_000754,EVI_TXN_TXN_000254,Relationship,REL_000754,Direct_Observation,1.0,True
EVL_REL_000755,EVI_TXN_TXN_000255,Relationship,REL_000755,Direct_Observation,1.0,True
EVL_REL_000756,EVI_TXN_TXN_000256,Relationship,REL_000756,Direct_Observation,1.0,True
EVL_REL_000757,EVI_TXN_TXN_000257,Relationship,REL_000757,Direct_Observation,1.0,True
EVL_REL_000758,EVI_TXN_TXN_000258,Relationship,REL_000758,Direct_Observation,1.0,True
EVL_REL_000759,EVI_TXN_TXN_000259,Relationship,REL_000759,Direct_Observation,1.0,True
EVL_REL_000760,EVI_TXN_TXN_000260,Relationship,REL_000760,Direct_Observation,1.0,True
EVL_REL_000761,EVI_TXN_TXN_000261,Relationship,REL_000761,Direct_Observation,1.0,True
EVL_REL_000762,EVI_TXN_TXN_000262,Relationship,REL_000762,Direct_Observation,1.0,True
EVL_REL_000763,EVI_TXN_TXN_000263,Relationship,REL_000763,Direct_Observation,1.0,True
EVL_REL_000764,EVI_TXN_TXN_000264,Relationship,REL_000764,Direct_Observation,1.0,True
EVL_REL_000765,EVI_TXN_TXN_000265,Relationship,REL_000765,Direct_Observation,1.0,True
EVL_REL_000766,EVI_TXN_TXN_000266,Relationship,REL_000766,Direct_Observation,1.0,True
EVL_REL_000767,EVI_TXN_TXN_000267,Relationship,REL_000767,Direct_Observation,1.0,True
EVL_REL_000768,EVI_TXN_TXN_000268,Relationship,REL_000768,Direct_Observation,1.0,True
EVL_REL_000769,EVI_TXN_TXN_000269,Relationship,REL_000769,Direct_Observation,1.0,True
EVL_REL_000770,EVI_TXN_TXN_000270,Relationship,REL_000770,Direct_Observation,1.0,True
EVL_REL_000771,EVI_TXN_TXN_000271,Relationship,REL_000771,Direct_Observation,1.0,True
EVL_REL_000772,EVI_TXN_TXN_000272,Relationship,REL_000772,Direct_Observation,1.0,True
EVL_REL_000773,EVI_TXN_TXN_000273,Relationship,REL_000773,Direct_Observation,1.0,True
EVL_REL_000774,EVI_TXN_TXN_000274,Relationship,REL_000774,Direct_Observation,1.0,True
EVL_REL_000775,EVI_TXN_TXN_000275,Relationship,REL_000775,Direct_Observation,1.0,True
EVL_REL_000776,EVI_TXN_TXN_000276,Relationship,REL_000776,Direct_Observation,1.0,True
EVL_REL_000777,EVI_TXN_TXN_000277,Relationship,REL_000777,Direct_Observation,1.0,True
EVL_REL_000778,EVI_TXN_TXN_000278,Relationship,REL_000778,Direct_Observation,1.0,True
EVL_REL_000779,EVI_TXN_TXN_000279,Relationship,REL_000779,Direct_Observation,1.0,True
EVL_REL_000780,EVI_TXN_TXN_000280,Relationship,REL_000780,Direct_Observation,1.0,True
EVL_REL_000781,EVI_TXN_TXN_000281,Relationship,REL_000781,Direct_Observation,1.0,True
EVL_REL_000782,EVI_TXN_TXN_000282,Relationship,REL_000782,Direct_Observation,1.0,True
EVL_REL_000783,EVI_TXN_TXN_000283,Relationship,REL_000783,Direct_Observation,1.0,True
EVL_REL_000784,EVI_TXN_TXN_000284,Relationship,REL_000784,Direct_Observation,1.0,True
EVL_REL_000785,EVI_TXN_TXN_000285,Relationship,REL_000785,Direct_Observation,1.0,True
EVL_REL_000786,EVI_TXN_TXN_000286,Relationship,REL_000786,Direct_Observation,1.0,True
EVL_REL_000787,EVI_TXN_TXN_000287,Relationship,REL_000787,Direct_Observation,1.0,True
EVL_REL_000788,EVI_TXN_TXN_000288,Relationship,REL_000788,Direct_Observation,1.0,True
EVL_REL_000789,EVI_TXN_TXN_000289,Relationship,REL_000789,Direct_Observation,1.0,True
EVL_REL_000790,EVI_TXN_TXN_000290,Relationship,REL_000790,Direct_Observation,1.0,True
EVL_REL_000791,EVI_TXN_TXN_000291,Relationship,REL_000791,Direct_Observation,1.0,True
EVL_REL_000792,EVI_TXN_TXN_000292,Relationship,REL_000792,Direct_Observation,1.0,True
EVL_REL_000793,EVI_TXN_TXN_000293,Relationship,REL_000793,Direct_Observation,1.0,True
EVL_REL_000794,EVI_TXN_TXN_000294,Relationship,REL_000794,Direct_Observation,1.0,True
EVL_REL_000795,EVI_TXN_TXN_000295,Relationship,REL_000795,Direct_Observation,1.0,True
EVL_REL_000796,EVI_TXN_TXN_000296,Relationship,REL_000796,Direct_Observation,1.0,True
EVL_REL_000797,EVI_TXN_TXN_000297,Relationship,REL_000797,Direct_Observation,1.0,True
EVL_REL_000798,EVI_TXN_TXN_000298,Relationship,REL_000798,Direct_Observation,1.0,True
EVL_REL_000799,EVI_TXN_TXN_000299,Relationship,REL_000799,Direct_Observation,1.0,True
EVL_REL_000800,EVI_TXN_TXN_000300,Relationship,REL_000800,Direct_Observation,1.0,True
