visit_id,entity_id,entity_type,location_id,event_time,source_id,confidence,synthetic_demo_record
VISIT_000001,P_00913,Person,LOC_0164,2025-02-05T16:22:52,SURVEILLANCE_OR_LBS_LOG,0.91,True
VISIT_000002,P_01829,Person,LOC_0063,2025-04-22T13:22:27,SURVEILLANCE_OR_LBS_LOG,0.91,True
VISIT_000003,P_04064,Person,LOC_0174,2025-04-05T13:50:07,SURVEILLANCE_OR_LBS_LOG,0.89,True
VISIT_000004,P_00245,Person,LOC_0009,2025-04-07T22:33:55,SURVEILLANCE_OR_LBS_LOG,0.83,True
VISIT_000005,P_04932,Person,LOC_0130,2025-02-08T10:32:10,SURVEILLANCE_OR_LBS_LOG,0.88,True
VISIT_000006,P_04061,Person,LOC_0184,2026-04-10T13:54:12,SURVEILLANCE_OR_LBS_LOG,0.83,True
VISIT_000007,P_02327,Person,LOC_0151,2027-06-18T01:20:09,SURVEILLANCE_OR_LBS_LOG,0.93,True
VISIT_000008,P_01308,Person,LOC_0195,2027-02-07T15:39:30,SURVEILLANCE_OR_LBS_LOG,0.86,True
VISIT_000009,P_01274,Person,LOC_0072,2025-07-05T05:38:28,SURVEILLANCE_OR_LBS_LOG,0.94,True
VISIT_000010,P_00838,Person,LOC_0087,2025-04-07T11:29:19,SURVEILLANCE_OR_LBS_LOG,0.86,True
VISIT_000011,P_02818,Person,LOC_0092,2026-10-15T03:53:41,SURVEILLANCE_OR_LBS_LOG,0.84,True
VISIT_000012,P_03764,Person,LOC_0012,2026-08-02T06:31:48,SURVEILLANCE_OR_LBS_LOG,0.82,True
VISIT_000013,P_03101,Person,LOC_0237,2025-04-02T08:54:52,SURVEILLANCE_OR_LBS_LOG,0.88,True
VISIT_000014,P_02963,Person,LOC_0213,2026-09-13T13:53:39,SURVEILLANCE_OR_LBS_LOG,0.83,True
VISIT_000015,P_00376,Person,LOC_0018,2026-12-26T19:05:42,SURVEILLANCE_OR_LBS_LOG,0.83,True
VISIT_000016,P_00654,Person,LOC_0075,2027-08-06T01:19:23,SURVEILLANCE_OR_LBS_LOG,0.83,True
VISIT_000017,P_03114,Person,LOC_0026,2025-10-27T00:36:20,SURVEILLANCE_OR_LBS_LOG,0.87,True
VISIT_000018,P_02989,Person,LOC_0214,2025-05-09T13:48:09,SURVEILLANCE_OR_LBS_LOG,0.86,True
VISIT_000019,P_02236,Person,LOC_0054,2027-02-13T23:39:40,SURVEILLANCE_OR_LBS_LOG,0.94,True
VISIT_000020,P_00585,Person,LOC_0166,2026-10-22T04:32:14,SURVEILLANCE_OR_LBS_LOG,0.9,True
VISIT_000021,P_02054,Person,LOC_0137,2025-05-09T15:19:54,SURVEILLANCE_OR_LBS_LOG,0.87,True
VISIT_000022,P_04563,Person,LOC_0070,2025-07-08T20:39:24,SURVEILLANCE_OR_LBS_LOG,0.9,True
VISIT_000023,P_00459,Person,LOC_0216,2025-07-29T05:12:57,SURVEILLANCE_OR_LBS_LOG,0.92,True
VISIT_000024,P_02585,Person,LOC_0207,2026-03-30T02:01:03,SURVEILLANCE_OR_LBS_LOG,0.84,True
VISIT_000025,P_04647,Person,LOC_0055,2027-09-06T15:12:53,SURVEILLANCE_OR_LBS_LOG,0.91,True
VISIT_000026,P_04186,Person,LOC_0055,2026-03-22T09:16:48,SURVEILLANCE_OR_LBS_LOG,0.93,True
VISIT_000027,P_03759,Person,LOC_0165,2025-04-22T22:44:11,SURVEILLANCE_OR_LBS_LOG,0.84,True
VISIT_000028,P_04599,Person,LOC_0064,2026-08-04T12:11:54,SURVEILLANCE_OR_LBS_LOG,0.84,True
VISIT_000029,P_03510,Person,LOC_0150,2027-10-08T12:35:53,SURVEILLANCE_OR_LBS_LOG,0.89,True
VISIT_000030,P_01797,Person,LOC_0093,2025-04-22T08:49:05,SURVEILLANCE_OR_LBS_LOG,0.88,True
VISIT_000031,P_00386,Person,LOC_0024,2027-08-13T10:07:14,SURVEILLANCE_OR_LBS_LOG,0.82,True
VISIT_000032,P_01311,Person,LOC_0161,2027-05-28T09:02:07,SURVEILLANCE_OR_LBS_LOG,0.9,True
VISIT_000033,P_00521,Person,LOC_0153,2026-03-10T21:35:43,SURVEILLANCE_OR_LBS_LOG,0.86,True
VISIT_000034,P_04431,Person,LOC_0120,2025-09-27T17:47:24,SURVEILLANCE_OR_LBS_LOG,0.95,True
VISIT_000035,P_00095,Person,LOC_0221,2027-01-13T08:42:49,SURVEILLANCE_OR_LBS_LOG,0.91,True
VISIT_000036,P_04495,Person,LOC_0175,2027-04-08T22:06:09,SURVEILLANCE_OR_LBS_LOG,0.84,True
VISIT_000037,P_02787,Person,LOC_0165,2025-04-12T19:52:47,SURVEILLANCE_OR_LBS_LOG,0.84,True
VISIT_000038,P_03717,Person,LOC_0041,2025-01-07T05:26:37,SURVEILLANCE_OR_LBS_LOG,0.94,True
VISIT_000039,P_02206,Person,LOC_0225,2027-12-26T11:38:09,SURVEILLANCE_OR_LBS_LOG,0.88,True
VISIT_000040,P_04255,Person,LOC_0046,2027-10-25T05:15:09,SURVEILLANCE_OR_LBS_LOG,0.82,True
VISIT_000041,P_02493,Person,LOC_0161,2027-07-20T09:37:51,SURVEILLANCE_OR_LBS_LOG,0.9,True
VISIT_000042,P_01630,Person,LOC_0156,2025-04-28T12:39:42,SURVEILLANCE_OR_LBS_LOG,0.86,True
VISIT_000043,P_04015,Person,LOC_0042,2027-12-05T10:56:18,SURVEILLANCE_OR_LBS_LOG,0.92,True
VISIT_000044,P_00005,Person,LOC_0136,2026-10-05T13:36:49,SURVEILLANCE_OR_LBS_LOG,0.85,True
VISIT_000045,P_00917,Person,LOC_0005,2027-11-12T16:09:48,SURVEILLANCE_OR_LBS_LOG,0.85,True
VISIT_000046,P_02520,Person,LOC_0213,2025-09-05T15:19:36,SURVEILLANCE_OR_LBS_LOG,0.81,True
VISIT_000047,P_04648,Person,LOC_0225,2027-11-26T21:03:41,SURVEILLANCE_OR_LBS_LOG,0.81,True
VISIT_000048,P_03982,Person,LOC_0188,2027-06-25T00:49:39,SURVEILLANCE_OR_LBS_LOG,0.81,True
VISIT_000049,P_04460,Person,LOC_0195,2027-04-24T23:30:56,SURVEILLANCE_OR_LBS_LOG,0.82,True
VISIT_000050,P_03894,Person,LOC_0169,2027-11-26T21:03:41,SURVEILLANCE_OR_LBS_LOG,0.88,True
VISIT_000051,P_04419,Person,LOC_0068,2027-09-03T23:44:58,SURVEILLANCE_OR_LBS_LOG,0.89,True
VISIT_000052,P_01736,Person,LOC_0247,2027-11-12T16:09:48,SURVEILLANCE_OR_LBS_LOG,0.88,True
VISIT_000053,P_01648,Person,LOC_0187,2027-02-23T17:48:14,SURVEILLANCE_OR_LBS_LOG,0.85,True
VISIT_000054,P_03060,Person,LOC_0172,2026-04-24T12:50:10,SURVEILLANCE_OR_LBS_LOG,0.93,True
VISIT_000055,P_00992,Person,LOC_0116,2025-09-22T22:01:34,SURVEILLANCE_OR_LBS_LOG,0.83,True
VISIT_000056,P_00173,Person,LOC_0087,2026-09-23T02:31:56,SURVEILLANCE_OR_LBS_LOG,0.88,True
VISIT_000057,P_01805,Person,LOC_0151,2025-01-14T17:50:51,SURVEILLANCE_OR_LBS_LOG,0.81,True
VISIT_000058,P_00483,Person,LOC_0162,2025-07-29T05:12:57,SURVEILLANCE_OR_LBS_LOG,0.81,True
VISIT_000059,P_02707,Person,LOC_0009,2025-03-31T22:51:46,SURVEILLANCE_OR_LBS_LOG,0.88,True
VISIT_000060,P_03977,Person,LOC_0072,2025-07-04T12:44:50,SURVEILLANCE_OR_LBS_LOG,0.88,True
VISIT_000061,P_04678,Person,LOC_0186,2026-09-12T18:28:17,SURVEILLANCE_OR_LBS_LOG,0.87,True
VISIT_000062,P_03875,Person,LOC_0201,2027-06-16T10:37:34,SURVEILLANCE_OR_LBS_LOG,0.86,True
VISIT_000063,P_00795,Person,LOC_0025,2026-12-24T19:40:04,SURVEILLANCE_OR_LBS_LOG,0.86,True
VISIT_000064,P_03368,Person,LOC_0109,2026-05-21T16:06:03,SURVEILLANCE_OR_LBS_LOG,0.93,True
VISIT_000065,P_00807,Person,LOC_0014,2025-03-21T12:25:25,SURVEILLANCE_OR_LBS_LOG,0.86,True
VISIT_000066,P_00896,Person,LOC_0087,2025-09-23T15:52:34,SURVEILLANCE_OR_LBS_LOG,0.83,True
VISIT_000067,P_03676,Person,LOC_0138,2025-04-22T15:22:13,SURVEILLANCE_OR_LBS_LOG,0.86,True
VISIT_000068,P_03790,Person,LOC_0072,2025-09-26T03:56:08,SURVEILLANCE_OR_LBS_LOG,0.93,True
VISIT_000069,P_03631,Person,LOC_0020,2027-06-17T05:34:16,SURVEILLANCE_OR_LBS_LOG,0.93,True
VISIT_000070,P_00803,Person,LOC_0141,2025-03-08T09:37:55,SURVEILLANCE_OR_LBS_LOG,0.9,True
VISIT_000071,P_00121,Person,LOC_0139,2027-12-20T02:39:05,SURVEILLANCE_OR_LBS_LOG,0.81,True
VISIT_000072,P_01937,Person,LOC_0193,2025-05-12T07:37:40,SURVEILLANCE_OR_LBS_LOG,0.86,True
VISIT_000073,P_01752,Person,LOC_0124,2027-08-21T03:36:18,SURVEILLANCE_OR_LBS_LOG,0.86,True
VISIT_000074,P_01349,Person,LOC_0016,2026-03-04T11:22:46,SURVEILLANCE_OR_LBS_LOG,0.8,True
VISIT_000075,P_02221,Person,LOC_0100,2027-11-10T23:02:35,SURVEILLANCE_OR_LBS_LOG,0.92,True
VISIT_000076,P_02385,Person,LOC_0117,2026-04-15T11:04:17,SURVEILLANCE_OR_LBS_LOG,0.9,True
VISIT_000077,P_04553,Person,LOC_0188,2026-12-26T19:05:42,SURVEILLANCE_OR_LBS_LOG,0.91,True
VISIT_000078,P_01556,Person,LOC_0040,2025-11-20T15:30:51,SURVEILLANCE_OR_LBS_LOG,0.83,True
VISIT_000079,P_04745,Person,LOC_0015,2027-03-23T14:30:05,SURVEILLANCE_OR_LBS_LOG,0.88,True
VISIT_000080,P_02570,Person,LOC_0192,2025-03-19T04:05:07,SURVEILLANCE_OR_LBS_LOG,0.81,True
VISIT_000081,P_04216,Person,LOC_0123,2027-11-05T22:07:15,SURVEILLANCE_OR_LBS_LOG,0.93,True
VISIT_000082,P_00466,Person,LOC_0041,2027-12-15T19:49:21,SURVEILLANCE_OR_LBS_LOG,0.88,True
VISIT_000083,P_01523,Person,LOC_0218,2025-03-28T03:40:56,SURVEILLANCE_OR_LBS_LOG,0.89,True
VISIT_000084,P_01927,Person,LOC_0173,2026-04-01T02:53:04,SURVEILLANCE_OR_LBS_LOG,0.82,True
VISIT_000085,P_04667,Person,LOC_0228,2025-09-18T00:25:04,SURVEILLANCE_OR_LBS_LOG,0.89,True
VISIT_000086,P_00672,Person,LOC_0011,2026-04-10T13:54:12,SURVEILLANCE_OR_LBS_LOG,0.9,True
VISIT_000087,P_04379,Person,LOC_0145,2025-12-19T05:08:57,SURVEILLANCE_OR_LBS_LOG,0.94,True
VISIT_000088,P_02574,Person,LOC_0053,2025-09-05T02:18:12,SURVEILLANCE_OR_LBS_LOG,0.84,True
VISIT_000089,P_02006,Person,LOC_0034,2026-05-09T13:25:51,SURVEILLANCE_OR_LBS_LOG,0.85,True
VISIT_000090,P_00595,Person,LOC_0193,2025-01-18T01:53:46,SURVEILLANCE_OR_LBS_LOG,0.87,True
VISIT_000091,P_00820,Person,LOC_0145,2025-04-01T11:21:28,SURVEILLANCE_OR_LBS_LOG,0.88,True
VISIT_000092,P_02221,Person,LOC_0130,2025-04-19T12:05:15,SURVEILLANCE_OR_LBS_LOG,0.94,True
VISIT_000093,P_00564,Person,LOC_0226,2027-09-07T13:23:33,SURVEILLANCE_OR_LBS_LOG,0.84,True
VISIT_000094,P_01293,Person,LOC_0073,2026-04-24T12:50:10,SURVEILLANCE_OR_LBS_LOG,0.93,True
VISIT_000095,P_02027,Person,LOC_0181,2026-10-25T23:51:58,SURVEILLANCE_OR_LBS_LOG,0.95,True
VISIT_000096,P_04430,Person,LOC_0207,2025-01-16T09:40:03,SURVEILLANCE_OR_LBS_LOG,0.9,True
VISIT_000097,P_02001,Person,LOC_0142,2027-11-16T05:34:38,SURVEILLANCE_OR_LBS_LOG,0.9,True
VISIT_000098,P_01101,Person,LOC_0241,2025-10-13T08:51:30,SURVEILLANCE_OR_LBS_LOG,0.82,True
VISIT_000099,P_04533,Person,LOC_0028,2025-04-30T16:38:10,SURVEILLANCE_OR_LBS_LOG,0.84,True
VISIT_000100,P_01726,Person,LOC_0155,2027-02-27T21:22:11,SURVEILLANCE_OR_LBS_LOG,0.85,True
VISIT_000101,P_02211,Person,LOC_0176,2026-06-20T01:34:43,SURVEILLANCE_OR_LBS_LOG,0.87,True
VISIT_000102,P_00417,Person,LOC_0232,2025-04-07T11:29:19,SURVEILLANCE_OR_LBS_LOG,0.9,True
VISIT_000103,P_02315,Person,LOC_0213,2025-03-01T14:52:25,SURVEILLANCE_OR_LBS_LOG,0.8,True
VISIT_000104,P_01072,Person,LOC_0198,2026-11-29T22:50:42,SURVEILLANCE_OR_LBS_LOG,0.95,True
VISIT_000105,P_03620,Person,LOC_0042,2026-08-19T14:10:07,SURVEILLANCE_OR_LBS_LOG,0.91,True
VISIT_000106,P_00080,Person,LOC_0144,2025-04-12T19:52:47,SURVEILLANCE_OR_LBS_LOG,0.81,True
VISIT_000107,P_01222,Person,LOC_0227,2026-08-11T13:52:05,SURVEILLANCE_OR_LBS_LOG,0.81,True
VISIT_000108,P_04772,Person,LOC_0095,2026-08-21T11:57:34,SURVEILLANCE_OR_LBS_LOG,0.82,True
VISIT_000109,P_00343,Person,LOC_0033,2025-12-05T07:50:21,SURVEILLANCE_OR_LBS_LOG,0.85,True
VISIT_000110,P_00327,Person,LOC_0239,2027-10-09T01:11:28,SURVEILLANCE_OR_LBS_LOG,0.85,True
VISIT_000111,P_02093,Person,LOC_0175,2026-12-30T07:12:08,SURVEILLANCE_OR_LBS_LOG,0.82,True
VISIT_000112,P_04587,Person,LOC_0200,2027-09-13T12:20:38,SURVEILLANCE_OR_LBS_LOG,0.93,True
VISIT_000113,P_01267,Person,LOC_0250,2027-11-10T17:56:09,SURVEILLANCE_OR_LBS_LOG,0.94,True
VISIT_000114,P_01332,Person,LOC_0222,2027-12-31T02:08:18,SURVEILLANCE_OR_LBS_LOG,0.92,True
VISIT_000115,P_03378,Person,LOC_0046,2025-02-05T16:22:52,SURVEILLANCE_OR_LBS_LOG,0.83,True
VISIT_000116,P_02722,Person,LOC_0237,2027-05-18T17:36:12,SURVEILLANCE_OR_LBS_LOG,0.94,True
VISIT_000117,P_02081,Person,LOC_0206,2025-10-16T16:02:13,SURVEILLANCE_OR_LBS_LOG,0.82,True
VISIT_000118,P_00886,Person,LOC_0180,2026-03-07T15:17:49,SURVEILLANCE_OR_LBS_LOG,0.93,True
VISIT_000119,P_03856,Person,LOC_0220,2025-07-13T04:45:54,SURVEILLANCE_OR_LBS_LOG,0.83,True
VISIT_000120,P_03771,Person,LOC_0236,2026-01-26T05:49:29,SURVEILLANCE_OR_LBS_LOG,0.85,True
VISIT_000121,P_01865,Person,LOC_0204,2025-07-16T00:57:25,SURVEILLANCE_OR_LBS_LOG,0.8,True
VISIT_000122,P_03265,Person,LOC_0050,2025-12-29T20:04:20,SURVEILLANCE_OR_LBS_LOG,0.84,True
VISIT_000123,P_02335,Person,LOC_0018,2026-01-26T14:21:57,SURVEILLANCE_OR_LBS_LOG,0.9,True
VISIT_000124,P_04489,Person,LOC_0103,2026-01-01T12:48:25,SURVEILLANCE_OR_LBS_LOG,0.94,True
VISIT_000125,P_02188,Person,LOC_0030,2025-05-27T22:44:45,SURVEILLANCE_OR_LBS_LOG,0.89,True
VISIT_000126,P_00314,Person,LOC_0068,2025-04-11T17:14:54,SURVEILLANCE_OR_LBS_LOG,0.89,True
VISIT_000127,P_02570,Person,LOC_0089,2026-04-23T13:10:19,SURVEILLANCE_OR_LBS_LOG,0.89,True
VISIT_000128,P_00948,Person,LOC_0131,2026-03-10T21:35:43,SURVEILLANCE_OR_LBS_LOG,0.93,True
VISIT_000129,P_02135,Person,LOC_0049,2025-03-01T14:52:25,SURVEILLANCE_OR_LBS_LOG,0.91,True
VISIT_000130,P_04356,Person,LOC_0001,2027-11-10T17:56:09,SURVEILLANCE_OR_LBS_LOG,0.92,True
VISIT_000131,P_01615,Person,LOC_0176,2026-02-09T02:31:39,SURVEILLANCE_OR_LBS_LOG,0.86,True
VISIT_000132,P_02705,Person,LOC_0243,2026-11-10T16:02:59,SURVEILLANCE_OR_LBS_LOG,0.85,True
VISIT_000133,P_01021,Person,LOC_0218,2027-03-02T01:49:32,SURVEILLANCE_OR_LBS_LOG,0.94,True
VISIT_000134,P_02534,Person,LOC_0130,2026-12-30T07:12:08,SURVEILLANCE_OR_LBS_LOG,0.86,True
VISIT_000135,P_02471,Person,LOC_0104,2026-08-22T13:47:54,SURVEILLANCE_OR_LBS_LOG,0.82,True
VISIT_000136,P_03106,Person,LOC_0108,2027-01-09T19:46:16,SURVEILLANCE_OR_LBS_LOG,0.91,True
VISIT_000137,P_04663,Person,LOC_0045,2025-11-24T20:51:28,SURVEILLANCE_OR_LBS_LOG,0.86,True
VISIT_000138,P_00004,Person,LOC_0214,2025-11-30T00:33:29,SURVEILLANCE_OR_LBS_LOG,0.84,True
VISIT_000139,P_04752,Person,LOC_0111,2026-10-20T03:36:46,SURVEILLANCE_OR_LBS_LOG,0.9,True
VISIT_000140,P_03620,Person,LOC_0120,2026-04-26T12:30:15,SURVEILLANCE_OR_LBS_LOG,0.9,True
VISIT_000141,P_03877,Person,LOC_0131,2027-05-28T20:25:26,SURVEILLANCE_OR_LBS_LOG,0.94,True
VISIT_000142,P_01391,Person,LOC_0204,2026-12-24T19:40:04,SURVEILLANCE_OR_LBS_LOG,0.81,True
VISIT_000143,P_02746,Person,LOC_0132,2025-04-07T22:33:55,SURVEILLANCE_OR_LBS_LOG,0.92,True
VISIT_000144,P_01925,Person,LOC_0193,2027-01-05T17:04:47,SURVEILLANCE_OR_LBS_LOG,0.85,True
VISIT_000145,P_01632,Person,LOC_0207,2025-04-25T05:00:18,SURVEILLANCE_OR_LBS_LOG,0.8,True
VISIT_000146,P_03893,Person,LOC_0063,2026-10-24T18:22:42,SURVEILLANCE_OR_LBS_LOG,0.93,True
VISIT_000147,P_03731,Person,LOC_0019,2026-04-09T07:50:55,SURVEILLANCE_OR_LBS_LOG,0.93,True
VISIT_000148,P_01593,Person,LOC_0148,2027-02-28T23:59:23,SURVEILLANCE_OR_LBS_LOG,0.9,True
VISIT_000149,P_03274,Person,LOC_0127,2025-09-12T05:38:52,SURVEILLANCE_OR_LBS_LOG,0.82,True
VISIT_000150,P_00046,Person,LOC_0177,2027-09-26T01:27:09,SURVEILLANCE_OR_LBS_LOG,0.91,True
VISIT_000151,P_00874,Person,LOC_0198,2027-05-12T08:46:44,SURVEILLANCE_OR_LBS_LOG,0.86,True
VISIT_000152,P_04340,Person,LOC_0046,2026-05-18T04:43:29,SURVEILLANCE_OR_LBS_LOG,0.81,True
VISIT_000153,P_00995,Person,LOC_0064,2026-05-09T12:19:35,SURVEILLANCE_OR_LBS_LOG,0.82,True
VISIT_000154,P_04448,Person,LOC_0119,2026-08-24T22:10:07,SURVEILLANCE_OR_LBS_LOG,0.89,True
VISIT_000155,P_03626,Person,LOC_0244,2026-10-26T11:48:43,SURVEILLANCE_OR_LBS_LOG,0.92,True
VISIT_000156,P_04232,Person,LOC_0229,2026-04-18T12:27:49,SURVEILLANCE_OR_LBS_LOG,0.92,True
VISIT_000157,P_03653,Person,LOC_0141,2027-10-05T09:37:44,SURVEILLANCE_OR_LBS_LOG,0.82,True
VISIT_000158,P_03889,Person,LOC_0221,2026-05-02T02:42:24,SURVEILLANCE_OR_LBS_LOG,0.84,True
VISIT_000159,P_02320,Person,LOC_0064,2027-04-24T23:30:56,SURVEILLANCE_OR_LBS_LOG,0.92,True
VISIT_000160,P_01960,Person,LOC_0125,2025-10-23T20:14:05,SURVEILLANCE_OR_LBS_LOG,0.87,True
VISIT_000161,P_02389,Person,LOC_0183,2025-09-01T10:17:52,SURVEILLANCE_OR_LBS_LOG,0.84,True
VISIT_000162,P_04021,Person,LOC_0082,2025-04-03T14:35:21,SURVEILLANCE_OR_LBS_LOG,0.82,True
VISIT_000163,P_03138,Person,LOC_0060,2027-02-01T07:57:48,SURVEILLANCE_OR_LBS_LOG,0.82,True
VISIT_000164,P_00527,Person,LOC_0055,2026-04-09T07:50:55,SURVEILLANCE_OR_LBS_LOG,0.86,True
VISIT_000165,P_03817,Person,LOC_0139,2026-04-09T12:00:04,SURVEILLANCE_OR_LBS_LOG,0.81,True
VISIT_000166,P_03442,Person,LOC_0214,2026-03-14T07:25:24,SURVEILLANCE_OR_LBS_LOG,0.94,True
VISIT_000167,P_00161,Person,LOC_0150,2027-08-09T06:30:05,SURVEILLANCE_OR_LBS_LOG,0.93,True
VISIT_000168,P_03117,Person,LOC_0148,2026-05-30T19:44:18,SURVEILLANCE_OR_LBS_LOG,0.8,True
VISIT_000169,P_02495,Person,LOC_0091,2027-04-10T11:56:47,SURVEILLANCE_OR_LBS_LOG,0.86,True
VISIT_000170,P_03433,Person,LOC_0229,2026-08-04T12:11:54,SURVEILLANCE_OR_LBS_LOG,0.91,True
VISIT_000171,P_04942,Person,LOC_0140,2027-10-08T12:35:53,SURVEILLANCE_OR_LBS_LOG,0.83,True
VISIT_000172,P_02284,Person,LOC_0057,2026-04-23T13:10:19,SURVEILLANCE_OR_LBS_LOG,0.87,True
VISIT_000173,P_02754,Person,LOC_0100,2027-01-04T04:41:04,SURVEILLANCE_OR_LBS_LOG,0.9,True
VISIT_000174,P_01353,Person,LOC_0104,2027-07-20T04:24:26,SURVEILLANCE_OR_LBS_LOG,0.87,True
VISIT_000175,P_04472,Person,LOC_0033,2025-02-08T10:32:10,SURVEILLANCE_OR_LBS_LOG,0.94,True
VISIT_000176,P_04624,Person,LOC_0152,2026-12-28T01:46:20,SURVEILLANCE_OR_LBS_LOG,0.8,True
VISIT_000177,P_03512,Person,LOC_0165,2025-04-20T21:21:57,SURVEILLANCE_OR_LBS_LOG,0.93,True
VISIT_000178,P_00412,Person,LOC_0047,2025-10-10T02:52:38,SURVEILLANCE_OR_LBS_LOG,0.86,True
VISIT_000179,P_03725,Person,LOC_0055,2025-12-27T23:42:12,SURVEILLANCE_OR_LBS_LOG,0.85,True
VISIT_000180,P_03106,Person,LOC_0226,2025-10-27T00:36:20,SURVEILLANCE_OR_LBS_LOG,0.91,True
VISIT_000181,P_03454,Person,LOC_0213,2025-09-28T08:56:17,SURVEILLANCE_OR_LBS_LOG,0.93,True
VISIT_000182,P_00159,Person,LOC_0121,2027-04-08T06:24:13,SURVEILLANCE_OR_LBS_LOG,0.88,True
VISIT_000183,P_02867,Person,LOC_0244,2025-07-21T09:14:49,SURVEILLANCE_OR_LBS_LOG,0.9,True
VISIT_000184,P_00330,Person,LOC_0200,2027-04-11T07:23:44,SURVEILLANCE_OR_LBS_LOG,0.8,True
VISIT_000185,P_01634,Person,LOC_0064,2027-07-19T15:37:47,SURVEILLANCE_OR_LBS_LOG,0.8,True
VISIT_000186,P_01955,Person,LOC_0040,2025-04-17T02:55:00,SURVEILLANCE_OR_LBS_LOG,0.87,True
VISIT_000187,P_04621,Person,LOC_0030,2027-11-28T16:33:20,SURVEILLANCE_OR_LBS_LOG,0.83,True
VISIT_000188,P_02148,Person,LOC_0180,2027-05-04T00:56:19,SURVEILLANCE_OR_LBS_LOG,0.86,True
VISIT_000189,P_04975,Person,LOC_0156,2027-12-16T18:06:51,SURVEILLANCE_OR_LBS_LOG,0.91,True
VISIT_000190,P_01342,Person,LOC_0030,2027-12-16T23:00:02,SURVEILLANCE_OR_LBS_LOG,0.85,True
VISIT_000191,P_00211,Person,LOC_0149,2027-11-12T16:09:48,SURVEILLANCE_OR_LBS_LOG,0.85,True
VISIT_000192,P_03075,Person,LOC_0174,2026-03-24T05:37:33,SURVEILLANCE_OR_LBS_LOG,0.94,True
VISIT_000193,P_00623,Person,LOC_0051,2026-09-25T06:22:42,SURVEILLANCE_OR_LBS_LOG,0.9,True
VISIT_000194,P_01990,Person,LOC_0161,2025-04-10T08:31:32,SURVEILLANCE_OR_LBS_LOG,0.9,True
VISIT_000195,P_04919,Person,LOC_0078,2027-06-09T17:32:36,SURVEILLANCE_OR_LBS_LOG,0.82,True
VISIT_000196,P_00337,Person,LOC_0145,2026-01-22T19:38:07,SURVEILLANCE_OR_LBS_LOG,0.88,True
VISIT_000197,P_03036,Person,LOC_0170,2025-03-28T03:40:56,SURVEILLANCE_OR_LBS_LOG,0.88,True
VISIT_000198,P_00104,Person,LOC_0088,2027-07-27T00:02:30,SURVEILLANCE_OR_LBS_LOG,0.86,True
VISIT_000199,P_00865,Person,LOC_0126,2026-04-22T09:32:42,SURVEILLANCE_OR_LBS_LOG,0.94,True
VISIT_000200,P_03767,Person,LOC_0163,2027-02-18T07:54:04,SURVEILLANCE_OR_LBS_LOG,0.82,True
VISIT_000201,P_04371,Person,LOC_0046,2027-12-17T08:02:52,SURVEILLANCE_OR_LBS_LOG,0.9,True
VISIT_000202,P_04005,Person,LOC_0158,2027-05-09T22:12:43,SURVEILLANCE_OR_LBS_LOG,0.87,True
VISIT_000203,P_04854,Person,LOC_0112,2025-10-19T19:06:05,SURVEILLANCE_OR_LBS_LOG,0.85,True
VISIT_000204,P_00710,Person,LOC_0063,2025-10-27T02:56:06,SURVEILLANCE_OR_LBS_LOG,0.93,True
VISIT_000205,P_03807,Person,LOC_0063,2026-09-02T22:33:03,SURVEILLANCE_OR_LBS_LOG,0.89,True
VISIT_000206,P_02756,Person,LOC_0098,2025-02-11T04:45:46,SURVEILLANCE_OR_LBS_LOG,0.87,True
VISIT_000207,P_01490,Person,LOC_0084,2026-06-08T05:13:38,SURVEILLANCE_OR_LBS_LOG,0.83,True
VISIT_000208,P_02165,Person,LOC_0205,2026-01-13T16:42:41,SURVEILLANCE_OR_LBS_LOG,0.84,True
VISIT_000209,P_02312,Person,LOC_0153,2026-08-22T23:25:19,SURVEILLANCE_OR_LBS_LOG,0.8,True
VISIT_000210,P_01566,Person,LOC_0243,2025-04-04T20:08:32,SURVEILLANCE_OR_LBS_LOG,0.84,True
VISIT_000211,P_04099,Person,LOC_0105,2026-08-22T17:25:01,SURVEILLANCE_OR_LBS_LOG,0.91,True
VISIT_000212,P_03901,Person,LOC_0177,2026-12-10T18:46:01,SURVEILLANCE_OR_LBS_LOG,0.91,True
VISIT_000213,P_00142,Person,LOC_0115,2025-04-07T22:33:55,SURVEILLANCE_OR_LBS_LOG,0.84,True
VISIT_000214,P_01994,Person,LOC_0104,2025-12-03T19:42:11,SURVEILLANCE_OR_LBS_LOG,0.9,True
VISIT_000215,P_03877,Person,LOC_0095,2026-08-21T13:03:32,SURVEILLANCE_OR_LBS_LOG,0.88,True
VISIT_000216,P_04509,Person,LOC_0109,2025-12-31T23:29:59,SURVEILLANCE_OR_LBS_LOG,0.85,True
VISIT_000217,P_02268,Person,LOC_0117,2025-12-03T19:42:11,SURVEILLANCE_OR_LBS_LOG,0.84,True
VISIT_000218,P_01578,Person,LOC_0031,2025-12-19T05:08:57,SURVEILLANCE_OR_LBS_LOG,0.82,True
VISIT_000219,P_01517,Person,LOC_0138,2025-06-13T02:08:05,SURVEILLANCE_OR_LBS_LOG,0.83,True
VISIT_000220,P_02314,Person,LOC_0124,2027-03-07T13:41:48,SURVEILLANCE_OR_LBS_LOG,0.89,True
VISIT_000221,P_04394,Person,LOC_0195,2026-10-03T04:35:40,SURVEILLANCE_OR_LBS_LOG,0.84,True
VISIT_000222,P_01591,Person,LOC_0026,2025-11-20T15:30:51,SURVEILLANCE_OR_LBS_LOG,0.83,True
VISIT_000223,P_02025,Person,LOC_0046,2025-01-20T20:29:52,SURVEILLANCE_OR_LBS_LOG,0.91,True
VISIT_000224,P_02296,Person,LOC_0033,2025-03-01T21:25:10,SURVEILLANCE_OR_LBS_LOG,0.95,True
VISIT_000225,P_02442,Person,LOC_0142,2027-02-07T15:39:30,SURVEILLANCE_OR_LBS_LOG,0.94,True
VISIT_000226,P_04118,Person,LOC_0164,2025-04-10T11:53:43,SURVEILLANCE_OR_LBS_LOG,0.93,True
VISIT_000227,P_02378,Person,LOC_0147,2026-05-25T08:44:59,SURVEILLANCE_OR_LBS_LOG,0.87,True
VISIT_000228,P_01511,Person,LOC_0088,2027-12-17T08:02:52,SURVEILLANCE_OR_LBS_LOG,0.81,True
VISIT_000229,P_03914,Person,LOC_0241,2025-04-13T05:33:48,SURVEILLANCE_OR_LBS_LOG,0.92,True
VISIT_000230,P_04125,Person,LOC_0103,2025-04-01T11:21:28,SURVEILLANCE_OR_LBS_LOG,0.89,True
VISIT_000231,P_00440,Person,LOC_0176,2025-04-28T11:37:33,SURVEILLANCE_OR_LBS_LOG,0.82,True
VISIT_000232,P_02038,Person,LOC_0145,2025-04-04T20:08:32,SURVEILLANCE_OR_LBS_LOG,0.95,True
VISIT_000233,P_04572,Person,LOC_0031,2027-04-22T21:41:34,SURVEILLANCE_OR_LBS_LOG,0.86,True
VISIT_000234,P_01849,Person,LOC_0153,2027-05-11T10:10:55,SURVEILLANCE_OR_LBS_LOG,0.88,True
VISIT_000235,P_03627,Person,LOC_0116,2025-11-21T02:09:14,SURVEILLANCE_OR_LBS_LOG,0.93,True
VISIT_000236,P_02502,Person,LOC_0110,2026-09-02T15:25:34,SURVEILLANCE_OR_LBS_LOG,0.89,True
VISIT_000237,P_00813,Person,LOC_0157,2027-11-28T16:33:20,SURVEILLANCE_OR_LBS_LOG,0.91,True
VISIT_000238,P_01729,Person,LOC_0161,2025-10-13T08:51:30,SURVEILLANCE_OR_LBS_LOG,0.9,True
VISIT_000239,P_01965,Person,LOC_0041,2025-05-22T03:07:01,SURVEILLANCE_OR_LBS_LOG,0.88,True
VISIT_000240,P_00022,Person,LOC_0041,2026-04-05T03:31:29,SURVEILLANCE_OR_LBS_LOG,0.87,True
VISIT_000241,P_03850,Person,LOC_0153,2025-11-14T11:52:33,SURVEILLANCE_OR_LBS_LOG,0.8,True
VISIT_000242,P_02365,Person,LOC_0074,2027-02-15T01:20:47,SURVEILLANCE_OR_LBS_LOG,0.93,True
VISIT_000243,P_01913,Person,LOC_0019,2027-11-10T12:19:56,SURVEILLANCE_OR_LBS_LOG,0.84,True
VISIT_000244,P_04832,Person,LOC_0203,2026-12-26T19:05:42,SURVEILLANCE_OR_LBS_LOG,0.92,True
VISIT_000245,P_03483,Person,LOC_0051,2025-04-13T05:36:58,SURVEILLANCE_OR_LBS_LOG,0.88,True
VISIT_000246,P_01221,Person,LOC_0166,2027-10-22T01:45:58,SURVEILLANCE_OR_LBS_LOG,0.84,True
VISIT_000247,P_00585,Person,LOC_0037,2025-03-21T10:27:47,SURVEILLANCE_OR_LBS_LOG,0.82,True
VISIT_000248,P_04875,Person,LOC_0079,2027-04-06T15:23:12,SURVEILLANCE_OR_LBS_LOG,0.92,True
VISIT_000249,P_02413,Person,LOC_0236,2026-04-24T18:59:46,SURVEILLANCE_OR_LBS_LOG,0.82,True
VISIT_000250,P_02040,Person,LOC_0177,2027-02-11T15:53:19,SURVEILLANCE_OR_LBS_LOG,0.86,True
