organization_id,name,aliases,type,status,synthetic_demo_record
ORG_0001,Chahal Consultancy Pvt Ltd,Front: Chahal Corp,front_business,active,True
ORG_0002,Bal Logistics Pvt Ltd,Front: Bal Corp,logistics_firm,active,True
ORG_0003,Samra Logistics Pvt Ltd,Front: Samra Corp,front_business,active,True
ORG_0004,Pillay Consultancy Pvt Ltd,Front: Pillay Corp,shell_company,active,True
ORG_0005,Shanker Holdings Pvt Ltd,Front: Shanker Corp,import_export,active,True
ORG_0006,Deshmukh Consultancy Pvt Ltd,Front: Deshmukh Corp,logistics_firm,active,True
ORG_0007,Sehgal Logistics Pvt Ltd,Front: Sehgal Corp,criminal_gang,active,True
ORG_0008,Sama Consultancy Pvt Ltd,Front: Sama Corp,front_business,active,True
ORG_0009,Raja Enterprises Pvt Ltd,Front: Raja Corp,import_export,active,True
ORG_0010,Peri Consultancy Pvt Ltd,Front: Peri Corp,import_export,active,True
ORG_0011,Sama Enterprises Pvt Ltd,Front: Sama Corp,criminal_gang,active,True
ORG_0012,Dugar Traders Pvt Ltd,Front: Dugar Corp,shell_company,active,True
ORG_0013,Basak Exports Pvt Ltd,Front: Basak Corp,front_business,active,True
ORG_0014,Sama Enterprises Pvt Ltd,Front: Sama Corp,import_export,active,True
ORG_0015,Tara Logistics Pvt Ltd,Front: Tara Corp,shell_company,active,True
ORG_0016,Bawa Enterprises Pvt Ltd,Front: Bawa Corp,front_business,active,True
ORG_0017,Keer Enterprises Pvt Ltd,Front: Keer Corp,shell_company,active,True
ORG_0018,Kaul Enterprises Pvt Ltd,Front: Kaul Corp,front_business,active,True
ORG_0019,Kala Enterprises Pvt Ltd,Front: Kala Corp,logistics_firm,active,True
ORG_0020,Prashad Holdings Pvt Ltd,Front: Prashad Corp,shell_company,active,True
ORG_0021,Sastry Consultancy Pvt Ltd,Front: Sastry Corp,criminal_gang,active,True
ORG_0022,Sur Exports Pvt Ltd,Front: Sur Corp,logistics_firm,active,True
ORG_0023,Sha Exports Pvt Ltd,Front: Sha Corp,criminal_gang,active,True
ORG_0024,Kunda Logistics Pvt Ltd,Front: Kunda Corp,shell_company,active,True
ORG_0025,Mukhopadhyay Traders Pvt Ltd,Front: Mukhopadhyay Corp,front_business,active,True
ORG_0026,Chandran Enterprises Pvt Ltd,Front: Chandran Corp,shell_company,active,True
ORG_0027,Bandi Holdings Pvt Ltd,Front: Bandi Corp,logistics_firm,active,True
ORG_0028,Krishnamurthy Exports Pvt Ltd,Front: Krishnamurthy Corp,shell_company,active,True
ORG_0029,Jain Exports Pvt Ltd,Front: Jain Corp,front_business,active,True
ORG_0030,Singh Exports Pvt Ltd,Front: Singh Corp,logistics_firm,active,True
ORG_0031,Dara Consultancy Pvt Ltd,Front: Dara Corp,shell_company,active,True
ORG_0032,Choudhury Exports Pvt Ltd,Front: Choudhury Corp,front_business,active,True
ORG_0033,Venkatesh Exports Pvt Ltd,Front: Venkatesh Corp,front_business,active,True
ORG_0034,Grewal Enterprises Pvt Ltd,Front: Grewal Corp,logistics_firm,active,True
ORG_0035,Bhakta Consultancy Pvt Ltd,Front: Bhakta Corp,criminal_gang,active,True
ORG_0036,Arora Consultancy Pvt Ltd,Front: Arora Corp,logistics_firm,active,True
ORG_0037,Kamdar Traders Pvt Ltd,Front: Kamdar Corp,logistics_firm,active,True
ORG_0038,Maharaj Enterprises Pvt Ltd,Front: Maharaj Corp,front_business,active,True
ORG_0039,Banik Enterprises Pvt Ltd,Front: Banik Corp,criminal_gang,active,True
ORG_0040,Korpal Consultancy Pvt Ltd,Front: Korpal Corp,import_export,active,True
ORG_0041,Nayak Holdings Pvt Ltd,Front: Nayak Corp,import_export,active,True
ORG_0042,Vaidya Logistics Pvt Ltd,Front: Vaidya Corp,shell_company,active,True
ORG_0043,Goswami Logistics Pvt Ltd,Front: Goswami Corp,logistics_firm,active,True
ORG_0044,Sood Enterprises Pvt Ltd,Front: Sood Corp,import_export,active,True
ORG_0045,Comar Enterprises Pvt Ltd,Front: Comar Corp,shell_company,active,True
ORG_0046,Sunder Holdings Pvt Ltd,Front: Sunder Corp,criminal_gang,active,True
ORG_0047,Hora Holdings Pvt Ltd,Front: Hora Corp,shell_company,active,True
ORG_0048,Deshmukh Exports Pvt Ltd,Front: Deshmukh Corp,shell_company,active,True
ORG_0049,Bera Exports Pvt Ltd,Front: Bera Corp,logistics_firm,active,True
ORG_0050,Kakar Holdings Pvt Ltd,Front: Kakar Corp,shell_company,active,True
ORG_0051,Buch Holdings Pvt Ltd,Front: Buch Corp,front_business,active,True
ORG_0052,Apte Consultancy Pvt Ltd,Front: Apte Corp,import_export,active,True
ORG_0053,Sarkar Holdings Pvt Ltd,Front: Sarkar Corp,import_export,active,True
ORG_0054,Ranganathan Consultancy Pvt Ltd,Front: Ranganathan Corp,front_business,active,True
ORG_0055,Rana Holdings Pvt Ltd,Front: Rana Corp,front_business,active,True
ORG_0056,Manda Traders Pvt Ltd,Front: Manda Corp,front_business,active,True
ORG_0057,Sarin Consultancy Pvt Ltd,Front: Sarin Corp,logistics_firm,active,True
ORG_0058,Parsa Consultancy Pvt Ltd,Front: Parsa Corp,import_export,active,True
ORG_0059,Char Enterprises Pvt Ltd,Front: Char Corp,shell_company,active,True
ORG_0060,Thaker Exports Pvt Ltd,Front: Thaker Corp,criminal_gang,active,True
ORG_0061,Loke Exports Pvt Ltd,Front: Loke Corp,criminal_gang,active,True
ORG_0062,Soman Enterprises Pvt Ltd,Front: Soman Corp,import_export,active,True
ORG_0063,Trivedi Exports Pvt Ltd,Front: Trivedi Corp,logistics_firm,active,True
ORG_0064,Trivedi Traders Pvt Ltd,Front: Trivedi Corp,criminal_gang,active,True
ORG_0065,Tara Enterprises Pvt Ltd,Front: Tara Corp,shell_company,active,True
ORG_0066,Sibal Consultancy Pvt Ltd,Front: Sibal Corp,logistics_firm,active,True
ORG_0067,Vora Enterprises Pvt Ltd,Front: Vora Corp,logistics_firm,active,True
ORG_0068,Vala Exports Pvt Ltd,Front: Vala Corp,front_business,active,True
ORG_0069,Modi Consultancy Pvt Ltd,Front: Modi Corp,import_export,active,True
ORG_0070,Palla Exports Pvt Ltd,Front: Palla Corp,front_business,active,True
ORG_0071,Tella Exports Pvt Ltd,Front: Tella Corp,import_export,active,True
ORG_0072,Swamy Traders Pvt Ltd,Front: Swamy Corp,front_business,active,True
ORG_0073,Parekh Enterprises Pvt Ltd,Front: Parekh Corp,import_export,active,True
ORG_0074,Shroff Exports Pvt Ltd,Front: Shroff Corp,logistics_firm,active,True
ORG_0075,Sood Consultancy Pvt Ltd,Front: Sood Corp,import_export,active,True
ORG_0076,Chada Traders Pvt Ltd,Front: Chada Corp,criminal_gang,active,True
ORG_0077,Chaudhary Consultancy Pvt Ltd,Front: Chaudhary Corp,front_business,active,True
ORG_0078,Master Logistics Pvt Ltd,Front: Master Corp,logistics_firm,active,True
ORG_0079,Chadha Logistics Pvt Ltd,Front: Chadha Corp,front_business,active,True
ORG_0080,Shanker Consultancy Pvt Ltd,Front: Shanker Corp,logistics_firm,active,True
ORG_0081,Memon Logistics Pvt Ltd,Front: Memon Corp,logistics_firm,active,True
ORG_0082,Saha Exports Pvt Ltd,Front: Saha Corp,logistics_firm,active,True
ORG_0083,Bhavsar Logistics Pvt Ltd,Front: Bhavsar Corp,import_export,active,True
ORG_0084,Bhagat Consultancy Pvt Ltd,Front: Bhagat Corp,front_business,active,True
ORG_0085,Prashad Logistics Pvt Ltd,Front: Prashad Corp,shell_company,active,True
ORG_0086,Goel Logistics Pvt Ltd,Front: Goel Corp,import_export,active,True
ORG_0087,Kar Holdings Pvt Ltd,Front: Kar Corp,shell_company,active,True
ORG_0088,Pandya Enterprises Pvt Ltd,Front: Pandya Corp,import_export,active,True
ORG_0089,Char Traders Pvt Ltd,Front: Char Corp,front_business,active,True
ORG_0090,Bail Enterprises Pvt Ltd,Front: Bail Corp,front_business,active,True
ORG_0091,Yohannan Traders Pvt Ltd,Front: Yohannan Corp,import_export,active,True
ORG_0092,Jayaraman Logistics Pvt Ltd,Front: Jayaraman Corp,front_business,active,True
ORG_0093,Deol Holdings Pvt Ltd,Front: Deol Corp,import_export,active,True
ORG_0094,Tak Exports Pvt Ltd,Front: Tak Corp,shell_company,active,True
ORG_0095,Varughese Exports Pvt Ltd,Front: Varughese Corp,front_business,active,True
ORG_0096,Rao Traders Pvt Ltd,Front: Rao Corp,shell_company,active,True
ORG_0097,Ramanathan Logistics Pvt Ltd,Front: Ramanathan Corp,front_business,active,True
ORG_0098,Venkatesh Logistics Pvt Ltd,Front: Venkatesh Corp,shell_company,active,True
ORG_0099,Sandal Logistics Pvt Ltd,Front: Sandal Corp,shell_company,active,True
ORG_0100,Vohra Logistics Pvt Ltd,Front: Vohra Corp,import_export,active,True
ORG_0101,Mitra Holdings Pvt Ltd,Front: Mitra Corp,logistics_firm,active,True
ORG_0102,Dhingra Traders Pvt Ltd,Front: Dhingra Corp,criminal_gang,active,True
ORG_0103,Badami Consultancy Pvt Ltd,Front: Badami Corp,import_export,active,True
ORG_0104,Bail Exports Pvt Ltd,Front: Bail Corp,logistics_firm,active,True
ORG_0105,Karnik Exports Pvt Ltd,Front: Karnik Corp,shell_company,active,True
ORG_0106,Grover Traders Pvt Ltd,Front: Grover Corp,import_export,active,True
ORG_0107,Rajan Traders Pvt Ltd,Front: Rajan Corp,logistics_firm,active,True
ORG_0108,Narayanan Logistics Pvt Ltd,Front: Narayanan Corp,shell_company,active,True
ORG_0109,Bhasin Traders Pvt Ltd,Front: Bhasin Corp,criminal_gang,active,True
ORG_0110,Kari Traders Pvt Ltd,Front: Kari Corp,import_export,active,True
ORG_0111,Bawa Logistics Pvt Ltd,Front: Bawa Corp,import_export,active,True
ORG_0112,Nadig Consultancy Pvt Ltd,Front: Nadig Corp,criminal_gang,active,True
ORG_0113,Dey Enterprises Pvt Ltd,Front: Dey Corp,import_export,active,True
ORG_0114,Lal Enterprises Pvt Ltd,Front: Lal Corp,shell_company,active,True
ORG_0115,Chandra Traders Pvt Ltd,Front: Chandra Corp,criminal_gang,active,True
ORG_0116,Char Consultancy Pvt Ltd,Front: Char Corp,front_business,active,True
ORG_0117,Mahajan Exports Pvt Ltd,Front: Mahajan Corp,front_business,active,True
ORG_0118,Ganguly Consultancy Pvt Ltd,Front: Ganguly Corp,import_export,active,True
ORG_0119,Baral Holdings Pvt Ltd,Front: Baral Corp,criminal_gang,active,True
ORG_0120,Savant Holdings Pvt Ltd,Front: Savant Corp,logistics_firm,active,True
ORG_0121,Ray Enterprises Pvt Ltd,Front: Ray Corp,front_business,active,True
ORG_0122,Prakash Exports Pvt Ltd,Front: Prakash Corp,import_export,active,True
ORG_0123,Chandran Holdings Pvt Ltd,Front: Chandran Corp,logistics_firm,active,True
ORG_0124,Kapoor Consultancy Pvt Ltd,Front: Kapoor Corp,import_export,active,True
ORG_0125,Kalita Logistics Pvt Ltd,Front: Kalita Corp,front_business,active,True
ORG_0126,Nazareth Logistics Pvt Ltd,Front: Nazareth Corp,front_business,active,True
ORG_0127,Gokhale Logistics Pvt Ltd,Front: Gokhale Corp,shell_company,active,True
ORG_0128,Mandal Exports Pvt Ltd,Front: Mandal Corp,criminal_gang,active,True
ORG_0129,Prakash Exports Pvt Ltd,Front: Prakash Corp,criminal_gang,active,True
ORG_0130,Soni Consultancy Pvt Ltd,Front: Soni Corp,criminal_gang,active,True
ORG_0131,Sarkar Exports Pvt Ltd,Front: Sarkar Corp,criminal_gang,active,True
ORG_0132,Bera Logistics Pvt Ltd,Front: Bera Corp,shell_company,active,True
ORG_0133,Kothari Traders Pvt Ltd,Front: Kothari Corp,shell_company,active,True
ORG_0134,Sahni Holdings Pvt Ltd,Front: Sahni Corp,front_business,active,True
ORG_0135,Bobal Consultancy Pvt Ltd,Front: Bobal Corp,front_business,active,True
ORG_0136,Balasubramanian Consultancy Pvt Ltd,Front: Balasubramanian Corp,shell_company,active,True
ORG_0137,Zacharia Exports Pvt Ltd,Front: Zacharia Corp,criminal_gang,active,True
ORG_0138,Madan Holdings Pvt Ltd,Front: Madan Corp,shell_company,active,True
ORG_0139,Gala Traders Pvt Ltd,Front: Gala Corp,logistics_firm,active,True
ORG_0140,Sridhar Traders Pvt Ltd,Front: Sridhar Corp,logistics_firm,active,True
ORG_0141,Bhagat Enterprises Pvt Ltd,Front: Bhagat Corp,shell_company,active,True
ORG_0142,Mitra Logistics Pvt Ltd,Front: Mitra Corp,logistics_firm,active,True
ORG_0143,Nadig Exports Pvt Ltd,Front: Nadig Corp,shell_company,active,True
ORG_0144,Jha Consultancy Pvt Ltd,Front: Jha Corp,shell_company,active,True
ORG_0145,Vig Consultancy Pvt Ltd,Front: Vig Corp,criminal_gang,active,True
ORG_0146,Samra Logistics Pvt Ltd,Front: Samra Corp,logistics_firm,active,True
ORG_0147,Sawhney Enterprises Pvt Ltd,Front: Sawhney Corp,shell_company,active,True
ORG_0148,Rao Holdings Pvt Ltd,Front: Rao Corp,logistics_firm,active,True
ORG_0149,Boase Exports Pvt Ltd,Front: Boase Corp,criminal_gang,active,True
ORG_0150,Dhar Consultancy Pvt Ltd,Front: Dhar Corp,import_export,active,True
ORG_0151,Sen Traders Pvt Ltd,Front: Sen Corp,logistics_firm,active,True
ORG_0152,Sabharwal Exports Pvt Ltd,Front: Sabharwal Corp,import_export,active,True
ORG_0153,Swaminathan Traders Pvt Ltd,Front: Swaminathan Corp,logistics_firm,active,True
ORG_0154,Puri Exports Pvt Ltd,Front: Puri Corp,logistics_firm,active,True
ORG_0155,Doshi Traders Pvt Ltd,Front: Doshi Corp,logistics_firm,active,True
ORG_0156,Comar Enterprises Pvt Ltd,Front: Comar Corp,front_business,active,True
ORG_0157,Hayre Traders Pvt Ltd,Front: Hayre Corp,front_business,active,True
ORG_0158,Nayak Traders Pvt Ltd,Front: Nayak Corp,import_export,active,True
ORG_0159,Mital Enterprises Pvt Ltd,Front: Mital Corp,import_export,active,True
ORG_0160,Nagi Holdings Pvt Ltd,Front: Nagi Corp,criminal_gang,active,True
ORG_0161,Raval Consultancy Pvt Ltd,Front: Raval Corp,criminal_gang,active,True
ORG_0162,Bir Holdings Pvt Ltd,Front: Bir Corp,shell_company,active,True
ORG_0163,Mand Exports Pvt Ltd,Front: Mand Corp,shell_company,active,True
ORG_0164,Karan Holdings Pvt Ltd,Front: Karan Corp,criminal_gang,active,True
ORG_0165,Dara Consultancy Pvt Ltd,Front: Dara Corp,shell_company,active,True
ORG_0166,Padmanabhan Consultancy Pvt Ltd,Front: Padmanabhan Corp,front_business,active,True
ORG_0167,Hora Exports Pvt Ltd,Front: Hora Corp,import_export,active,True
ORG_0168,Vala Consultancy Pvt Ltd,Front: Vala Corp,shell_company,active,True
ORG_0169,Halder Traders Pvt Ltd,Front: Halder Corp,front_business,active,True
ORG_0170,Modi Enterprises Pvt Ltd,Front: Modi Corp,logistics_firm,active,True
ORG_0171,Patil Enterprises Pvt Ltd,Front: Patil Corp,logistics_firm,active,True
ORG_0172,Konda Exports Pvt Ltd,Front: Konda Corp,logistics_firm,active,True
ORG_0173,Bhatti Logistics Pvt Ltd,Front: Bhatti Corp,criminal_gang,active,True
ORG_0174,Gokhale Exports Pvt Ltd,Front: Gokhale Corp,criminal_gang,active,True
ORG_0175,Bedi Logistics Pvt Ltd,Front: Bedi Corp,import_export,active,True
ORG_0176,Balay Enterprises Pvt Ltd,Front: Balay Corp,front_business,active,True
ORG_0177,Venkatesh Holdings Pvt Ltd,Front: Venkatesh Corp,shell_company,active,True
ORG_0178,Narula Exports Pvt Ltd,Front: Narula Corp,front_business,active,True
ORG_0179,Basak Consultancy Pvt Ltd,Front: Basak Corp,front_business,active,True
ORG_0180,Muni Holdings Pvt Ltd,Front: Muni Corp,shell_company,active,True
ORG_0181,Batta Consultancy Pvt Ltd,Front: Batta Corp,criminal_gang,active,True
ORG_0182,Balan Holdings Pvt Ltd,Front: Balan Corp,shell_company,active,True
ORG_0183,Gill Enterprises Pvt Ltd,Front: Gill Corp,front_business,active,True
ORG_0184,Mammen Logistics Pvt Ltd,Front: Mammen Corp,shell_company,active,True
ORG_0185,Chawla Traders Pvt Ltd,Front: Chawla Corp,front_business,active,True
ORG_0186,Seshadri Holdings Pvt Ltd,Front: Seshadri Corp,import_export,active,True
ORG_0187,Balay Holdings Pvt Ltd,Front: Balay Corp,logistics_firm,active,True
ORG_0188,Kale Enterprises Pvt Ltd,Front: Kale Corp,logistics_firm,active,True
ORG_0189,Ravel Enterprises Pvt Ltd,Front: Ravel Corp,front_business,active,True
ORG_0190,Krishnamurthy Exports Pvt Ltd,Front: Krishnamurthy Corp,logistics_firm,active,True
ORG_0191,Goswami Exports Pvt Ltd,Front: Goswami Corp,shell_company,active,True
ORG_0192,Kohli Holdings Pvt Ltd,Front: Kohli Corp,import_export,active,True
ORG_0193,Swaminathan Consultancy Pvt Ltd,Front: Swaminathan Corp,criminal_gang,active,True
ORG_0194,Kothari Enterprises Pvt Ltd,Front: Kothari Corp,shell_company,active,True
ORG_0195,Kalla Traders Pvt Ltd,Front: Kalla Corp,criminal_gang,active,True
ORG_0196,Brahmbhatt Holdings Pvt Ltd,Front: Brahmbhatt Corp,shell_company,active,True
ORG_0197,Jayaraman Consultancy Pvt Ltd,Front: Jayaraman Corp,shell_company,active,True
ORG_0198,Mistry Logistics Pvt Ltd,Front: Mistry Corp,logistics_firm,active,True
ORG_0199,Dixit Logistics Pvt Ltd,Front: Dixit Corp,shell_company,active,True
ORG_0200,Mukhopadhyay Traders Pvt Ltd,Front: Mukhopadhyay Corp,shell_company,active,True
ORG_0201,Bhatnagar Exports Pvt Ltd,Front: Bhatnagar Corp,import_export,active,True
ORG_0202,Master Enterprises Pvt Ltd,Front: Master Corp,shell_company,active,True
ORG_0203,Sarraf Traders Pvt Ltd,Front: Sarraf Corp,logistics_firm,active,True
ORG_0204,Dasgupta Enterprises Pvt Ltd,Front: Dasgupta Corp,criminal_gang,active,True
ORG_0205,Vala Traders Pvt Ltd,Front: Vala Corp,criminal_gang,active,True
ORG_0206,Subramaniam Traders Pvt Ltd,Front: Subramaniam Corp,front_business,active,True
ORG_0207,Ramaswamy Enterprises Pvt Ltd,Front: Ramaswamy Corp,logistics_firm,active,True
ORG_0208,Gaba Logistics Pvt Ltd,Front: Gaba Corp,front_business,active,True
ORG_0209,Borde Consultancy Pvt Ltd,Front: Borde Corp,import_export,active,True
ORG_0210,Srinivasan Traders Pvt Ltd,Front: Srinivasan Corp,shell_company,active,True
ORG_0211,Singh Holdings Pvt Ltd,Front: Singh Corp,shell_company,active,True
ORG_0212,Menon Holdings Pvt Ltd,Front: Menon Corp,import_export,active,True
ORG_0213,Dhaliwal Traders Pvt Ltd,Front: Dhaliwal Corp,front_business,active,True
ORG_0214,Goel Exports Pvt Ltd,Front: Goel Corp,front_business,active,True
ORG_0215,Chaudhari Consultancy Pvt Ltd,Front: Chaudhari Corp,import_export,active,True
ORG_0216,Banerjee Logistics Pvt Ltd,Front: Banerjee Corp,import_export,active,True
ORG_0217,Chawla Enterprises Pvt Ltd,Front: Chawla Corp,import_export,active,True
ORG_0218,Talwar Holdings Pvt Ltd,Front: Talwar Corp,logistics_firm,active,True
ORG_0219,Deshpande Exports Pvt Ltd,Front: Deshpande Corp,criminal_gang,active,True
ORG_0220,Tandon Holdings Pvt Ltd,Front: Tandon Corp,criminal_gang,active,True
ORG_0221,Loke Enterprises Pvt Ltd,Front: Loke Corp,criminal_gang,active,True
ORG_0222,Deol Enterprises Pvt Ltd,Front: Deol Corp,front_business,active,True
ORG_0223,Buch Exports Pvt Ltd,Front: Buch Corp,front_business,active,True
ORG_0224,Oak Holdings Pvt Ltd,Front: Oak Corp,logistics_firm,active,True
ORG_0225,Chadha Holdings Pvt Ltd,Front: Chadha Corp,shell_company,active,True
ORG_0226,Srinivasan Holdings Pvt Ltd,Front: Srinivasan Corp,criminal_gang,active,True
ORG_0227,Nazareth Exports Pvt Ltd,Front: Nazareth Corp,shell_company,active,True
ORG_0228,Bahri Exports Pvt Ltd,Front: Bahri Corp,front_business,active,True
ORG_0229,Swaminathan Traders Pvt Ltd,Front: Swaminathan Corp,logistics_firm,active,True
ORG_0230,Sama Logistics Pvt Ltd,Front: Sama Corp,shell_company,active,True
ORG_0231,Keer Enterprises Pvt Ltd,Front: Keer Corp,import_export,active,True
ORG_0232,Buch Logistics Pvt Ltd,Front: Buch Corp,import_export,active,True
ORG_0233,Kar Enterprises Pvt Ltd,Front: Kar Corp,criminal_gang,active,True
ORG_0234,Dhawan Traders Pvt Ltd,Front: Dhawan Corp,import_export,active,True
ORG_0235,Mahal Consultancy Pvt Ltd,Front: Mahal Corp,logistics_firm,active,True
ORG_0236,Bhasin Holdings Pvt Ltd,Front: Bhasin Corp,shell_company,active,True
ORG_0237,Maharaj Enterprises Pvt Ltd,Front: Maharaj Corp,logistics_firm,active,True
ORG_0238,Ramachandran Logistics Pvt Ltd,Front: Ramachandran Corp,logistics_firm,active,True
ORG_0239,Buch Traders Pvt Ltd,Front: Buch Corp,logistics_firm,active,True
ORG_0240,Saini Exports Pvt Ltd,Front: Saini Corp,import_export,active,True
ORG_0241,Nagar Logistics Pvt Ltd,Front: Nagar Corp,shell_company,active,True
ORG_0242,Chanda Consultancy Pvt Ltd,Front: Chanda Corp,criminal_gang,active,True
ORG_0243,Randhawa Exports Pvt Ltd,Front: Randhawa Corp,logistics_firm,active,True
ORG_0244,Ramanathan Exports Pvt Ltd,Front: Ramanathan Corp,shell_company,active,True
ORG_0245,Garg Traders Pvt Ltd,Front: Garg Corp,import_export,active,True
ORG_0246,Srivastava Holdings Pvt Ltd,Front: Srivastava Corp,logistics_firm,active,True
ORG_0247,Chanda Consultancy Pvt Ltd,Front: Chanda Corp,import_export,active,True
ORG_0248,Majumdar Consultancy Pvt Ltd,Front: Majumdar Corp,front_business,active,True
ORG_0249,Panchal Holdings Pvt Ltd,Front: Panchal Corp,shell_company,active,True
ORG_0250,Sule Enterprises Pvt Ltd,Front: Sule Corp,shell_company,active,True
ORG_0251,Behl Traders Pvt Ltd,Front: Behl Corp,shell_company,active,True
ORG_0252,Samra Holdings Pvt Ltd,Front: Samra Corp,front_business,active,True
ORG_0253,Nadig Traders Pvt Ltd,Front: Nadig Corp,front_business,active,True
ORG_0254,Wali Consultancy Pvt Ltd,Front: Wali Corp,criminal_gang,active,True
ORG_0255,Sant Holdings Pvt Ltd,Front: Sant Corp,import_export,active,True
ORG_0256,Tripathi Logistics Pvt Ltd,Front: Tripathi Corp,logistics_firm,active,True
ORG_0257,Sarin Consultancy Pvt Ltd,Front: Sarin Corp,logistics_firm,active,True
ORG_0258,Gaba Consultancy Pvt Ltd,Front: Gaba Corp,import_export,active,True
ORG_0259,Kala Logistics Pvt Ltd,Front: Kala Corp,criminal_gang,active,True
ORG_0260,Sathe Traders Pvt Ltd,Front: Sathe Corp,criminal_gang,active,True
ORG_0261,Vaidya Logistics Pvt Ltd,Front: Vaidya Corp,logistics_firm,active,True
ORG_0262,Prabhu Logistics Pvt Ltd,Front: Prabhu Corp,import_export,active,True
ORG_0263,Sen Exports Pvt Ltd,Front: Sen Corp,criminal_gang,active,True
ORG_0264,Shere Logistics Pvt Ltd,Front: Shere Corp,shell_company,active,True
ORG_0265,Char Logistics Pvt Ltd,Front: Char Corp,front_business,active,True
ORG_0266,Sheth Logistics Pvt Ltd,Front: Sheth Corp,import_export,active,True
ORG_0267,Das Holdings Pvt Ltd,Front: Das Corp,shell_company,active,True
ORG_0268,Gokhale Exports Pvt Ltd,Front: Gokhale Corp,import_export,active,True
ORG_0269,Bhatti Traders Pvt Ltd,Front: Bhatti Corp,shell_company,active,True
ORG_0270,Hayer Holdings Pvt Ltd,Front: Hayer Corp,import_export,active,True
ORG_0271,Chadha Holdings Pvt Ltd,Front: Chadha Corp,import_export,active,True
ORG_0272,Tailor Exports Pvt Ltd,Front: Tailor Corp,logistics_firm,active,True
ORG_0273,Raghavan Traders Pvt Ltd,Front: Raghavan Corp,criminal_gang,active,True
ORG_0274,Sridhar Traders Pvt Ltd,Front: Sridhar Corp,logistics_firm,active,True
ORG_0275,Agarwal Traders Pvt Ltd,Front: Agarwal Corp,import_export,active,True
ORG_0276,Suri Holdings Pvt Ltd,Front: Suri Corp,shell_company,active,True
ORG_0277,Apte Traders Pvt Ltd,Front: Apte Corp,import_export,active,True
ORG_0278,Agarwal Consultancy Pvt Ltd,Front: Agarwal Corp,criminal_gang,active,True
ORG_0279,Datta Enterprises Pvt Ltd,Front: Datta Corp,import_export,active,True
ORG_0280,Garg Holdings Pvt Ltd,Front: Garg Corp,shell_company,active,True
ORG_0281,Sarna Traders Pvt Ltd,Front: Sarna Corp,shell_company,active,True
ORG_0282,Samra Exports Pvt Ltd,Front: Samra Corp,criminal_gang,active,True
ORG_0283,Dyal Logistics Pvt Ltd,Front: Dyal Corp,logistics_firm,active,True
ORG_0284,Malhotra Consultancy Pvt Ltd,Front: Malhotra Corp,logistics_firm,active,True
ORG_0285,Mohan Holdings Pvt Ltd,Front: Mohan Corp,shell_company,active,True
ORG_0286,Nayar Logistics Pvt Ltd,Front: Nayar Corp,criminal_gang,active,True
ORG_0287,Goswami Logistics Pvt Ltd,Front: Goswami Corp,logistics_firm,active,True
ORG_0288,Savant Enterprises Pvt Ltd,Front: Savant Corp,front_business,active,True
ORG_0289,Tiwari Traders Pvt Ltd,Front: Tiwari Corp,front_business,active,True
ORG_0290,Mannan Traders Pvt Ltd,Front: Mannan Corp,shell_company,active,True
ORG_0291,Hayre Holdings Pvt Ltd,Front: Hayre Corp,criminal_gang,active,True
ORG_0292,Acharya Holdings Pvt Ltd,Front: Acharya Corp,front_business,active,True
ORG_0293,Anne Holdings Pvt Ltd,Front: Anne Corp,import_export,active,True
ORG_0294,Kanda Logistics Pvt Ltd,Front: Kanda Corp,shell_company,active,True
ORG_0295,Taneja Logistics Pvt Ltd,Front: Taneja Corp,logistics_firm,active,True
ORG_0296,Tella Consultancy Pvt Ltd,Front: Tella Corp,import_export,active,True
ORG_0297,Baral Traders Pvt Ltd,Front: Baral Corp,front_business,active,True
ORG_0298,Salvi Enterprises Pvt Ltd,Front: Salvi Corp,front_business,active,True
ORG_0299,Mangat Traders Pvt Ltd,Front: Mangat Corp,shell_company,active,True
ORG_0300,Sampath Logistics Pvt Ltd,Front: Sampath Corp,criminal_gang,active,True
ORG_0301,Oak Consultancy Pvt Ltd,Front: Oak Corp,criminal_gang,active,True
ORG_0302,Mohanty Logistics Pvt Ltd,Front: Mohanty Corp,logistics_firm,active,True
ORG_0303,Chahal Traders Pvt Ltd,Front: Chahal Corp,import_export,active,True
ORG_0304,Zachariah Traders Pvt Ltd,Front: Zachariah Corp,criminal_gang,active,True
ORG_0305,Sachdeva Holdings Pvt Ltd,Front: Sachdeva Corp,criminal_gang,active,True
ORG_0306,Modi Consultancy Pvt Ltd,Front: Modi Corp,logistics_firm,active,True
ORG_0307,Vaidya Traders Pvt Ltd,Front: Vaidya Corp,import_export,active,True
ORG_0308,Sur Enterprises Pvt Ltd,Front: Sur Corp,criminal_gang,active,True
ORG_0309,Magar Exports Pvt Ltd,Front: Magar Corp,logistics_firm,active,True
ORG_0310,Hari Exports Pvt Ltd,Front: Hari Corp,criminal_gang,active,True
ORG_0311,Gokhale Logistics Pvt Ltd,Front: Gokhale Corp,criminal_gang,active,True
ORG_0312,Amble Consultancy Pvt Ltd,Front: Amble Corp,front_business,active,True
ORG_0313,Kadakia Consultancy Pvt Ltd,Front: Kadakia Corp,shell_company,active,True
ORG_0314,Dhaliwal Logistics Pvt Ltd,Front: Dhaliwal Corp,import_export,active,True
ORG_0315,Ganesan Exports Pvt Ltd,Front: Ganesan Corp,import_export,active,True
ORG_0316,Radhakrishnan Consultancy Pvt Ltd,Front: Radhakrishnan Corp,import_export,active,True
ORG_0317,Rau Exports Pvt Ltd,Front: Rau Corp,logistics_firm,active,True
ORG_0318,Thaker Consultancy Pvt Ltd,Front: Thaker Corp,shell_company,active,True
ORG_0319,Sinha Consultancy Pvt Ltd,Front: Sinha Corp,shell_company,active,True
ORG_0320,Bal Holdings Pvt Ltd,Front: Bal Corp,logistics_firm,active,True
ORG_0321,Jhaveri Holdings Pvt Ltd,Front: Jhaveri Corp,logistics_firm,active,True
ORG_0322,Singhal Exports Pvt Ltd,Front: Singhal Corp,criminal_gang,active,True
ORG_0323,Peri Consultancy Pvt Ltd,Front: Peri Corp,logistics_firm,active,True
ORG_0324,Pradhan Consultancy Pvt Ltd,Front: Pradhan Corp,shell_company,active,True
ORG_0325,Swaminathan Exports Pvt Ltd,Front: Swaminathan Corp,criminal_gang,active,True
ORG_0326,Wali Traders Pvt Ltd,Front: Wali Corp,shell_company,active,True
ORG_0327,Pillai Holdings Pvt Ltd,Front: Pillai Corp,criminal_gang,active,True
ORG_0328,Mangat Enterprises Pvt Ltd,Front: Mangat Corp,import_export,active,True
ORG_0329,Narang Enterprises Pvt Ltd,Front: Narang Corp,import_export,active,True
ORG_0330,Sule Logistics Pvt Ltd,Front: Sule Corp,import_export,active,True
ORG_0331,Raju Consultancy Pvt Ltd,Front: Raju Corp,front_business,active,True
ORG_0332,Nair Traders Pvt Ltd,Front: Nair Corp,logistics_firm,active,True
ORG_0333,Kala Exports Pvt Ltd,Front: Kala Corp,front_business,active,True
ORG_0334,Agrawal Consultancy Pvt Ltd,Front: Agrawal Corp,logistics_firm,active,True
ORG_0335,Dhar Traders Pvt Ltd,Front: Dhar Corp,logistics_firm,active,True
ORG_0336,Lad Logistics Pvt Ltd,Front: Lad Corp,front_business,active,True
ORG_0337,Sahota Consultancy Pvt Ltd,Front: Sahota Corp,shell_company,active,True
ORG_0338,Mani Exports Pvt Ltd,Front: Mani Corp,logistics_firm,active,True
ORG_0339,Jha Holdings Pvt Ltd,Front: Jha Corp,logistics_firm,active,True
ORG_0340,Badami Consultancy Pvt Ltd,Front: Badami Corp,criminal_gang,active,True
ORG_0341,Tiwari Logistics Pvt Ltd,Front: Tiwari Corp,front_business,active,True
ORG_0342,Choudhury Exports Pvt Ltd,Front: Choudhury Corp,import_export,active,True
ORG_0343,Kapadia Holdings Pvt Ltd,Front: Kapadia Corp,logistics_firm,active,True
ORG_0344,Dayal Holdings Pvt Ltd,Front: Dayal Corp,front_business,active,True
ORG_0345,Doctor Consultancy Pvt Ltd,Front: Doctor Corp,logistics_firm,active,True
ORG_0346,Ghose Consultancy Pvt Ltd,Front: Ghose Corp,import_export,active,True
ORG_0347,Pal Traders Pvt Ltd,Front: Pal Corp,logistics_firm,active,True
ORG_0348,Sharma Consultancy Pvt Ltd,Front: Sharma Corp,logistics_firm,active,True
ORG_0349,Prabhakar Traders Pvt Ltd,Front: Prabhakar Corp,shell_company,active,True
ORG_0350,Bahl Holdings Pvt Ltd,Front: Bahl Corp,front_business,active,True
ORG_0351,Kuruvilla Enterprises Pvt Ltd,Front: Kuruvilla Corp,criminal_gang,active,True
ORG_0352,Borra Enterprises Pvt Ltd,Front: Borra Corp,criminal_gang,active,True
ORG_0353,Devi Holdings Pvt Ltd,Front: Devi Corp,import_export,active,True
ORG_0354,Gade Logistics Pvt Ltd,Front: Gade Corp,front_business,active,True
ORG_0355,Sama Traders Pvt Ltd,Front: Sama Corp,shell_company,active,True
ORG_0356,Ramaswamy Holdings Pvt Ltd,Front: Ramaswamy Corp,front_business,active,True
ORG_0357,Mohan Logistics Pvt Ltd,Front: Mohan Corp,shell_company,active,True
ORG_0358,Khare Logistics Pvt Ltd,Front: Khare Corp,logistics_firm,active,True
ORG_0359,Prakash Enterprises Pvt Ltd,Front: Prakash Corp,front_business,active,True
ORG_0360,Aggarwal Traders Pvt Ltd,Front: Aggarwal Corp,criminal_gang,active,True
ORG_0361,Mand Enterprises Pvt Ltd,Front: Mand Corp,shell_company,active,True
ORG_0362,Murty Traders Pvt Ltd,Front: Murty Corp,shell_company,active,True
ORG_0363,Pingle Holdings Pvt Ltd,Front: Pingle Corp,front_business,active,True
ORG_0364,Sawhney Exports Pvt Ltd,Front: Sawhney Corp,front_business,active,True
ORG_0365,Kata Exports Pvt Ltd,Front: Kata Corp,import_export,active,True
ORG_0366,Chaudhari Exports Pvt Ltd,Front: Chaudhari Corp,logistics_firm,active,True
ORG_0367,Mangat Logistics Pvt Ltd,Front: Mangat Corp,logistics_firm,active,True
ORG_0368,Dora Traders Pvt Ltd,Front: Dora Corp,front_business,active,True
ORG_0369,Samra Enterprises Pvt Ltd,Front: Samra Corp,front_business,active,True
ORG_0370,Sami Enterprises Pvt Ltd,Front: Sami Corp,front_business,active,True
ORG_0371,Goel Logistics Pvt Ltd,Front: Goel Corp,logistics_firm,active,True
ORG_0372,Dhillon Holdings Pvt Ltd,Front: Dhillon Corp,shell_company,active,True
ORG_0373,Kulkarni Logistics Pvt Ltd,Front: Kulkarni Corp,import_export,active,True
ORG_0374,Swamy Consultancy Pvt Ltd,Front: Swamy Corp,logistics_firm,active,True
ORG_0375,Sarma Consultancy Pvt Ltd,Front: Sarma Corp,front_business,active,True
ORG_0376,Sangha Exports Pvt Ltd,Front: Sangha Corp,shell_company,active,True
ORG_0377,Agate Exports Pvt Ltd,Front: Agate Corp,shell_company,active,True
ORG_0378,Jaggi Logistics Pvt Ltd,Front: Jaggi Corp,front_business,active,True
ORG_0379,Doshi Consultancy Pvt Ltd,Front: Doshi Corp,import_export,active,True
ORG_0380,Thakkar Consultancy Pvt Ltd,Front: Thakkar Corp,criminal_gang,active,True
ORG_0381,Bhargava Holdings Pvt Ltd,Front: Bhargava Corp,front_business,active,True
ORG_0382,Srivastava Consultancy Pvt Ltd,Front: Srivastava Corp,import_export,active,True
ORG_0383,Boase Holdings Pvt Ltd,Front: Boase Corp,criminal_gang,active,True
ORG_0384,Bhat Holdings Pvt Ltd,Front: Bhat Corp,import_export,active,True
ORG_0385,Bawa Holdings Pvt Ltd,Front: Bawa Corp,front_business,active,True
ORG_0386,Dhawan Holdings Pvt Ltd,Front: Dhawan Corp,shell_company,active,True
ORG_0387,Kumer Enterprises Pvt Ltd,Front: Kumer Corp,front_business,active,True
ORG_0388,Mutti Enterprises Pvt Ltd,Front: Mutti Corp,logistics_firm,active,True
ORG_0389,Vora Traders Pvt Ltd,Front: Vora Corp,front_business,active,True
ORG_0390,Wable Logistics Pvt Ltd,Front: Wable Corp,import_export,active,True
ORG_0391,Sangha Traders Pvt Ltd,Front: Sangha Corp,shell_company,active,True
ORG_0392,Mahajan Holdings Pvt Ltd,Front: Mahajan Corp,import_export,active,True
ORG_0393,Chowdhury Exports Pvt Ltd,Front: Chowdhury Corp,criminal_gang,active,True
ORG_0394,Sharaf Logistics Pvt Ltd,Front: Sharaf Corp,shell_company,active,True
ORG_0395,Khatri Logistics Pvt Ltd,Front: Khatri Corp,shell_company,active,True
ORG_0396,Ramachandran Holdings Pvt Ltd,Front: Ramachandran Corp,criminal_gang,active,True
ORG_0397,Sridhar Enterprises Pvt Ltd,Front: Sridhar Corp,shell_company,active,True
ORG_0398,Konda Holdings Pvt Ltd,Front: Konda Corp,criminal_gang,active,True
ORG_0399,Kapur Exports Pvt Ltd,Front: Kapur Corp,criminal_gang,active,True
ORG_0400,Jain Traders Pvt Ltd,Front: Jain Corp,shell_company,active,True
ORG_0401,Korpal Exports Pvt Ltd,Front: Korpal Corp,front_business,active,True
ORG_0402,Tiwari Enterprises Pvt Ltd,Front: Tiwari Corp,criminal_gang,active,True
ORG_0403,Hayre Consultancy Pvt Ltd,Front: Hayre Corp,front_business,active,True
ORG_0404,Hayre Traders Pvt Ltd,Front: Hayre Corp,front_business,active,True
ORG_0405,Vyas Enterprises Pvt Ltd,Front: Vyas Corp,logistics_firm,active,True
ORG_0406,Sehgal Holdings Pvt Ltd,Front: Sehgal Corp,front_business,active,True
ORG_0407,Sanghvi Holdings Pvt Ltd,Front: Sanghvi Corp,logistics_firm,active,True
ORG_0408,Vala Exports Pvt Ltd,Front: Vala Corp,front_business,active,True
ORG_0409,Kade Logistics Pvt Ltd,Front: Kade Corp,criminal_gang,active,True
ORG_0410,Rastogi Logistics Pvt Ltd,Front: Rastogi Corp,criminal_gang,active,True
ORG_0411,Vig Logistics Pvt Ltd,Front: Vig Corp,shell_company,active,True
ORG_0412,Wagle Exports Pvt Ltd,Front: Wagle Corp,logistics_firm,active,True
ORG_0413,Doctor Holdings Pvt Ltd,Front: Doctor Corp,import_export,active,True
ORG_0414,Pai Holdings Pvt Ltd,Front: Pai Corp,logistics_firm,active,True
ORG_0415,Varghese Traders Pvt Ltd,Front: Varghese Corp,front_business,active,True
ORG_0416,Das Consultancy Pvt Ltd,Front: Das Corp,import_export,active,True
ORG_0417,Sem Enterprises Pvt Ltd,Front: Sem Corp,front_business,active,True
ORG_0418,Kade Consultancy Pvt Ltd,Front: Kade Corp,criminal_gang,active,True
ORG_0419,Saraf Enterprises Pvt Ltd,Front: Saraf Corp,criminal_gang,active,True
ORG_0420,Yohannan Holdings Pvt Ltd,Front: Yohannan Corp,import_export,active,True
ORG_0421,Chaudry Holdings Pvt Ltd,Front: Chaudry Corp,shell_company,active,True
ORG_0422,Radhakrishnan Consultancy Pvt Ltd,Front: Radhakrishnan Corp,criminal_gang,active,True
ORG_0423,Pall Traders Pvt Ltd,Front: Pall Corp,shell_company,active,True
ORG_0424,Gole Traders Pvt Ltd,Front: Gole Corp,front_business,active,True
ORG_0425,Dhar Traders Pvt Ltd,Front: Dhar Corp,logistics_firm,active,True
ORG_0426,Krish Exports Pvt Ltd,Front: Krish Corp,criminal_gang,active,True
ORG_0427,Natarajan Enterprises Pvt Ltd,Front: Natarajan Corp,shell_company,active,True
ORG_0428,Barad Logistics Pvt Ltd,Front: Barad Corp,criminal_gang,active,True
ORG_0429,Swaminathan Enterprises Pvt Ltd,Front: Swaminathan Corp,import_export,active,True
ORG_0430,Keer Enterprises Pvt Ltd,Front: Keer Corp,import_export,active,True
ORG_0431,Srinivasan Traders Pvt Ltd,Front: Srinivasan Corp,logistics_firm,active,True
ORG_0432,Swaminathan Exports Pvt Ltd,Front: Swaminathan Corp,import_export,active,True
ORG_0433,Kaul Holdings Pvt Ltd,Front: Kaul Corp,shell_company,active,True
ORG_0434,Parsa Logistics Pvt Ltd,Front: Parsa Corp,import_export,active,True
ORG_0435,Deol Logistics Pvt Ltd,Front: Deol Corp,front_business,active,True
ORG_0436,Comar Traders Pvt Ltd,Front: Comar Corp,criminal_gang,active,True
ORG_0437,Virk Consultancy Pvt Ltd,Front: Virk Corp,front_business,active,True
ORG_0438,Bakshi Holdings Pvt Ltd,Front: Bakshi Corp,criminal_gang,active,True
ORG_0439,Puri Enterprises Pvt Ltd,Front: Puri Corp,import_export,active,True
ORG_0440,Varty Enterprises Pvt Ltd,Front: Varty Corp,logistics_firm,active,True
ORG_0441,Kumer Exports Pvt Ltd,Front: Kumer Corp,shell_company,active,True
ORG_0442,Raval Consultancy Pvt Ltd,Front: Raval Corp,logistics_firm,active,True
ORG_0443,Balasubramanian Enterprises Pvt Ltd,Front: Balasubramanian Corp,criminal_gang,active,True
ORG_0444,Hegde Holdings Pvt Ltd,Front: Hegde Corp,import_export,active,True
ORG_0445,Joshi Exports Pvt Ltd,Front: Joshi Corp,import_export,active,True
ORG_0446,Mann Traders Pvt Ltd,Front: Mann Corp,front_business,active,True
ORG_0447,Goda Logistics Pvt Ltd,Front: Goda Corp,import_export,active,True
ORG_0448,Panchal Exports Pvt Ltd,Front: Panchal Corp,shell_company,active,True
ORG_0449,Bhandari Enterprises Pvt Ltd,Front: Bhandari Corp,shell_company,active,True
ORG_0450,Rana Traders Pvt Ltd,Front: Rana Corp,shell_company,active,True
ORG_0451,Sheth Enterprises Pvt Ltd,Front: Sheth Corp,criminal_gang,active,True
ORG_0452,Dube Enterprises Pvt Ltd,Front: Dube Corp,shell_company,active,True
ORG_0453,Dube Holdings Pvt Ltd,Front: Dube Corp,logistics_firm,active,True
ORG_0454,Rege Enterprises Pvt Ltd,Front: Rege Corp,import_export,active,True
ORG_0455,Saraf Exports Pvt Ltd,Front: Saraf Corp,logistics_firm,active,True
ORG_0456,Goyal Enterprises Pvt Ltd,Front: Goyal Corp,front_business,active,True
ORG_0457,Warrior Enterprises Pvt Ltd,Front: Warrior Corp,criminal_gang,active,True
ORG_0458,Chakrabarti Logistics Pvt Ltd,Front: Chakrabarti Corp,logistics_firm,active,True
ORG_0459,Bhalla Traders Pvt Ltd,Front: Bhalla Corp,criminal_gang,active,True
ORG_0460,Sengupta Exports Pvt Ltd,Front: Sengupta Corp,criminal_gang,active,True
ORG_0461,Raval Enterprises Pvt Ltd,Front: Raval Corp,criminal_gang,active,True
ORG_0462,Sarraf Logistics Pvt Ltd,Front: Sarraf Corp,shell_company,active,True
ORG_0463,Shan Consultancy Pvt Ltd,Front: Shan Corp,import_export,active,True
ORG_0464,Sawhney Enterprises Pvt Ltd,Front: Sawhney Corp,import_export,active,True
ORG_0465,Yohannan Logistics Pvt Ltd,Front: Yohannan Corp,criminal_gang,active,True
ORG_0466,Sachdev Enterprises Pvt Ltd,Front: Sachdev Corp,front_business,active,True
ORG_0467,Savant Holdings Pvt Ltd,Front: Savant Corp,shell_company,active,True
ORG_0468,Karnik Exports Pvt Ltd,Front: Karnik Corp,logistics_firm,active,True
ORG_0469,Subramaniam Traders Pvt Ltd,Front: Subramaniam Corp,import_export,active,True
ORG_0470,Borra Consultancy Pvt Ltd,Front: Borra Corp,shell_company,active,True
ORG_0471,Walia Traders Pvt Ltd,Front: Walia Corp,shell_company,active,True
ORG_0472,Bir Holdings Pvt Ltd,Front: Bir Corp,criminal_gang,active,True
ORG_0473,Bath Holdings Pvt Ltd,Front: Bath Corp,criminal_gang,active,True
ORG_0474,Parmer Consultancy Pvt Ltd,Front: Parmer Corp,criminal_gang,active,True
ORG_0475,Sarma Consultancy Pvt Ltd,Front: Sarma Corp,front_business,active,True
ORG_0476,Lanka Holdings Pvt Ltd,Front: Lanka Corp,shell_company,active,True
ORG_0477,Sani Holdings Pvt Ltd,Front: Sani Corp,logistics_firm,active,True
ORG_0478,Thaker Holdings Pvt Ltd,Front: Thaker Corp,criminal_gang,active,True
ORG_0479,Kari Consultancy Pvt Ltd,Front: Kari Corp,front_business,active,True
ORG_0480,Kalla Enterprises Pvt Ltd,Front: Kalla Corp,logistics_firm,active,True
ORG_0481,Bali Enterprises Pvt Ltd,Front: Bali Corp,criminal_gang,active,True
ORG_0482,Pathak Consultancy Pvt Ltd,Front: Pathak Corp,criminal_gang,active,True
ORG_0483,Kale Logistics Pvt Ltd,Front: Kale Corp,criminal_gang,active,True
ORG_0484,Sunder Consultancy Pvt Ltd,Front: Sunder Corp,front_business,active,True
ORG_0485,Mand Traders Pvt Ltd,Front: Mand Corp,logistics_firm,active,True
ORG_0486,Basak Exports Pvt Ltd,Front: Basak Corp,front_business,active,True
ORG_0487,Samra Consultancy Pvt Ltd,Front: Samra Corp,front_business,active,True
ORG_0488,Dugar Logistics Pvt Ltd,Front: Dugar Corp,criminal_gang,active,True
ORG_0489,Kunda Consultancy Pvt Ltd,Front: Kunda Corp,logistics_firm,active,True
ORG_0490,Dey Logistics Pvt Ltd,Front: Dey Corp,logistics_firm,active,True
ORG_0491,Rama Traders Pvt Ltd,Front: Rama Corp,criminal_gang,active,True
ORG_0492,Dalal Holdings Pvt Ltd,Front: Dalal Corp,import_export,active,True
ORG_0493,Bhakta Holdings Pvt Ltd,Front: Bhakta Corp,criminal_gang,active,True
ORG_0494,Keer Consultancy Pvt Ltd,Front: Keer Corp,logistics_firm,active,True
ORG_0495,Khurana Exports Pvt Ltd,Front: Khurana Corp,shell_company,active,True
ORG_0496,Doshi Logistics Pvt Ltd,Front: Doshi Corp,criminal_gang,active,True
ORG_0497,Mammen Consultancy Pvt Ltd,Front: Mammen Corp,import_export,active,True
ORG_0498,Sodhi Holdings Pvt Ltd,Front: Sodhi Corp,shell_company,active,True
ORG_0499,Tara Logistics Pvt Ltd,Front: Tara Corp,criminal_gang,active,True
ORG_0500,Guha Holdings Pvt Ltd,Front: Guha Corp,shell_company,active,True
