person_case_role_id,person_id,case_id,role_type,source_evidence_id,synthetic_demo_record
PCR_000001,P_04187,1,Primary Accused,EVI_FIR_0001,True
PCR_000002,P_00982,2,Primary Accused,EVI_FIR_0002,True
PCR_000003,P_04495,3,Primary Accused,EVI_FIR_0003,True
PCR_000004,P_04800,4,Primary Accused,EVI_FIR_0004,True
PCR_000005,P_04798,5,Primary Accused,EVI_FIR_0005,True
PCR_000006,P_02808,6,Primary Accused,EVI_FIR_0006,True
PCR_000007,P_02972,7,Primary Accused,EVI_FIR_0007,True
PCR_000008,P_03606,8,Primary Accused,EVI_FIR_0008,True
PCR_000009,P_00896,9,Primary Accused,EVI_FIR_0009,True
PCR_000010,P_01760,10,Primary Accused,EVI_FIR_0010,True
PCR_000011,P_03055,11,Primary Accused,EVI_FIR_0011,True
PCR_000012,P_01532,12,Primary Accused,EVI_FIR_0012,True
PCR_000013,P_02768,13,Primary Accused,EVI_FIR_0013,True
PCR_000014,P_02117,14,Primary Accused,EVI_FIR_0014,True
PCR_000015,P_01079,15,Primary Accused,EVI_FIR_0015,True
PCR_000016,P_01338,16,Primary Accused,EVI_FIR_0016,True
PCR_000017,P_04163,17,Primary Accused,EVI_FIR_0017,True
PCR_000018,P_03405,18,Primary Accused,EVI_FIR_0018,True
PCR_000019,P_01842,19,Primary Accused,EVI_FIR_0019,True
PCR_000020,P_00855,20,Primary Accused,EVI_FIR_0020,True
PCR_000021,P_03616,21,Primary Accused,EVI_FIR_0021,True
PCR_000022,P_00265,22,Primary Accused,EVI_FIR_0022,True
PCR_000023,P_01720,23,Primary Accused,EVI_FIR_0023,True
PCR_000024,P_00437,24,Primary Accused,EVI_FIR_0024,True
PCR_000025,P_00824,25,Primary Accused,EVI_FIR_0025,True
PCR_000026,P_01452,26,Primary Accused,EVI_FIR_0026,True
PCR_000027,P_03873,27,Primary Accused,EVI_FIR_0027,True
PCR_000028,P_02328,28,Primary Accused,EVI_FIR_0028,True
PCR_000029,P_02935,29,Primary Accused,EVI_FIR_0029,True
PCR_000030,P_02258,30,Primary Accused,EVI_FIR_0030,True
PCR_000031,P_00086,31,Primary Accused,EVI_FIR_0031,True
PCR_000032,P_01260,32,Primary Accused,EVI_FIR_0032,True
PCR_000033,P_01275,33,Primary Accused,EVI_FIR_0033,True
PCR_000034,P_01919,34,Primary Accused,EVI_FIR_0034,True
PCR_000035,P_00533,35,Primary Accused,EVI_FIR_0035,True
PCR_000036,P_01108,36,Primary Accused,EVI_FIR_0036,True
PCR_000037,P_03960,37,Primary Accused,EVI_FIR_0037,True
PCR_000038,P_02990,38,Primary Accused,EVI_FIR_0038,True
PCR_000039,P_00824,39,Primary Accused,EVI_FIR_0039,True
PCR_000040,P_02084,40,Primary Accused,EVI_FIR_0040,True
PCR_000041,P_00287,41,Primary Accused,EVI_FIR_0041,True
PCR_000042,P_03735,42,Primary Accused,EVI_FIR_0042,True
PCR_000043,P_01275,43,Primary Accused,EVI_FIR_0043,True
PCR_000044,P_00137,44,Primary Accused,EVI_FIR_0044,True
PCR_000045,P_04476,45,Primary Accused,EVI_FIR_0045,True
PCR_000046,P_02322,46,Primary Accused,EVI_FIR_0046,True
PCR_000047,P_04491,47,Primary Accused,EVI_FIR_0047,True
PCR_000048,P_00656,48,Primary Accused,EVI_FIR_0048,True
PCR_000049,P_01125,49,Primary Accused,EVI_FIR_0049,True
PCR_000050,P_02402,50,Primary Accused,EVI_FIR_0050,True
PCR_000051,P_02653,51,Primary Accused,EVI_FIR_0051,True
PCR_000052,P_04155,52,Primary Accused,EVI_FIR_0052,True
PCR_000053,P_00860,53,Primary Accused,EVI_FIR_0053,True
PCR_000054,P_03133,54,Primary Accused,EVI_FIR_0054,True
PCR_000055,P_03250,55,Primary Accused,EVI_FIR_0055,True
PCR_000056,P_03055,56,Primary Accused,EVI_FIR_0056,True
PCR_000057,P_03285,57,Primary Accused,EVI_FIR_0057,True
PCR_000058,P_02728,58,Primary Accused,EVI_FIR_0058,True
PCR_000059,P_01721,59,Primary Accused,EVI_FIR_0059,True
PCR_000060,P_01435,60,Primary Accused,EVI_FIR_0060,True
PCR_000061,P_00009,61,Primary Accused,EVI_FIR_0061,True
PCR_000062,P_01213,62,Primary Accused,EVI_FIR_0062,True
PCR_000063,P_03956,63,Primary Accused,EVI_FIR_0063,True
PCR_000064,P_03564,64,Primary Accused,EVI_FIR_0064,True
PCR_000065,P_02533,65,Primary Accused,EVI_FIR_0065,True
PCR_000066,P_01274,66,Primary Accused,EVI_FIR_0066,True
PCR_000067,P_03995,67,Primary Accused,EVI_FIR_0067,True
PCR_000068,P_04943,68,Primary Accused,EVI_FIR_0068,True
PCR_000069,P_02915,69,Primary Accused,EVI_FIR_0069,True
PCR_000070,P_04517,70,Primary Accused,EVI_FIR_0070,True
PCR_000071,P_01821,71,Primary Accused,EVI_FIR_0071,True
PCR_000072,P_04507,72,Primary Accused,EVI_FIR_0072,True
PCR_000073,P_00555,73,Primary Accused,EVI_FIR_0073,True
PCR_000074,P_03362,74,Primary Accused,EVI_FIR_0074,True
PCR_000075,P_04841,75,Primary Accused,EVI_FIR_0075,True
PCR_000076,P_02194,76,Primary Accused,EVI_FIR_0076,True
PCR_000077,P_03452,77,Primary Accused,EVI_FIR_0077,True
PCR_000078,P_02613,78,Primary Accused,EVI_FIR_0078,True
PCR_000079,P_04785,79,Primary Accused,EVI_FIR_0079,True
PCR_000080,P_04717,80,Primary Accused,EVI_FIR_0080,True
PCR_000081,P_00171,81,Primary Accused,EVI_FIR_0081,True
PCR_000082,P_04691,82,Primary Accused,EVI_FIR_0082,True
PCR_000083,P_01046,83,Primary Accused,EVI_FIR_0083,True
PCR_000084,P_02734,84,Primary Accused,EVI_FIR_0084,True
PCR_000085,P_02118,85,Primary Accused,EVI_FIR_0085,True
PCR_000086,P_01428,86,Primary Accused,EVI_FIR_0086,True
PCR_000087,P_04779,87,Primary Accused,EVI_FIR_0087,True
PCR_000088,P_02633,88,Primary Accused,EVI_FIR_0088,True
PCR_000089,P_03659,89,Primary Accused,EVI_FIR_0089,True
PCR_000090,P_00169,90,Primary Accused,EVI_FIR_0090,True
PCR_000091,P_01996,91,Primary Accused,EVI_FIR_0091,True
PCR_000092,P_01848,92,Primary Accused,EVI_FIR_0092,True
PCR_000093,P_00858,93,Primary Accused,EVI_FIR_0093,True
PCR_000094,P_00774,94,Primary Accused,EVI_FIR_0094,True
PCR_000095,P_01287,95,Primary Accused,EVI_FIR_0095,True
PCR_000096,P_04087,96,Primary Accused,EVI_FIR_0096,True
PCR_000097,P_01374,97,Primary Accused,EVI_FIR_0097,True
PCR_000098,P_04622,98,Primary Accused,EVI_FIR_0098,True
PCR_000099,P_00947,99,Primary Accused,EVI_FIR_0099,True
PCR_000100,P_04115,100,Primary Accused,EVI_FIR_0100,True
PCR_000101,P_02206,101,Primary Accused,EVI_FIR_0101,True
PCR_000102,P_02859,102,Primary Accused,EVI_FIR_0102,True
PCR_000103,P_04483,103,Primary Accused,EVI_FIR_0103,True
PCR_000104,P_04507,104,Primary Accused,EVI_FIR_0104,True
PCR_000105,P_01433,105,Primary Accused,EVI_FIR_0105,True
PCR_000106,P_01231,106,Primary Accused,EVI_FIR_0106,True
PCR_000107,P_04354,107,Primary Accused,EVI_FIR_0107,True
PCR_000108,P_04505,108,Primary Accused,EVI_FIR_0108,True
PCR_000109,P_02917,109,Primary Accused,EVI_FIR_0109,True
PCR_000110,P_01176,110,Primary Accused,EVI_FIR_0110,True
PCR_000111,P_00166,111,Primary Accused,EVI_FIR_0111,True
PCR_000112,P_01480,112,Primary Accused,EVI_FIR_0112,True
PCR_000113,P_03606,113,Primary Accused,EVI_FIR_0113,True
PCR_000114,P_04707,114,Primary Accused,EVI_FIR_0114,True
PCR_000115,P_00072,115,Primary Accused,EVI_FIR_0115,True
PCR_000116,P_01015,116,Primary Accused,EVI_FIR_0116,True
PCR_000117,P_04517,117,Primary Accused,EVI_FIR_0117,True
PCR_000118,P_03820,118,Primary Accused,EVI_FIR_0118,True
PCR_000119,P_01640,119,Primary Accused,EVI_FIR_0119,True
PCR_000120,P_01419,120,Primary Accused,EVI_FIR_0120,True
PCR_000121,P_02362,121,Primary Accused,EVI_FIR_0121,True
PCR_000122,P_04789,122,Primary Accused,EVI_FIR_0122,True
PCR_000123,P_04650,123,Primary Accused,EVI_FIR_0123,True
PCR_000124,P_02117,124,Primary Accused,EVI_FIR_0124,True
PCR_000125,P_03122,125,Primary Accused,EVI_FIR_0125,True
PCR_000126,P_03251,126,Primary Accused,EVI_FIR_0126,True
PCR_000127,P_04045,127,Primary Accused,EVI_FIR_0127,True
PCR_000128,P_01053,128,Primary Accused,EVI_FIR_0128,True
PCR_000129,P_02585,129,Primary Accused,EVI_FIR_0129,True
PCR_000130,P_03045,130,Primary Accused,EVI_FIR_0130,True
PCR_000131,P_04754,131,Primary Accused,EVI_FIR_0131,True
PCR_000132,P_04028,132,Primary Accused,EVI_FIR_0132,True
PCR_000133,P_01467,133,Primary Accused,EVI_FIR_0133,True
PCR_000134,P_01868,134,Primary Accused,EVI_FIR_0134,True
PCR_000135,P_01456,135,Primary Accused,EVI_FIR_0135,True
PCR_000136,P_01356,136,Primary Accused,EVI_FIR_0136,True
PCR_000137,P_02896,137,Primary Accused,EVI_FIR_0137,True
PCR_000138,P_02439,138,Primary Accused,EVI_FIR_0138,True
PCR_000139,P_04131,139,Primary Accused,EVI_FIR_0139,True
PCR_000140,P_01872,140,Primary Accused,EVI_FIR_0140,True
PCR_000141,P_01374,141,Primary Accused,EVI_FIR_0141,True
PCR_000142,P_00596,142,Primary Accused,EVI_FIR_0142,True
PCR_000143,P_03887,143,Primary Accused,EVI_FIR_0143,True
PCR_000144,P_04574,144,Primary Accused,EVI_FIR_0144,True
PCR_000145,P_04462,145,Primary Accused,EVI_FIR_0145,True
PCR_000146,P_03469,146,Primary Accused,EVI_FIR_0146,True
PCR_000147,P_03036,147,Primary Accused,EVI_FIR_0147,True
PCR_000148,P_00678,148,Primary Accused,EVI_FIR_0148,True
PCR_000149,P_02429,149,Primary Accused,EVI_FIR_0149,True
PCR_000150,P_01225,150,Primary Accused,EVI_FIR_0150,True
PCR_000151,P_02915,151,Primary Accused,EVI_FIR_0151,True
PCR_000152,P_03649,152,Primary Accused,EVI_FIR_0152,True
PCR_000153,P_03260,153,Primary Accused,EVI_FIR_0153,True
PCR_000154,P_02839,154,Primary Accused,EVI_FIR_0154,True
PCR_000155,P_02459,155,Primary Accused,EVI_FIR_0155,True
PCR_000156,P_01835,156,Primary Accused,EVI_FIR_0156,True
PCR_000157,P_03345,157,Primary Accused,EVI_FIR_0157,True
PCR_000158,P_04238,158,Primary Accused,EVI_FIR_0158,True
PCR_000159,P_04509,159,Primary Accused,EVI_FIR_0159,True
PCR_000160,P_02951,160,Primary Accused,EVI_FIR_0160,True
PCR_000161,P_00451,161,Primary Accused,EVI_FIR_0161,True
PCR_000162,P_04486,162,Primary Accused,EVI_FIR_0162,True
PCR_000163,P_02744,163,Primary Accused,EVI_FIR_0163,True
PCR_000164,P_02020,164,Primary Accused,EVI_FIR_0164,True
PCR_000165,P_03118,165,Primary Accused,EVI_FIR_0165,True
PCR_000166,P_01788,166,Primary Accused,EVI_FIR_0166,True
PCR_000167,P_01329,167,Primary Accused,EVI_FIR_0167,True
PCR_000168,P_00318,168,Primary Accused,EVI_FIR_0168,True
PCR_000169,P_04840,169,Primary Accused,EVI_FIR_0169,True
PCR_000170,P_03260,170,Primary Accused,EVI_FIR_0170,True
PCR_000171,P_04048,171,Primary Accused,EVI_FIR_0171,True
PCR_000172,P_01967,172,Primary Accused,EVI_FIR_0172,True
PCR_000173,P_01110,173,Primary Accused,EVI_FIR_0173,True
PCR_000174,P_02453,174,Primary Accused,EVI_FIR_0174,True
PCR_000175,P_02477,175,Primary Accused,EVI_FIR_0175,True
PCR_000176,P_04869,176,Primary Accused,EVI_FIR_0176,True
PCR_000177,P_02366,177,Primary Accused,EVI_FIR_0177,True
PCR_000178,P_00107,178,Primary Accused,EVI_FIR_0178,True
PCR_000179,P_03013,179,Primary Accused,EVI_FIR_0179,True
PCR_000180,P_01532,180,Primary Accused,EVI_FIR_0180,True
PCR_000181,P_00149,181,Primary Accused,EVI_FIR_0181,True
PCR_000182,P_00417,182,Primary Accused,EVI_FIR_0182,True
PCR_000183,P_04553,183,Primary Accused,EVI_FIR_0183,True
PCR_000184,P_02608,184,Primary Accused,EVI_FIR_0184,True
PCR_000185,P_03586,185,Primary Accused,EVI_FIR_0185,True
PCR_000186,P_01998,186,Primary Accused,EVI_FIR_0186,True
PCR_000187,P_02469,187,Primary Accused,EVI_FIR_0187,True
PCR_000188,P_01605,188,Primary Accused,EVI_FIR_0188,True
PCR_000189,P_04004,189,Primary Accused,EVI_FIR_0189,True
PCR_000190,P_03476,190,Primary Accused,EVI_FIR_0190,True
PCR_000191,P_03919,191,Primary Accused,EVI_FIR_0191,True
PCR_000192,P_00567,192,Primary Accused,EVI_FIR_0192,True
PCR_000193,P_01926,193,Primary Accused,EVI_FIR_0193,True
PCR_000194,P_04478,194,Primary Accused,EVI_FIR_0194,True
PCR_000195,P_04216,195,Primary Accused,EVI_FIR_0195,True
PCR_000196,P_00140,196,Primary Accused,EVI_FIR_0196,True
PCR_000197,P_02465,197,Primary Accused,EVI_FIR_0197,True
PCR_000198,P_03057,198,Primary Accused,EVI_FIR_0198,True
PCR_000199,P_03229,199,Primary Accused,EVI_FIR_0199,True
PCR_000200,P_01680,200,Primary Accused,EVI_FIR_0200,True
PCR_000201,P_04648,201,Primary Accused,EVI_FIR_0201,True
PCR_000202,P_02136,202,Primary Accused,EVI_FIR_0202,True
PCR_000203,P_01650,203,Primary Accused,EVI_FIR_0203,True
PCR_000204,P_02841,204,Primary Accused,EVI_FIR_0204,True
PCR_000205,P_03573,205,Primary Accused,EVI_FIR_0205,True
PCR_000206,P_03795,206,Primary Accused,EVI_FIR_0206,True
PCR_000207,P_04009,207,Primary Accused,EVI_FIR_0207,True
PCR_000208,P_00256,208,Primary Accused,EVI_FIR_0208,True
PCR_000209,P_01312,209,Primary Accused,EVI_FIR_0209,True
PCR_000210,P_00087,210,Primary Accused,EVI_FIR_0210,True
PCR_000211,P_01128,211,Primary Accused,EVI_FIR_0211,True
PCR_000212,P_01727,212,Primary Accused,EVI_FIR_0212,True
PCR_000213,P_03136,213,Primary Accused,EVI_FIR_0213,True
PCR_000214,P_02206,214,Primary Accused,EVI_FIR_0214,True
PCR_000215,P_02415,215,Primary Accused,EVI_FIR_0215,True
PCR_000216,P_04950,216,Primary Accused,EVI_FIR_0216,True
PCR_000217,P_01653,217,Primary Accused,EVI_FIR_0217,True
PCR_000218,P_02941,218,Primary Accused,EVI_FIR_0218,True
PCR_000219,P_03139,219,Primary Accused,EVI_FIR_0219,True
PCR_000220,P_00241,220,Primary Accused,EVI_FIR_0220,True
PCR_000221,P_04680,221,Primary Accused,EVI_FIR_0221,True
PCR_000222,P_03603,222,Primary Accused,EVI_FIR_0222,True
PCR_000223,P_04317,223,Primary Accused,EVI_FIR_0223,True
PCR_000224,P_00136,224,Primary Accused,EVI_FIR_0224,True
PCR_000225,P_00895,225,Primary Accused,EVI_FIR_0225,True
PCR_000226,P_00417,226,Primary Accused,EVI_FIR_0226,True
PCR_000227,P_01758,227,Primary Accused,EVI_FIR_0227,True
PCR_000228,P_00982,228,Primary Accused,EVI_FIR_0228,True
PCR_000229,P_02555,229,Primary Accused,EVI_FIR_0229,True
PCR_000230,P_04626,230,Primary Accused,EVI_FIR_0230,True
PCR_000231,P_04581,231,Primary Accused,EVI_FIR_0231,True
PCR_000232,P_01098,232,Primary Accused,EVI_FIR_0232,True
PCR_000233,P_00015,233,Primary Accused,EVI_FIR_0233,True
PCR_000234,P_03567,234,Primary Accused,EVI_FIR_0234,True
PCR_000235,P_03173,235,Primary Accused,EVI_FIR_0235,True
PCR_000236,P_01128,236,Primary Accused,EVI_FIR_0236,True
PCR_000237,P_00433,237,Primary Accused,EVI_FIR_0237,True
PCR_000238,P_04101,238,Primary Accused,EVI_FIR_0238,True
PCR_000239,P_04810,239,Primary Accused,EVI_FIR_0239,True
PCR_000240,P_04710,240,Primary Accused,EVI_FIR_0240,True
PCR_000241,P_02459,241,Primary Accused,EVI_FIR_0241,True
PCR_000242,P_04950,242,Primary Accused,EVI_FIR_0242,True
PCR_000243,P_00908,243,Primary Accused,EVI_FIR_0243,True
PCR_000244,P_02814,244,Primary Accused,EVI_FIR_0244,True
PCR_000245,P_01327,245,Primary Accused,EVI_FIR_0245,True
PCR_000246,P_01745,246,Primary Accused,EVI_FIR_0246,True
PCR_000247,P_04491,247,Primary Accused,EVI_FIR_0247,True
PCR_000248,P_02584,248,Primary Accused,EVI_FIR_0248,True
PCR_000249,P_01478,249,Primary Accused,EVI_FIR_0249,True
PCR_000250,P_01077,250,Primary Accused,EVI_FIR_0250,True
PCR_000251,P_04821,251,Primary Accused,EVI_FIR_0251,True
PCR_000252,P_01943,252,Primary Accused,EVI_FIR_0252,True
PCR_000253,P_02991,253,Primary Accused,EVI_FIR_0253,True
PCR_000254,P_02300,254,Primary Accused,EVI_FIR_0254,True
PCR_000255,P_00171,255,Primary Accused,EVI_FIR_0255,True
PCR_000256,P_03968,256,Primary Accused,EVI_FIR_0256,True
PCR_000257,P_00798,257,Primary Accused,EVI_FIR_0257,True
PCR_000258,P_02990,258,Primary Accused,EVI_FIR_0258,True
PCR_000259,P_03782,259,Primary Accused,EVI_FIR_0259,True
PCR_000260,P_02922,260,Primary Accused,EVI_FIR_0260,True
PCR_000261,P_02933,261,Primary Accused,EVI_FIR_0261,True
PCR_000262,P_01461,262,Primary Accused,EVI_FIR_0262,True
PCR_000263,P_00656,263,Primary Accused,EVI_FIR_0263,True
PCR_000264,P_03123,264,Primary Accused,EVI_FIR_0264,True
PCR_000265,P_01879,265,Primary Accused,EVI_FIR_0265,True
PCR_000266,P_00252,266,Primary Accused,EVI_FIR_0266,True
PCR_000267,P_04015,267,Primary Accused,EVI_FIR_0267,True
PCR_000268,P_04201,268,Primary Accused,EVI_FIR_0268,True
PCR_000269,P_01267,269,Primary Accused,EVI_FIR_0269,True
PCR_000270,P_02041,270,Primary Accused,EVI_FIR_0270,True
PCR_000271,P_00678,271,Primary Accused,EVI_FIR_0271,True
PCR_000272,P_03156,272,Primary Accused,EVI_FIR_0272,True
PCR_000273,P_02313,273,Primary Accused,EVI_FIR_0273,True
PCR_000274,P_03383,274,Primary Accused,EVI_FIR_0274,True
PCR_000275,P_03710,275,Primary Accused,EVI_FIR_0275,True
PCR_000276,P_01524,276,Primary Accused,EVI_FIR_0276,True
PCR_000277,P_01732,277,Primary Accused,EVI_FIR_0277,True
PCR_000278,P_03043,278,Primary Accused,EVI_FIR_0278,True
PCR_000279,P_00630,279,Primary Accused,EVI_FIR_0279,True
PCR_000280,P_03629,280,Primary Accused,EVI_FIR_0280,True
PCR_000281,P_03588,281,Primary Accused,EVI_FIR_0281,True
PCR_000282,P_01357,282,Primary Accused,EVI_FIR_0282,True
PCR_000283,P_00895,283,Primary Accused,EVI_FIR_0283,True
PCR_000284,P_01524,284,Primary Accused,EVI_FIR_0284,True
PCR_000285,P_01200,285,Primary Accused,EVI_FIR_0285,True
PCR_000286,P_00394,286,Primary Accused,EVI_FIR_0286,True
PCR_000287,P_03997,287,Primary Accused,EVI_FIR_0287,True
PCR_000288,P_03001,288,Primary Accused,EVI_FIR_0288,True
PCR_000289,P_04111,289,Primary Accused,EVI_FIR_0289,True
PCR_000290,P_01314,290,Primary Accused,EVI_FIR_0290,True
PCR_000291,P_00038,291,Primary Accused,EVI_FIR_0291,True
PCR_000292,P_02628,292,Primary Accused,EVI_FIR_0292,True
PCR_000293,P_02098,293,Primary Accused,EVI_FIR_0293,True
PCR_000294,P_00257,294,Primary Accused,EVI_FIR_0294,True
PCR_000295,P_01521,295,Primary Accused,EVI_FIR_0295,True
PCR_000296,P_04122,296,Primary Accused,EVI_FIR_0296,True
PCR_000297,P_00057,297,Primary Accused,EVI_FIR_0297,True
PCR_000298,P_00948,298,Primary Accused,EVI_FIR_0298,True
PCR_000299,P_04847,299,Primary Accused,EVI_FIR_0299,True
PCR_000300,P_02818,300,Primary Accused,EVI_FIR_0300,True
PCR_000301,P_02765,301,Primary Accused,EVI_FIR_0301,True
PCR_000302,P_02845,302,Primary Accused,EVI_FIR_0302,True
PCR_000303,P_04990,303,Primary Accused,EVI_FIR_0303,True
PCR_000304,P_00292,304,Primary Accused,EVI_FIR_0304,True
PCR_000305,P_02309,305,Primary Accused,EVI_FIR_0305,True
PCR_000306,P_01909,306,Primary Accused,EVI_FIR_0306,True
PCR_000307,P_02517,307,Primary Accused,EVI_FIR_0307,True
PCR_000308,P_01756,308,Primary Accused,EVI_FIR_0308,True
PCR_000309,P_04935,309,Primary Accused,EVI_FIR_0309,True
PCR_000310,P_02766,310,Primary Accused,EVI_FIR_0310,True
PCR_000311,P_04713,311,Primary Accused,EVI_FIR_0311,True
PCR_000312,P_03899,312,Primary Accused,EVI_FIR_0312,True
PCR_000313,P_01280,313,Primary Accused,EVI_FIR_0313,True
PCR_000314,P_04391,314,Primary Accused,EVI_FIR_0314,True
PCR_000315,P_00799,315,Primary Accused,EVI_FIR_0315,True
PCR_000316,P_01789,316,Primary Accused,EVI_FIR_0316,True
PCR_000317,P_00706,317,Primary Accused,EVI_FIR_0317,True
PCR_000318,P_02813,318,Primary Accused,EVI_FIR_0318,True
PCR_000319,P_01934,319,Primary Accused,EVI_FIR_0319,True
PCR_000320,P_00343,320,Primary Accused,EVI_FIR_0320,True
PCR_000321,P_02477,321,Primary Accused,EVI_FIR_0321,True
PCR_000322,P_01070,322,Primary Accused,EVI_FIR_0322,True
PCR_000323,P_03177,323,Primary Accused,EVI_FIR_0323,True
PCR_000324,P_01639,324,Primary Accused,EVI_FIR_0324,True
PCR_000325,P_01287,325,Primary Accused,EVI_FIR_0325,True
PCR_000326,P_00594,326,Primary Accused,EVI_FIR_0326,True
PCR_000327,P_03209,327,Primary Accused,EVI_FIR_0327,True
PCR_000328,P_03680,328,Primary Accused,EVI_FIR_0328,True
PCR_000329,P_04095,329,Primary Accused,EVI_FIR_0329,True
PCR_000330,P_01170,330,Primary Accused,EVI_FIR_0330,True
PCR_000331,P_03392,331,Primary Accused,EVI_FIR_0331,True
PCR_000332,P_01511,332,Primary Accused,EVI_FIR_0332,True
PCR_000333,P_01163,333,Primary Accused,EVI_FIR_0333,True
PCR_000334,P_03265,334,Primary Accused,EVI_FIR_0334,True
PCR_000335,P_02413,335,Primary Accused,EVI_FIR_0335,True
PCR_000336,P_04306,336,Primary Accused,EVI_FIR_0336,True
PCR_000337,P_02804,337,Primary Accused,EVI_FIR_0337,True
PCR_000338,P_04362,338,Primary Accused,EVI_FIR_0338,True
PCR_000339,P_04294,339,Primary Accused,EVI_FIR_0339,True
PCR_000340,P_02380,340,Primary Accused,EVI_FIR_0340,True
PCR_000341,P_03798,341,Primary Accused,EVI_FIR_0341,True
PCR_000342,P_04496,342,Primary Accused,EVI_FIR_0342,True
PCR_000343,P_01623,343,Primary Accused,EVI_FIR_0343,True
PCR_000344,P_01009,344,Primary Accused,EVI_FIR_0344,True
PCR_000345,P_04288,345,Primary Accused,EVI_FIR_0345,True
PCR_000346,P_01088,346,Primary Accused,EVI_FIR_0346,True
PCR_000347,P_03508,347,Primary Accused,EVI_FIR_0347,True
PCR_000348,P_04081,348,Primary Accused,EVI_FIR_0348,True
PCR_000349,P_00651,349,Primary Accused,EVI_FIR_0349,True
PCR_000350,P_00401,350,Primary Accused,EVI_FIR_0350,True
PCR_000351,P_04568,351,Primary Accused,EVI_FIR_0351,True
PCR_000352,P_04874,352,Primary Accused,EVI_FIR_0352,True
PCR_000353,P_01332,353,Primary Accused,EVI_FIR_0353,True
PCR_000354,P_02126,354,Primary Accused,EVI_FIR_0354,True
PCR_000355,P_04955,355,Primary Accused,EVI_FIR_0355,True
PCR_000356,P_04845,356,Primary Accused,EVI_FIR_0356,True
PCR_000357,P_02050,357,Primary Accused,EVI_FIR_0357,True
PCR_000358,P_02837,358,Primary Accused,EVI_FIR_0358,True
PCR_000359,P_03385,359,Primary Accused,EVI_FIR_0359,True
PCR_000360,P_04691,360,Primary Accused,EVI_FIR_0360,True
PCR_000361,P_02708,361,Primary Accused,EVI_FIR_0361,True
PCR_000362,P_01467,362,Primary Accused,EVI_FIR_0362,True
PCR_000363,P_04781,363,Primary Accused,EVI_FIR_0363,True
PCR_000364,P_00620,364,Primary Accused,EVI_FIR_0364,True
PCR_000365,P_04772,365,Primary Accused,EVI_FIR_0365,True
PCR_000366,P_03660,366,Primary Accused,EVI_FIR_0366,True
PCR_000367,P_03774,367,Primary Accused,EVI_FIR_0367,True
PCR_000368,P_04089,368,Primary Accused,EVI_FIR_0368,True
PCR_000369,P_01465,369,Primary Accused,EVI_FIR_0369,True
PCR_000370,P_04856,370,Primary Accused,EVI_FIR_0370,True
PCR_000371,P_02560,371,Primary Accused,EVI_FIR_0371,True
PCR_000372,P_02253,372,Primary Accused,EVI_FIR_0372,True
PCR_000373,P_04308,373,Primary Accused,EVI_FIR_0373,True
PCR_000374,P_04703,374,Primary Accused,EVI_FIR_0374,True
PCR_000375,P_01066,375,Primary Accused,EVI_FIR_0375,True
PCR_000376,P_03494,376,Primary Accused,EVI_FIR_0376,True
PCR_000377,P_02947,377,Primary Accused,EVI_FIR_0377,True
PCR_000378,P_04989,378,Primary Accused,EVI_FIR_0378,True
PCR_000379,P_02671,379,Primary Accused,EVI_FIR_0379,True
PCR_000380,P_00751,380,Primary Accused,EVI_FIR_0380,True
PCR_000381,P_02159,381,Primary Accused,EVI_FIR_0381,True
PCR_000382,P_04986,382,Primary Accused,EVI_FIR_0382,True
PCR_000383,P_01841,383,Primary Accused,EVI_FIR_0383,True
PCR_000384,P_04706,384,Primary Accused,EVI_FIR_0384,True
PCR_000385,P_03968,385,Primary Accused,EVI_FIR_0385,True
PCR_000386,P_02793,386,Primary Accused,EVI_FIR_0386,True
PCR_000387,P_00047,387,Primary Accused,EVI_FIR_0387,True
PCR_000388,P_01603,388,Primary Accused,EVI_FIR_0388,True
PCR_000389,P_02821,389,Primary Accused,EVI_FIR_0389,True
PCR_000390,P_02378,390,Primary Accused,EVI_FIR_0390,True
PCR_000391,P_00516,391,Primary Accused,EVI_FIR_0391,True
PCR_000392,P_03192,392,Primary Accused,EVI_FIR_0392,True
PCR_000393,P_02412,393,Primary Accused,EVI_FIR_0393,True
PCR_000394,P_03544,394,Primary Accused,EVI_FIR_0394,True
PCR_000395,P_04850,395,Primary Accused,EVI_FIR_0395,True
PCR_000396,P_03480,396,Primary Accused,EVI_FIR_0396,True
PCR_000397,P_03015,397,Primary Accused,EVI_FIR_0397,True
PCR_000398,P_00656,398,Primary Accused,EVI_FIR_0398,True
PCR_000399,P_02495,399,Primary Accused,EVI_FIR_0399,True
PCR_000400,P_01531,400,Primary Accused,EVI_FIR_0400,True
PCR_000401,P_03169,401,Primary Accused,EVI_FIR_0401,True
PCR_000402,P_04898,402,Primary Accused,EVI_FIR_0402,True
PCR_000403,P_00046,403,Primary Accused,EVI_FIR_0403,True
PCR_000404,P_02428,404,Primary Accused,EVI_FIR_0404,True
PCR_000405,P_03659,405,Primary Accused,EVI_FIR_0405,True
PCR_000406,P_00137,406,Primary Accused,EVI_FIR_0406,True
PCR_000407,P_03606,407,Primary Accused,EVI_FIR_0407,True
PCR_000408,P_00431,408,Primary Accused,EVI_FIR_0408,True
PCR_000409,P_03112,409,Primary Accused,EVI_FIR_0409,True
PCR_000410,P_00337,410,Primary Accused,EVI_FIR_0410,True
PCR_000411,P_02282,411,Primary Accused,EVI_FIR_0411,True
PCR_000412,P_01981,412,Primary Accused,EVI_FIR_0412,True
PCR_000413,P_00070,413,Primary Accused,EVI_FIR_0413,True
PCR_000414,P_01690,414,Primary Accused,EVI_FIR_0414,True
PCR_000415,P_01967,415,Primary Accused,EVI_FIR_0415,True
PCR_000416,P_04507,416,Primary Accused,EVI_FIR_0416,True
PCR_000417,P_03936,417,Primary Accused,EVI_FIR_0417,True
PCR_000418,P_00713,418,Primary Accused,EVI_FIR_0418,True
PCR_000419,P_01848,419,Primary Accused,EVI_FIR_0419,True
PCR_000420,P_02495,420,Primary Accused,EVI_FIR_0420,True
PCR_000421,P_03445,421,Primary Accused,EVI_FIR_0421,True
PCR_000422,P_03195,422,Primary Accused,EVI_FIR_0422,True
PCR_000423,P_03309,423,Primary Accused,EVI_FIR_0423,True
PCR_000424,P_00805,424,Primary Accused,EVI_FIR_0424,True
PCR_000425,P_03766,425,Primary Accused,EVI_FIR_0425,True
PCR_000426,P_03196,426,Primary Accused,EVI_FIR_0426,True
PCR_000427,P_01540,427,Primary Accused,EVI_FIR_0427,True
PCR_000428,P_03185,428,Primary Accused,EVI_FIR_0428,True
PCR_000429,P_00174,429,Primary Accused,EVI_FIR_0429,True
PCR_000430,P_04176,430,Primary Accused,EVI_FIR_0430,True
PCR_000431,P_00376,431,Primary Accused,EVI_FIR_0431,True
PCR_000432,P_03954,432,Primary Accused,EVI_FIR_0432,True
PCR_000433,P_01807,433,Primary Accused,EVI_FIR_0433,True
PCR_000434,P_04068,434,Primary Accused,EVI_FIR_0434,True
PCR_000435,P_01158,435,Primary Accused,EVI_FIR_0435,True
PCR_000436,P_03361,436,Primary Accused,EVI_FIR_0436,True
PCR_000437,P_04623,437,Primary Accused,EVI_FIR_0437,True
PCR_000438,P_01271,438,Primary Accused,EVI_FIR_0438,True
PCR_000439,P_04716,439,Primary Accused,EVI_FIR_0439,True
PCR_000440,P_02793,440,Primary Accused,EVI_FIR_0440,True
PCR_000441,P_04309,441,Primary Accused,EVI_FIR_0441,True
PCR_000442,P_01223,442,Primary Accused,EVI_FIR_0442,True
PCR_000443,P_01076,443,Primary Accused,EVI_FIR_0443,True
PCR_000444,P_00775,444,Primary Accused,EVI_FIR_0444,True
PCR_000445,P_01885,445,Primary Accused,EVI_FIR_0445,True
PCR_000446,P_01987,446,Primary Accused,EVI_FIR_0446,True
PCR_000447,P_01046,447,Primary Accused,EVI_FIR_0447,True
PCR_000448,P_02752,448,Primary Accused,EVI_FIR_0448,True
PCR_000449,P_03427,449,Primary Accused,EVI_FIR_0449,True
PCR_000450,P_01393,450,Primary Accused,EVI_FIR_0450,True
PCR_000451,P_02808,451,Primary Accused,EVI_FIR_0451,True
PCR_000452,P_04574,452,Primary Accused,EVI_FIR_0452,True
PCR_000453,P_04227,453,Primary Accused,EVI_FIR_0453,True
PCR_000454,P_00681,454,Primary Accused,EVI_FIR_0454,True
PCR_000455,P_00903,455,Primary Accused,EVI_FIR_0455,True
PCR_000456,P_04782,456,Primary Accused,EVI_FIR_0456,True
PCR_000457,P_01516,457,Primary Accused,EVI_FIR_0457,True
PCR_000458,P_04126,458,Primary Accused,EVI_FIR_0458,True
PCR_000459,P_04475,459,Primary Accused,EVI_FIR_0459,True
PCR_000460,P_02560,460,Primary Accused,EVI_FIR_0460,True
PCR_000461,P_04578,461,Primary Accused,EVI_FIR_0461,True
PCR_000462,P_04964,462,Primary Accused,EVI_FIR_0462,True
PCR_000463,P_01719,463,Primary Accused,EVI_FIR_0463,True
PCR_000464,P_02931,464,Primary Accused,EVI_FIR_0464,True
PCR_000465,P_02444,465,Primary Accused,EVI_FIR_0465,True
PCR_000466,P_01543,466,Primary Accused,EVI_FIR_0466,True
PCR_000467,P_01167,467,Primary Accused,EVI_FIR_0467,True
PCR_000468,P_02916,468,Primary Accused,EVI_FIR_0468,True
PCR_000469,P_04403,469,Primary Accused,EVI_FIR_0469,True
PCR_000470,P_04120,470,Primary Accused,EVI_FIR_0470,True
PCR_000471,P_03949,471,Primary Accused,EVI_FIR_0471,True
PCR_000472,P_01029,472,Primary Accused,EVI_FIR_0472,True
PCR_000473,P_01949,473,Primary Accused,EVI_FIR_0473,True
PCR_000474,P_04766,474,Primary Accused,EVI_FIR_0474,True
PCR_000475,P_00087,475,Primary Accused,EVI_FIR_0475,True
PCR_000476,P_03979,476,Primary Accused,EVI_FIR_0476,True
PCR_000477,P_04922,477,Primary Accused,EVI_FIR_0477,True
PCR_000478,P_01346,478,Primary Accused,EVI_FIR_0478,True
PCR_000479,P_02674,479,Primary Accused,EVI_FIR_0479,True
PCR_000480,P_03650,480,Primary Accused,EVI_FIR_0480,True
PCR_000481,P_00457,481,Primary Accused,EVI_FIR_0481,True
PCR_000482,P_03651,482,Primary Accused,EVI_FIR_0482,True
PCR_000483,P_04895,483,Primary Accused,EVI_FIR_0483,True
PCR_000484,P_01136,484,Primary Accused,EVI_FIR_0484,True
PCR_000485,P_02047,485,Primary Accused,EVI_FIR_0485,True
PCR_000486,P_04598,486,Primary Accused,EVI_FIR_0486,True
PCR_000487,P_04795,487,Primary Accused,EVI_FIR_0487,True
PCR_000488,P_03872,488,Primary Accused,EVI_FIR_0488,True
PCR_000489,P_00710,489,Primary Accused,EVI_FIR_0489,True
PCR_000490,P_03095,490,Primary Accused,EVI_FIR_0490,True
PCR_000491,P_02650,491,Primary Accused,EVI_FIR_0491,True
PCR_000492,P_00974,492,Primary Accused,EVI_FIR_0492,True
PCR_000493,P_04095,493,Primary Accused,EVI_FIR_0493,True
PCR_000494,P_04474,494,Primary Accused,EVI_FIR_0494,True
PCR_000495,P_00840,495,Primary Accused,EVI_FIR_0495,True
PCR_000496,P_04403,496,Primary Accused,EVI_FIR_0496,True
PCR_000497,P_03661,497,Primary Accused,EVI_FIR_0497,True
PCR_000498,P_01153,498,Primary Accused,EVI_FIR_0498,True
PCR_000499,P_01634,499,Primary Accused,EVI_FIR_0499,True
PCR_000500,P_00049,500,Primary Accused,EVI_FIR_0500,True
PCR_000501,P_00975,501,Primary Accused,EVI_FIR_0501,True
PCR_000502,P_01966,502,Primary Accused,EVI_FIR_0502,True
PCR_000503,P_04967,503,Primary Accused,EVI_FIR_0503,True
PCR_000504,P_00812,504,Primary Accused,EVI_FIR_0504,True
PCR_000505,P_04497,505,Primary Accused,EVI_FIR_0505,True
PCR_000506,P_03889,506,Primary Accused,EVI_FIR_0506,True
PCR_000507,P_03265,507,Primary Accused,EVI_FIR_0507,True
PCR_000508,P_01404,508,Primary Accused,EVI_FIR_0508,True
PCR_000509,P_02695,509,Primary Accused,EVI_FIR_0509,True
PCR_000510,P_03454,510,Primary Accused,EVI_FIR_0510,True
PCR_000511,P_00565,511,Primary Accused,EVI_FIR_0511,True
PCR_000512,P_01239,512,Primary Accused,EVI_FIR_0512,True
PCR_000513,P_01462,513,Primary Accused,EVI_FIR_0513,True
PCR_000514,P_03292,514,Primary Accused,EVI_FIR_0514,True
PCR_000515,P_03725,515,Primary Accused,EVI_FIR_0515,True
PCR_000516,P_00244,516,Primary Accused,EVI_FIR_0516,True
PCR_000517,P_04834,517,Primary Accused,EVI_FIR_0517,True
PCR_000518,P_04290,518,Primary Accused,EVI_FIR_0518,True
PCR_000519,P_00313,519,Primary Accused,EVI_FIR_0519,True
PCR_000520,P_03758,520,Primary Accused,EVI_FIR_0520,True
PCR_000521,P_00566,521,Primary Accused,EVI_FIR_0521,True
PCR_000522,P_02754,522,Primary Accused,EVI_FIR_0522,True
PCR_000523,P_02710,523,Primary Accused,EVI_FIR_0523,True
PCR_000524,P_03799,524,Primary Accused,EVI_FIR_0524,True
PCR_000525,P_03640,525,Primary Accused,EVI_FIR_0525,True
PCR_000526,P_03161,526,Primary Accused,EVI_FIR_0526,True
PCR_000527,P_03581,527,Primary Accused,EVI_FIR_0527,True
PCR_000528,P_02249,528,Primary Accused,EVI_FIR_0528,True
PCR_000529,P_00542,529,Primary Accused,EVI_FIR_0529,True
PCR_000530,P_03815,530,Primary Accused,EVI_FIR_0530,True
PCR_000531,P_01423,531,Primary Accused,EVI_FIR_0531,True
PCR_000532,P_03830,532,Primary Accused,EVI_FIR_0532,True
PCR_000533,P_04821,533,Primary Accused,EVI_FIR_0533,True
PCR_000534,P_03810,534,Primary Accused,EVI_FIR_0534,True
PCR_000535,P_04840,535,Primary Accused,EVI_FIR_0535,True
PCR_000536,P_03934,536,Primary Accused,EVI_FIR_0536,True
PCR_000537,P_04512,537,Primary Accused,EVI_FIR_0537,True
PCR_000538,P_00688,538,Primary Accused,EVI_FIR_0538,True
PCR_000539,P_01762,539,Primary Accused,EVI_FIR_0539,True
PCR_000540,P_04640,540,Primary Accused,EVI_FIR_0540,True
PCR_000541,P_03265,541,Primary Accused,EVI_FIR_0541,True
PCR_000542,P_03437,542,Primary Accused,EVI_FIR_0542,True
PCR_000543,P_02287,543,Primary Accused,EVI_FIR_0543,True
PCR_000544,P_04963,544,Primary Accused,EVI_FIR_0544,True
PCR_000545,P_03084,545,Primary Accused,EVI_FIR_0545,True
PCR_000546,P_03183,546,Primary Accused,EVI_FIR_0546,True
PCR_000547,P_02119,547,Primary Accused,EVI_FIR_0547,True
PCR_000548,P_00847,548,Primary Accused,EVI_FIR_0548,True
PCR_000549,P_01213,549,Primary Accused,EVI_FIR_0549,True
PCR_000550,P_02633,550,Primary Accused,EVI_FIR_0550,True
PCR_000551,P_02504,551,Primary Accused,EVI_FIR_0551,True
PCR_000552,P_03362,552,Primary Accused,EVI_FIR_0552,True
PCR_000553,P_01628,553,Primary Accused,EVI_FIR_0553,True
PCR_000554,P_01839,554,Primary Accused,EVI_FIR_0554,True
PCR_000555,P_01540,555,Primary Accused,EVI_FIR_0555,True
PCR_000556,P_04647,556,Primary Accused,EVI_FIR_0556,True
PCR_000557,P_00608,557,Primary Accused,EVI_FIR_0557,True
PCR_000558,P_04172,558,Primary Accused,EVI_FIR_0558,True
PCR_000559,P_03447,559,Primary Accused,EVI_FIR_0559,True
PCR_000560,P_03464,560,Primary Accused,EVI_FIR_0560,True
PCR_000561,P_03110,561,Primary Accused,EVI_FIR_0561,True
PCR_000562,P_00255,562,Primary Accused,EVI_FIR_0562,True
PCR_000563,P_03039,563,Primary Accused,EVI_FIR_0563,True
PCR_000564,P_03724,564,Primary Accused,EVI_FIR_0564,True
PCR_000565,P_01226,565,Primary Accused,EVI_FIR_0565,True
PCR_000566,P_03309,566,Primary Accused,EVI_FIR_0566,True
PCR_000567,P_03501,567,Primary Accused,EVI_FIR_0567,True
PCR_000568,P_00951,568,Primary Accused,EVI_FIR_0568,True
PCR_000569,P_01003,569,Primary Accused,EVI_FIR_0569,True
PCR_000570,P_04615,570,Primary Accused,EVI_FIR_0570,True
PCR_000571,P_04177,571,Primary Accused,EVI_FIR_0571,True
PCR_000572,P_00561,572,Primary Accused,EVI_FIR_0572,True
PCR_000573,P_02255,573,Primary Accused,EVI_FIR_0573,True
PCR_000574,P_04663,574,Primary Accused,EVI_FIR_0574,True
PCR_000575,P_00580,575,Primary Accused,EVI_FIR_0575,True
PCR_000576,P_00150,576,Primary Accused,EVI_FIR_0576,True
PCR_000577,P_02556,577,Primary Accused,EVI_FIR_0577,True
PCR_000578,P_03650,578,Primary Accused,EVI_FIR_0578,True
PCR_000579,P_01552,579,Primary Accused,EVI_FIR_0579,True
PCR_000580,P_01271,580,Primary Accused,EVI_FIR_0580,True
PCR_000581,P_02446,581,Primary Accused,EVI_FIR_0581,True
PCR_000582,P_00880,582,Primary Accused,EVI_FIR_0582,True
PCR_000583,P_04099,583,Primary Accused,EVI_FIR_0583,True
PCR_000584,P_00371,584,Primary Accused,EVI_FIR_0584,True
PCR_000585,P_03686,585,Primary Accused,EVI_FIR_0585,True
PCR_000586,P_03554,586,Primary Accused,EVI_FIR_0586,True
PCR_000587,P_03405,587,Primary Accused,EVI_FIR_0587,True
PCR_000588,P_00718,588,Primary Accused,EVI_FIR_0588,True
PCR_000589,P_00202,589,Primary Accused,EVI_FIR_0589,True
PCR_000590,P_01158,590,Primary Accused,EVI_FIR_0590,True
PCR_000591,P_00188,591,Primary Accused,EVI_FIR_0591,True
PCR_000592,P_00713,592,Primary Accused,EVI_FIR_0592,True
PCR_000593,P_03856,593,Primary Accused,EVI_FIR_0593,True
PCR_000594,P_01900,594,Primary Accused,EVI_FIR_0594,True
PCR_000595,P_03458,595,Primary Accused,EVI_FIR_0595,True
PCR_000596,P_04687,596,Primary Accused,EVI_FIR_0596,True
PCR_000597,P_03652,597,Primary Accused,EVI_FIR_0597,True
PCR_000598,P_01698,598,Primary Accused,EVI_FIR_0598,True
PCR_000599,P_03408,599,Primary Accused,EVI_FIR_0599,True
PCR_000600,P_04777,600,Primary Accused,EVI_FIR_0600,True
PCR_000601,P_04604,601,Primary Accused,EVI_FIR_0601,True
PCR_000602,P_02487,602,Primary Accused,EVI_FIR_0602,True
PCR_000603,P_03591,603,Primary Accused,EVI_FIR_0603,True
PCR_000604,P_04999,604,Primary Accused,EVI_FIR_0604,True
PCR_000605,P_01287,605,Primary Accused,EVI_FIR_0605,True
PCR_000606,P_01129,606,Primary Accused,EVI_FIR_0606,True
PCR_000607,P_02186,607,Primary Accused,EVI_FIR_0607,True
PCR_000608,P_01361,608,Primary Accused,EVI_FIR_0608,True
PCR_000609,P_02905,609,Primary Accused,EVI_FIR_0609,True
PCR_000610,P_00829,610,Primary Accused,EVI_FIR_0610,True
PCR_000611,P_00062,611,Primary Accused,EVI_FIR_0611,True
PCR_000612,P_04536,612,Primary Accused,EVI_FIR_0612,True
PCR_000613,P_03371,613,Primary Accused,EVI_FIR_0613,True
PCR_000614,P_03307,614,Primary Accused,EVI_FIR_0614,True
PCR_000615,P_04240,615,Primary Accused,EVI_FIR_0615,True
PCR_000616,P_01323,616,Primary Accused,EVI_FIR_0616,True
PCR_000617,P_00177,617,Primary Accused,EVI_FIR_0617,True
PCR_000618,P_04634,618,Primary Accused,EVI_FIR_0618,True
PCR_000619,P_01097,619,Primary Accused,EVI_FIR_0619,True
PCR_000620,P_03251,620,Primary Accused,EVI_FIR_0620,True
PCR_000621,P_04749,621,Primary Accused,EVI_FIR_0621,True
PCR_000622,P_03282,622,Primary Accused,EVI_FIR_0622,True
PCR_000623,P_04431,623,Primary Accused,EVI_FIR_0623,True
PCR_000624,P_03026,624,Primary Accused,EVI_FIR_0624,True
PCR_000625,P_01221,625,Primary Accused,EVI_FIR_0625,True
PCR_000626,P_01036,626,Primary Accused,EVI_FIR_0626,True
PCR_000627,P_00991,627,Primary Accused,EVI_FIR_0627,True
PCR_000628,P_02777,628,Primary Accused,EVI_FIR_0628,True
PCR_000629,P_04235,629,Primary Accused,EVI_FIR_0629,True
PCR_000630,P_03426,630,Primary Accused,EVI_FIR_0630,True
PCR_000631,P_00726,631,Primary Accused,EVI_FIR_0631,True
PCR_000632,P_01577,632,Primary Accused,EVI_FIR_0632,True
PCR_000633,P_00107,633,Primary Accused,EVI_FIR_0633,True
PCR_000634,P_04972,634,Primary Accused,EVI_FIR_0634,True
PCR_000635,P_03400,635,Primary Accused,EVI_FIR_0635,True
PCR_000636,P_01209,636,Primary Accused,EVI_FIR_0636,True
PCR_000637,P_01726,637,Primary Accused,EVI_FIR_0637,True
PCR_000638,P_03195,638,Primary Accused,EVI_FIR_0638,True
PCR_000639,P_01809,639,Primary Accused,EVI_FIR_0639,True
PCR_000640,P_00553,640,Primary Accused,EVI_FIR_0640,True
PCR_000641,P_00963,641,Primary Accused,EVI_FIR_0641,True
PCR_000642,P_02044,642,Primary Accused,EVI_FIR_0642,True
PCR_000643,P_01293,643,Primary Accused,EVI_FIR_0643,True
PCR_000644,P_00373,644,Primary Accused,EVI_FIR_0644,True
PCR_000645,P_04531,645,Primary Accused,EVI_FIR_0645,True
PCR_000646,P_01233,646,Primary Accused,EVI_FIR_0646,True
PCR_000647,P_02365,647,Primary Accused,EVI_FIR_0647,True
PCR_000648,P_03066,648,Primary Accused,EVI_FIR_0648,True
PCR_000649,P_04005,649,Primary Accused,EVI_FIR_0649,True
PCR_000650,P_03675,650,Primary Accused,EVI_FIR_0650,True
PCR_000651,P_03169,651,Primary Accused,EVI_FIR_0651,True
PCR_000652,P_01581,652,Primary Accused,EVI_FIR_0652,True
PCR_000653,P_02032,653,Primary Accused,EVI_FIR_0653,True
PCR_000654,P_00873,654,Primary Accused,EVI_FIR_0654,True
PCR_000655,P_04210,655,Primary Accused,EVI_FIR_0655,True
PCR_000656,P_04819,656,Primary Accused,EVI_FIR_0656,True
PCR_000657,P_02797,657,Primary Accused,EVI_FIR_0657,True
PCR_000658,P_03199,658,Primary Accused,EVI_FIR_0658,True
PCR_000659,P_04448,659,Primary Accused,EVI_FIR_0659,True
PCR_000660,P_03805,660,Primary Accused,EVI_FIR_0660,True
PCR_000661,P_01571,661,Primary Accused,EVI_FIR_0661,True
PCR_000662,P_04294,662,Primary Accused,EVI_FIR_0662,True
PCR_000663,P_04584,663,Primary Accused,EVI_FIR_0663,True
PCR_000664,P_03658,664,Primary Accused,EVI_FIR_0664,True
PCR_000665,P_01452,665,Primary Accused,EVI_FIR_0665,True
PCR_000666,P_04582,666,Primary Accused,EVI_FIR_0666,True
PCR_000667,P_01910,667,Primary Accused,EVI_FIR_0667,True
PCR_000668,P_00934,668,Primary Accused,EVI_FIR_0668,True
PCR_000669,P_00842,669,Primary Accused,EVI_FIR_0669,True
PCR_000670,P_04233,670,Primary Accused,EVI_FIR_0670,True
PCR_000671,P_00496,671,Primary Accused,EVI_FIR_0671,True
PCR_000672,P_01329,672,Primary Accused,EVI_FIR_0672,True
PCR_000673,P_00470,673,Primary Accused,EVI_FIR_0673,True
PCR_000674,P_01577,674,Primary Accused,EVI_FIR_0674,True
PCR_000675,P_04914,675,Primary Accused,EVI_FIR_0675,True
PCR_000676,P_01082,676,Primary Accused,EVI_FIR_0676,True
PCR_000677,P_03097,677,Primary Accused,EVI_FIR_0677,True
PCR_000678,P_00246,678,Primary Accused,EVI_FIR_0678,True
PCR_000679,P_00102,679,Primary Accused,EVI_FIR_0679,True
PCR_000680,P_01428,680,Primary Accused,EVI_FIR_0680,True
PCR_000681,P_01201,681,Primary Accused,EVI_FIR_0681,True
PCR_000682,P_03554,682,Primary Accused,EVI_FIR_0682,True
PCR_000683,P_04292,683,Primary Accused,EVI_FIR_0683,True
PCR_000684,P_04833,684,Primary Accused,EVI_FIR_0684,True
PCR_000685,P_02321,685,Primary Accused,EVI_FIR_0685,True
PCR_000686,P_00857,686,Primary Accused,EVI_FIR_0686,True
PCR_000687,P_04360,687,Primary Accused,EVI_FIR_0687,True
PCR_000688,P_03285,688,Primary Accused,EVI_FIR_0688,True
PCR_000689,P_03244,689,Primary Accused,EVI_FIR_0689,True
PCR_000690,P_02072,690,Primary Accused,EVI_FIR_0690,True
PCR_000691,P_04784,691,Primary Accused,EVI_FIR_0691,True
PCR_000692,P_03798,692,Primary Accused,EVI_FIR_0692,True
PCR_000693,P_02942,693,Primary Accused,EVI_FIR_0693,True
PCR_000694,P_01522,694,Primary Accused,EVI_FIR_0694,True
PCR_000695,P_02609,695,Primary Accused,EVI_FIR_0695,True
PCR_000696,P_01130,696,Primary Accused,EVI_FIR_0696,True
PCR_000697,P_00116,697,Primary Accused,EVI_FIR_0697,True
PCR_000698,P_04968,698,Primary Accused,EVI_FIR_0698,True
PCR_000699,P_04569,699,Primary Accused,EVI_FIR_0699,True
PCR_000700,P_02504,700,Primary Accused,EVI_FIR_0700,True
PCR_000701,P_03396,701,Primary Accused,EVI_FIR_0701,True
PCR_000702,P_02706,702,Primary Accused,EVI_FIR_0702,True
PCR_000703,P_02044,703,Primary Accused,EVI_FIR_0703,True
PCR_000704,P_04099,704,Primary Accused,EVI_FIR_0704,True
PCR_000705,P_04392,705,Primary Accused,EVI_FIR_0705,True
PCR_000706,P_01287,706,Primary Accused,EVI_FIR_0706,True
PCR_000707,P_01750,707,Primary Accused,EVI_FIR_0707,True
PCR_000708,P_04809,708,Primary Accused,EVI_FIR_0708,True
PCR_000709,P_04955,709,Primary Accused,EVI_FIR_0709,True
PCR_000710,P_00321,710,Primary Accused,EVI_FIR_0710,True
PCR_000711,P_02485,711,Primary Accused,EVI_FIR_0711,True
PCR_000712,P_03151,712,Primary Accused,EVI_FIR_0712,True
PCR_000713,P_02020,713,Primary Accused,EVI_FIR_0713,True
PCR_000714,P_04819,714,Primary Accused,EVI_FIR_0714,True
PCR_000715,P_03199,715,Primary Accused,EVI_FIR_0715,True
PCR_000716,P_02072,716,Primary Accused,EVI_FIR_0716,True
PCR_000717,P_03780,717,Primary Accused,EVI_FIR_0717,True
PCR_000718,P_01065,718,Primary Accused,EVI_FIR_0718,True
PCR_000719,P_00636,719,Primary Accused,EVI_FIR_0719,True
PCR_000720,P_02255,720,Primary Accused,EVI_FIR_0720,True
PCR_000721,P_01603,721,Primary Accused,EVI_FIR_0721,True
PCR_000722,P_03070,722,Primary Accused,EVI_FIR_0722,True
PCR_000723,P_02391,723,Primary Accused,EVI_FIR_0723,True
PCR_000724,P_01438,724,Primary Accused,EVI_FIR_0724,True
PCR_000725,P_01635,725,Primary Accused,EVI_FIR_0725,True
PCR_000726,P_00046,726,Primary Accused,EVI_FIR_0726,True
PCR_000727,P_00102,727,Primary Accused,EVI_FIR_0727,True
PCR_000728,P_04489,728,Primary Accused,EVI_FIR_0728,True
PCR_000729,P_01089,729,Primary Accused,EVI_FIR_0729,True
PCR_000730,P_03689,730,Primary Accused,EVI_FIR_0730,True
PCR_000731,P_04399,731,Primary Accused,EVI_FIR_0731,True
PCR_000732,P_02531,732,Primary Accused,EVI_FIR_0732,True
PCR_000733,P_02478,733,Primary Accused,EVI_FIR_0733,True
PCR_000734,P_03617,734,Primary Accused,EVI_FIR_0734,True
PCR_000735,P_02412,735,Primary Accused,EVI_FIR_0735,True
PCR_000736,P_00275,736,Primary Accused,EVI_FIR_0736,True
PCR_000737,P_04124,737,Primary Accused,EVI_FIR_0737,True
PCR_000738,P_00893,738,Primary Accused,EVI_FIR_0738,True
PCR_000739,P_03492,739,Primary Accused,EVI_FIR_0739,True
PCR_000740,P_03821,740,Primary Accused,EVI_FIR_0740,True
PCR_000741,P_03743,741,Primary Accused,EVI_FIR_0741,True
PCR_000742,P_00074,742,Primary Accused,EVI_FIR_0742,True
PCR_000743,P_03990,743,Primary Accused,EVI_FIR_0743,True
PCR_000744,P_00274,744,Primary Accused,EVI_FIR_0744,True
PCR_000745,P_04820,745,Primary Accused,EVI_FIR_0745,True
PCR_000746,P_01868,746,Primary Accused,EVI_FIR_0746,True
PCR_000747,P_03443,747,Primary Accused,EVI_FIR_0747,True
PCR_000748,P_00283,748,Primary Accused,EVI_FIR_0748,True
PCR_000749,P_01166,749,Primary Accused,EVI_FIR_0749,True
PCR_000750,P_04009,750,Primary Accused,EVI_FIR_0750,True
PCR_000751,P_03136,751,Primary Accused,EVI_FIR_0751,True
PCR_000752,P_04691,752,Primary Accused,EVI_FIR_0752,True
PCR_000753,P_01440,753,Primary Accused,EVI_FIR_0753,True
PCR_000754,P_03663,754,Primary Accused,EVI_FIR_0754,True
PCR_000755,P_00704,755,Primary Accused,EVI_FIR_0755,True
PCR_000756,P_00895,756,Primary Accused,EVI_FIR_0756,True
PCR_000757,P_03813,757,Primary Accused,EVI_FIR_0757,True
PCR_000758,P_00794,758,Primary Accused,EVI_FIR_0758,True
PCR_000759,P_03981,759,Primary Accused,EVI_FIR_0759,True
PCR_000760,P_03177,760,Primary Accused,EVI_FIR_0760,True
PCR_000761,P_00211,761,Primary Accused,EVI_FIR_0761,True
PCR_000762,P_03877,762,Primary Accused,EVI_FIR_0762,True
PCR_000763,P_00137,763,Primary Accused,EVI_FIR_0763,True
PCR_000764,P_00895,764,Primary Accused,EVI_FIR_0764,True
PCR_000765,P_04979,765,Primary Accused,EVI_FIR_0765,True
PCR_000766,P_04139,766,Primary Accused,EVI_FIR_0766,True
PCR_000767,P_03953,767,Primary Accused,EVI_FIR_0767,True
PCR_000768,P_00727,768,Primary Accused,EVI_FIR_0768,True
PCR_000769,P_01667,769,Primary Accused,EVI_FIR_0769,True
PCR_000770,P_01834,770,Primary Accused,EVI_FIR_0770,True
PCR_000771,P_03644,771,Primary Accused,EVI_FIR_0771,True
PCR_000772,P_00952,772,Primary Accused,EVI_FIR_0772,True
PCR_000773,P_01639,773,Primary Accused,EVI_FIR_0773,True
PCR_000774,P_03347,774,Primary Accused,EVI_FIR_0774,True
PCR_000775,P_01892,775,Primary Accused,EVI_FIR_0775,True
PCR_000776,P_02012,776,Primary Accused,EVI_FIR_0776,True
PCR_000777,P_01726,777,Primary Accused,EVI_FIR_0777,True
PCR_000778,P_03075,778,Primary Accused,EVI_FIR_0778,True
PCR_000779,P_02420,779,Primary Accused,EVI_FIR_0779,True
PCR_000780,P_00798,780,Primary Accused,EVI_FIR_0780,True
PCR_000781,P_04729,781,Primary Accused,EVI_FIR_0781,True
PCR_000782,P_00313,782,Primary Accused,EVI_FIR_0782,True
PCR_000783,P_01189,783,Primary Accused,EVI_FIR_0783,True
PCR_000784,P_04174,784,Primary Accused,EVI_FIR_0784,True
PCR_000785,P_03216,785,Primary Accused,EVI_FIR_0785,True
PCR_000786,P_00733,786,Primary Accused,EVI_FIR_0786,True
PCR_000787,P_00575,787,Primary Accused,EVI_FIR_0787,True
PCR_000788,P_00775,788,Primary Accused,EVI_FIR_0788,True
PCR_000789,P_02665,789,Primary Accused,EVI_FIR_0789,True
PCR_000790,P_00383,790,Primary Accused,EVI_FIR_0790,True
PCR_000791,P_01217,791,Primary Accused,EVI_FIR_0791,True
PCR_000792,P_01008,792,Primary Accused,EVI_FIR_0792,True
PCR_000793,P_00920,793,Primary Accused,EVI_FIR_0793,True
PCR_000794,P_02022,794,Primary Accused,EVI_FIR_0794,True
PCR_000795,P_02740,795,Primary Accused,EVI_FIR_0795,True
PCR_000796,P_01943,796,Primary Accused,EVI_FIR_0796,True
PCR_000797,P_04730,797,Primary Accused,EVI_FIR_0797,True
PCR_000798,P_03128,798,Primary Accused,EVI_FIR_0798,True
PCR_000799,P_01217,799,Primary Accused,EVI_FIR_0799,True
PCR_000800,P_04286,800,Primary Accused,EVI_FIR_0800,True
PCR_000801,P_00636,801,Primary Accused,EVI_FIR_0801,True
PCR_000802,P_01245,802,Primary Accused,EVI_FIR_0802,True
PCR_000803,P_01216,803,Primary Accused,EVI_FIR_0803,True
PCR_000804,P_00820,804,Primary Accused,EVI_FIR_0804,True
PCR_000805,P_04520,805,Primary Accused,EVI_FIR_0805,True
PCR_000806,P_01220,806,Primary Accused,EVI_FIR_0806,True
PCR_000807,P_04955,807,Primary Accused,EVI_FIR_0807,True
PCR_000808,P_01773,808,Primary Accused,EVI_FIR_0808,True
PCR_000809,P_00702,809,Primary Accused,EVI_FIR_0809,True
PCR_000810,P_04134,810,Primary Accused,EVI_FIR_0810,True
PCR_000811,P_04458,811,Primary Accused,EVI_FIR_0811,True
PCR_000812,P_00496,812,Primary Accused,EVI_FIR_0812,True
PCR_000813,P_04784,813,Primary Accused,EVI_FIR_0813,True
PCR_000814,P_01870,814,Primary Accused,EVI_FIR_0814,True
PCR_000815,P_04097,815,Primary Accused,EVI_FIR_0815,True
PCR_000816,P_02025,816,Primary Accused,EVI_FIR_0816,True
PCR_000817,P_04320,817,Primary Accused,EVI_FIR_0817,True
PCR_000818,P_00112,818,Primary Accused,EVI_FIR_0818,True
PCR_000819,P_04979,819,Primary Accused,EVI_FIR_0819,True
PCR_000820,P_01853,820,Primary Accused,EVI_FIR_0820,True
PCR_000821,P_03645,821,Primary Accused,EVI_FIR_0821,True
PCR_000822,P_01538,822,Primary Accused,EVI_FIR_0822,True
PCR_000823,P_00178,823,Primary Accused,EVI_FIR_0823,True
PCR_000824,P_04158,824,Primary Accused,EVI_FIR_0824,True
PCR_000825,P_00068,825,Primary Accused,EVI_FIR_0825,True
PCR_000826,P_00451,826,Primary Accused,EVI_FIR_0826,True
PCR_000827,P_01195,827,Primary Accused,EVI_FIR_0827,True
PCR_000828,P_03516,828,Primary Accused,EVI_FIR_0828,True
PCR_000829,P_03447,829,Primary Accused,EVI_FIR_0829,True
PCR_000830,P_00163,830,Primary Accused,EVI_FIR_0830,True
PCR_000831,P_03194,831,Primary Accused,EVI_FIR_0831,True
PCR_000832,P_00134,832,Primary Accused,EVI_FIR_0832,True
PCR_000833,P_02514,833,Primary Accused,EVI_FIR_0833,True
PCR_000834,P_04874,834,Primary Accused,EVI_FIR_0834,True
PCR_000835,P_00794,835,Primary Accused,EVI_FIR_0835,True
PCR_000836,P_04235,836,Primary Accused,EVI_FIR_0836,True
PCR_000837,P_00337,837,Primary Accused,EVI_FIR_0837,True
PCR_000838,P_03556,838,Primary Accused,EVI_FIR_0838,True
PCR_000839,P_04591,839,Primary Accused,EVI_FIR_0839,True
PCR_000840,P_03888,840,Primary Accused,EVI_FIR_0840,True
PCR_000841,P_04197,841,Primary Accused,EVI_FIR_0841,True
PCR_000842,P_00382,842,Primary Accused,EVI_FIR_0842,True
PCR_000843,P_03522,843,Primary Accused,EVI_FIR_0843,True
PCR_000844,P_01835,844,Primary Accused,EVI_FIR_0844,True
PCR_000845,P_03387,845,Primary Accused,EVI_FIR_0845,True
PCR_000846,P_02847,846,Primary Accused,EVI_FIR_0846,True
PCR_000847,P_02055,847,Primary Accused,EVI_FIR_0847,True
PCR_000848,P_02146,848,Primary Accused,EVI_FIR_0848,True
PCR_000849,P_00708,849,Primary Accused,EVI_FIR_0849,True
PCR_000850,P_01425,850,Primary Accused,EVI_FIR_0850,True
PCR_000851,P_01516,851,Primary Accused,EVI_FIR_0851,True
PCR_000852,P_01148,852,Primary Accused,EVI_FIR_0852,True
PCR_000853,P_03264,853,Primary Accused,EVI_FIR_0853,True
PCR_000854,P_00320,854,Primary Accused,EVI_FIR_0854,True
PCR_000855,P_00121,855,Primary Accused,EVI_FIR_0855,True
PCR_000856,P_04177,856,Primary Accused,EVI_FIR_0856,True
PCR_000857,P_02992,857,Primary Accused,EVI_FIR_0857,True
PCR_000858,P_00174,858,Primary Accused,EVI_FIR_0858,True
PCR_000859,P_01241,859,Primary Accused,EVI_FIR_0859,True
PCR_000860,P_02161,860,Primary Accused,EVI_FIR_0860,True
PCR_000861,P_04732,861,Primary Accused,EVI_FIR_0861,True
PCR_000862,P_01288,862,Primary Accused,EVI_FIR_0862,True
PCR_000863,P_02206,863,Primary Accused,EVI_FIR_0863,True
PCR_000864,P_00706,864,Primary Accused,EVI_FIR_0864,True
PCR_000865,P_03920,865,Primary Accused,EVI_FIR_0865,True
PCR_000866,P_01283,866,Primary Accused,EVI_FIR_0866,True
PCR_000867,P_03024,867,Primary Accused,EVI_FIR_0867,True
PCR_000868,P_04464,868,Primary Accused,EVI_FIR_0868,True
PCR_000869,P_02718,869,Primary Accused,EVI_FIR_0869,True
PCR_000870,P_00953,870,Primary Accused,EVI_FIR_0870,True
PCR_000871,P_02070,871,Primary Accused,EVI_FIR_0871,True
PCR_000872,P_01478,872,Primary Accused,EVI_FIR_0872,True
PCR_000873,P_03517,873,Primary Accused,EVI_FIR_0873,True
PCR_000874,P_01297,874,Primary Accused,EVI_FIR_0874,True
PCR_000875,P_02922,875,Primary Accused,EVI_FIR_0875,True
PCR_000876,P_04950,876,Primary Accused,EVI_FIR_0876,True
PCR_000877,P_04615,877,Primary Accused,EVI_FIR_0877,True
PCR_000878,P_03094,878,Primary Accused,EVI_FIR_0878,True
PCR_000879,P_04582,879,Primary Accused,EVI_FIR_0879,True
PCR_000880,P_00448,880,Primary Accused,EVI_FIR_0880,True
PCR_000881,P_00230,881,Primary Accused,EVI_FIR_0881,True
PCR_000882,P_01549,882,Primary Accused,EVI_FIR_0882,True
PCR_000883,P_02755,883,Primary Accused,EVI_FIR_0883,True
PCR_000884,P_03262,884,Primary Accused,EVI_FIR_0884,True
PCR_000885,P_02715,885,Primary Accused,EVI_FIR_0885,True
PCR_000886,P_02425,886,Primary Accused,EVI_FIR_0886,True
PCR_000887,P_01629,887,Primary Accused,EVI_FIR_0887,True
PCR_000888,P_02676,888,Primary Accused,EVI_FIR_0888,True
PCR_000889,P_03447,889,Primary Accused,EVI_FIR_0889,True
PCR_000890,P_00798,890,Primary Accused,EVI_FIR_0890,True
PCR_000891,P_04496,891,Primary Accused,EVI_FIR_0891,True
PCR_000892,P_02501,892,Primary Accused,EVI_FIR_0892,True
PCR_000893,P_01289,893,Primary Accused,EVI_FIR_0893,True
PCR_000894,P_01077,894,Primary Accused,EVI_FIR_0894,True
PCR_000895,P_04918,895,Primary Accused,EVI_FIR_0895,True
PCR_000896,P_03007,896,Primary Accused,EVI_FIR_0896,True
PCR_000897,P_03991,897,Primary Accused,EVI_FIR_0897,True
PCR_000898,P_03856,898,Primary Accused,EVI_FIR_0898,True
PCR_000899,P_03651,899,Primary Accused,EVI_FIR_0899,True
PCR_000900,P_01918,900,Primary Accused,EVI_FIR_0900,True
PCR_000901,P_01795,901,Primary Accused,EVI_FIR_0901,True
PCR_000902,P_00685,902,Primary Accused,EVI_FIR_0902,True
PCR_000903,P_01684,903,Primary Accused,EVI_FIR_0903,True
PCR_000904,P_01627,904,Primary Accused,EVI_FIR_0904,True
PCR_000905,P_03300,905,Primary Accused,EVI_FIR_0905,True
PCR_000906,P_04927,906,Primary Accused,EVI_FIR_0906,True
PCR_000907,P_02593,907,Primary Accused,EVI_FIR_0907,True
PCR_000908,P_00706,908,Primary Accused,EVI_FIR_0908,True
PCR_000909,P_01705,909,Primary Accused,EVI_FIR_0909,True
PCR_000910,P_00118,910,Primary Accused,EVI_FIR_0910,True
PCR_000911,P_04434,911,Primary Accused,EVI_FIR_0911,True
PCR_000912,P_03768,912,Primary Accused,EVI_FIR_0912,True
PCR_000913,P_03944,913,Primary Accused,EVI_FIR_0913,True
PCR_000914,P_03354,914,Primary Accused,EVI_FIR_0914,True
PCR_000915,P_03745,915,Primary Accused,EVI_FIR_0915,True
PCR_000916,P_03122,916,Primary Accused,EVI_FIR_0916,True
PCR_000917,P_03243,917,Primary Accused,EVI_FIR_0917,True
PCR_000918,P_02770,918,Primary Accused,EVI_FIR_0918,True
PCR_000919,P_04971,919,Primary Accused,EVI_FIR_0919,True
PCR_000920,P_03223,920,Primary Accused,EVI_FIR_0920,True
PCR_000921,P_01254,921,Primary Accused,EVI_FIR_0921,True
PCR_000922,P_04780,922,Primary Accused,EVI_FIR_0922,True
PCR_000923,P_03584,923,Primary Accused,EVI_FIR_0923,True
PCR_000924,P_00835,924,Primary Accused,EVI_FIR_0924,True
PCR_000925,P_03369,925,Primary Accused,EVI_FIR_0925,True
PCR_000926,P_04531,926,Primary Accused,EVI_FIR_0926,True
PCR_000927,P_02101,927,Primary Accused,EVI_FIR_0927,True
PCR_000928,P_03202,928,Primary Accused,EVI_FIR_0928,True
PCR_000929,P_01744,929,Primary Accused,EVI_FIR_0929,True
PCR_000930,P_02226,930,Primary Accused,EVI_FIR_0930,True
PCR_000931,P_03385,931,Primary Accused,EVI_FIR_0931,True
PCR_000932,P_04966,932,Primary Accused,EVI_FIR_0932,True
PCR_000933,P_01778,933,Primary Accused,EVI_FIR_0933,True
PCR_000934,P_00754,934,Primary Accused,EVI_FIR_0934,True
PCR_000935,P_01603,935,Primary Accused,EVI_FIR_0935,True
PCR_000936,P_04518,936,Primary Accused,EVI_FIR_0936,True
PCR_000937,P_03402,937,Primary Accused,EVI_FIR_0937,True
PCR_000938,P_02892,938,Primary Accused,EVI_FIR_0938,True
PCR_000939,P_04238,939,Primary Accused,EVI_FIR_0939,True
PCR_000940,P_02654,940,Primary Accused,EVI_FIR_0940,True
PCR_000941,P_00009,941,Primary Accused,EVI_FIR_0941,True
PCR_000942,P_00625,942,Primary Accused,EVI_FIR_0942,True
PCR_000943,P_00859,943,Primary Accused,EVI_FIR_0943,True
PCR_000944,P_00384,944,Primary Accused,EVI_FIR_0944,True
PCR_000945,P_04722,945,Primary Accused,EVI_FIR_0945,True
PCR_000946,P_01280,946,Primary Accused,EVI_FIR_0946,True
PCR_000947,P_00908,947,Primary Accused,EVI_FIR_0947,True
PCR_000948,P_02804,948,Primary Accused,EVI_FIR_0948,True
PCR_000949,P_00650,949,Primary Accused,EVI_FIR_0949,True
PCR_000950,P_03570,950,Primary Accused,EVI_FIR_0950,True
PCR_000951,P_00041,951,Primary Accused,EVI_FIR_0951,True
PCR_000952,P_02209,952,Primary Accused,EVI_FIR_0952,True
PCR_000953,P_03570,953,Primary Accused,EVI_FIR_0953,True
PCR_000954,P_03661,954,Primary Accused,EVI_FIR_0954,True
PCR_000955,P_01044,955,Primary Accused,EVI_FIR_0955,True
PCR_000956,P_01687,956,Primary Accused,EVI_FIR_0956,True
PCR_000957,P_03155,957,Primary Accused,EVI_FIR_0957,True
PCR_000958,P_02813,958,Primary Accused,EVI_FIR_0958,True
PCR_000959,P_02931,959,Primary Accused,EVI_FIR_0959,True
PCR_000960,P_02510,960,Primary Accused,EVI_FIR_0960,True
PCR_000961,P_03813,961,Primary Accused,EVI_FIR_0961,True
PCR_000962,P_02586,962,Primary Accused,EVI_FIR_0962,True
PCR_000963,P_00852,963,Primary Accused,EVI_FIR_0963,True
PCR_000964,P_01552,964,Primary Accused,EVI_FIR_0964,True
PCR_000965,P_02190,965,Primary Accused,EVI_FIR_0965,True
PCR_000966,P_00736,966,Primary Accused,EVI_FIR_0966,True
PCR_000967,P_03209,967,Primary Accused,EVI_FIR_0967,True
PCR_000968,P_02690,968,Primary Accused,EVI_FIR_0968,True
PCR_000969,P_01955,969,Primary Accused,EVI_FIR_0969,True
PCR_000970,P_00241,970,Primary Accused,EVI_FIR_0970,True
PCR_000971,P_02902,971,Primary Accused,EVI_FIR_0971,True
PCR_000972,P_01625,972,Primary Accused,EVI_FIR_0972,True
PCR_000973,P_02910,973,Primary Accused,EVI_FIR_0973,True
PCR_000974,P_04924,974,Primary Accused,EVI_FIR_0974,True
PCR_000975,P_01258,975,Primary Accused,EVI_FIR_0975,True
PCR_000976,P_01691,976,Primary Accused,EVI_FIR_0976,True
PCR_000977,P_04395,977,Primary Accused,EVI_FIR_0977,True
PCR_000978,P_02534,978,Primary Accused,EVI_FIR_0978,True
PCR_000979,P_00766,979,Primary Accused,EVI_FIR_0979,True
PCR_000980,P_04077,980,Primary Accused,EVI_FIR_0980,True
PCR_000981,P_02095,981,Primary Accused,EVI_FIR_0981,True
PCR_000982,P_02108,982,Primary Accused,EVI_FIR_0982,True
PCR_000983,P_01271,983,Primary Accused,EVI_FIR_0983,True
PCR_000984,P_01081,984,Primary Accused,EVI_FIR_0984,True
PCR_000985,P_02460,985,Primary Accused,EVI_FIR_0985,True
PCR_000986,P_01514,986,Primary Accused,EVI_FIR_0986,True
PCR_000987,P_04326,987,Primary Accused,EVI_FIR_0987,True
PCR_000988,P_02949,988,Primary Accused,EVI_FIR_0988,True
PCR_000989,P_03449,989,Primary Accused,EVI_FIR_0989,True
PCR_000990,P_04356,990,Primary Accused,EVI_FIR_0990,True
PCR_000991,P_03301,991,Primary Accused,EVI_FIR_0991,True
PCR_000992,P_00694,992,Primary Accused,EVI_FIR_0992,True
PCR_000993,P_02429,993,Primary Accused,EVI_FIR_0993,True
PCR_000994,P_01680,994,Primary Accused,EVI_FIR_0994,True
PCR_000995,P_01268,995,Primary Accused,EVI_FIR_0995,True
PCR_000996,P_04947,996,Primary Accused,EVI_FIR_0996,True
PCR_000997,P_03692,997,Primary Accused,EVI_FIR_0997,True
PCR_000998,P_02494,998,Primary Accused,EVI_FIR_0998,True
PCR_000999,P_01260,999,Primary Accused,EVI_FIR_0999,True
PCR_001000,P_03010,1000,Primary Accused,EVI_FIR_1000,True
PCR_001001,P_01095,225,Accomplice,EVI_FIR_0225,True
PCR_001002,P_03728,157,Witness,EVI_FIR_0157,True
PCR_001003,P_03407,383,Witness,EVI_FIR_0383,True
PCR_001004,P_03858,935,Witness,EVI_FIR_0935,True
PCR_001005,P_01790,822,Co-Accused,EVI_FIR_0822,True
PCR_001006,P_04881,697,Primary Accused,EVI_FIR_0697,True
PCR_001007,P_03660,539,Witness,EVI_FIR_0539,True
PCR_001008,P_02964,721,Primary Accused,EVI_FIR_0721,True
PCR_001009,P_04622,940,Primary Accused,EVI_FIR_0940,True
PCR_001010,P_04083,64,Witness,EVI_FIR_0064,True
PCR_001011,P_04692,208,Witness,EVI_FIR_0208,True
PCR_001012,P_01348,154,Suspect,EVI_FIR_0154,True
PCR_001013,P_04359,875,Accomplice,EVI_FIR_0875,True
PCR_001014,P_01683,120,Witness,EVI_FIR_0120,True
PCR_001015,P_00745,501,Witness,EVI_FIR_0501,True
PCR_001016,P_00456,457,Accomplice,EVI_FIR_0457,True
PCR_001017,P_04301,136,Accomplice,EVI_FIR_0136,True
PCR_001018,P_04620,468,Primary Accused,EVI_FIR_0468,True
PCR_001019,P_03788,573,Suspect,EVI_FIR_0573,True
PCR_001020,P_00179,741,Accomplice,EVI_FIR_0741,True
PCR_001021,P_00025,261,Co-Accused,EVI_FIR_0261,True
PCR_001022,P_00599,593,Primary Accused,EVI_FIR_0593,True
PCR_001023,P_02823,434,Primary Accused,EVI_FIR_0434,True
PCR_001024,P_00494,555,Primary Accused,EVI_FIR_0555,True
PCR_001025,P_03868,957,Primary Accused,EVI_FIR_0957,True
PCR_001026,P_03350,294,Co-Accused,EVI_FIR_0294,True
PCR_001027,P_01110,788,Accomplice,EVI_FIR_0788,True
PCR_001028,P_03134,384,Accomplice,EVI_FIR_0384,True
PCR_001029,P_03093,891,Accomplice,EVI_FIR_0891,True
PCR_001030,P_04014,83,Co-Accused,EVI_FIR_0083,True
PCR_001031,P_02849,670,Primary Accused,EVI_FIR_0670,True
PCR_001032,P_04498,183,Accomplice,EVI_FIR_0183,True
PCR_001033,P_01044,542,Co-Accused,EVI_FIR_0542,True
PCR_001034,P_00029,855,Primary Accused,EVI_FIR_0855,True
PCR_001035,P_03793,306,Witness,EVI_FIR_0306,True
PCR_001036,P_04454,435,Accomplice,EVI_FIR_0435,True
PCR_001037,P_01882,844,Co-Accused,EVI_FIR_0844,True
PCR_001038,P_02836,472,Co-Accused,EVI_FIR_0472,True
PCR_001039,P_01545,283,Primary Accused,EVI_FIR_0283,True
PCR_001040,P_03435,33,Witness,EVI_FIR_0033,True
PCR_001041,P_00129,785,Co-Accused,EVI_FIR_0785,True
PCR_001042,P_00552,212,Primary Accused,EVI_FIR_0212,True
PCR_001043,P_00276,609,Accomplice,EVI_FIR_0609,True
PCR_001044,P_00399,613,Co-Accused,EVI_FIR_0613,True
PCR_001045,P_00363,759,Accomplice,EVI_FIR_0759,True
PCR_001046,P_01920,450,Witness,EVI_FIR_0450,True
PCR_001047,P_00463,223,Co-Accused,EVI_FIR_0223,True
PCR_001048,P_02418,516,Co-Accused,EVI_FIR_0516,True
PCR_001049,P_04720,836,Suspect,EVI_FIR_0836,True
PCR_001050,P_04899,592,Suspect,EVI_FIR_0592,True
PCR_001051,P_02021,243,Co-Accused,EVI_FIR_0243,True
PCR_001052,P_04367,677,Co-Accused,EVI_FIR_0677,True
PCR_001053,P_02010,424,Suspect,EVI_FIR_0424,True
PCR_001054,P_04561,63,Witness,EVI_FIR_0063,True
PCR_001055,P_01435,901,Accomplice,EVI_FIR_0901,True
PCR_001056,P_04157,570,Primary Accused,EVI_FIR_0570,True
PCR_001057,P_02822,996,Accomplice,EVI_FIR_0996,True
PCR_001058,P_04393,805,Suspect,EVI_FIR_0805,True
PCR_001059,P_03411,714,Accomplice,EVI_FIR_0714,True
PCR_001060,P_02005,153,Accomplice,EVI_FIR_0153,True
PCR_001061,P_04003,189,Accomplice,EVI_FIR_0189,True
PCR_001062,P_01847,247,Suspect,EVI_FIR_0247,True
PCR_001063,P_01183,879,Accomplice,EVI_FIR_0879,True
PCR_001064,P_00473,937,Witness,EVI_FIR_0937,True
PCR_001065,P_03413,423,Witness,EVI_FIR_0423,True
PCR_001066,P_01099,543,Accomplice,EVI_FIR_0543,True
PCR_001067,P_02137,249,Co-Accused,EVI_FIR_0249,True
PCR_001068,P_00648,339,Accomplice,EVI_FIR_0339,True
PCR_001069,P_03040,868,Primary Accused,EVI_FIR_0868,True
PCR_001070,P_01561,549,Primary Accused,EVI_FIR_0549,True
PCR_001071,P_03090,275,Witness,EVI_FIR_0275,True
PCR_001072,P_00324,618,Primary Accused,EVI_FIR_0618,True
PCR_001073,P_04814,193,Witness,EVI_FIR_0193,True
PCR_001074,P_03928,223,Co-Accused,EVI_FIR_0223,True
PCR_001075,P_02728,891,Suspect,EVI_FIR_0891,True
PCR_001076,P_00126,980,Co-Accused,EVI_FIR_0980,True
PCR_001077,P_01557,960,Primary Accused,EVI_FIR_0960,True
PCR_001078,P_03924,765,Co-Accused,EVI_FIR_0765,True
PCR_001079,P_04952,713,Co-Accused,EVI_FIR_0713,True
PCR_001080,P_01961,407,Witness,EVI_FIR_0407,True
PCR_001081,P_02367,330,Accomplice,EVI_FIR_0330,True
PCR_001082,P_04468,478,Suspect,EVI_FIR_0478,True
PCR_001083,P_02191,316,Suspect,EVI_FIR_0316,True
PCR_001084,P_04170,526,Accomplice,EVI_FIR_0526,True
PCR_001085,P_03847,101,Suspect,EVI_FIR_0101,True
PCR_001086,P_01665,937,Suspect,EVI_FIR_0937,True
PCR_001087,P_03391,321,Primary Accused,EVI_FIR_0321,True
PCR_001088,P_01813,577,Co-Accused,EVI_FIR_0577,True
PCR_001089,P_02185,17,Witness,EVI_FIR_0017,True
PCR_001090,P_04785,958,Witness,EVI_FIR_0958,True
PCR_001091,P_03421,738,Suspect,EVI_FIR_0738,True
PCR_001092,P_01608,157,Suspect,EVI_FIR_0157,True
PCR_001093,P_03112,236,Witness,EVI_FIR_0236,True
PCR_001094,P_02062,854,Accomplice,EVI_FIR_0854,True
PCR_001095,P_02766,564,Suspect,EVI_FIR_0564,True
PCR_001096,P_04099,782,Accomplice,EVI_FIR_0782,True
PCR_001097,P_01379,472,Suspect,EVI_FIR_0472,True
PCR_001098,P_01147,174,Witness,EVI_FIR_0174,True
PCR_001099,P_01508,501,Witness,EVI_FIR_0501,True
PCR_001100,P_00482,658,Witness,EVI_FIR_0658,True
PCR_001101,P_00609,35,Primary Accused,EVI_FIR_0035,True
PCR_001102,P_00053,783,Accomplice,EVI_FIR_0783,True
PCR_001103,P_01896,141,Primary Accused,EVI_FIR_0141,True
PCR_001104,P_01238,725,Primary Accused,EVI_FIR_0725,True
PCR_001105,P_04239,224,Accomplice,EVI_FIR_0224,True
PCR_001106,P_00496,383,Witness,EVI_FIR_0383,True
PCR_001107,P_03959,654,Accomplice,EVI_FIR_0654,True
PCR_001108,P_00055,17,Witness,EVI_FIR_0017,True
PCR_001109,P_03370,565,Primary Accused,EVI_FIR_0565,True
PCR_001110,P_04433,18,Suspect,EVI_FIR_0018,True
PCR_001111,P_02397,549,Primary Accused,EVI_FIR_0549,True
PCR_001112,P_03528,515,Co-Accused,EVI_FIR_0515,True
PCR_001113,P_00790,110,Witness,EVI_FIR_0110,True
PCR_001114,P_01975,153,Co-Accused,EVI_FIR_0153,True
PCR_001115,P_04409,635,Suspect,EVI_FIR_0635,True
PCR_001116,P_02904,835,Suspect,EVI_FIR_0835,True
PCR_001117,P_03252,815,Primary Accused,EVI_FIR_0815,True
PCR_001118,P_03327,383,Accomplice,EVI_FIR_0383,True
PCR_001119,P_01993,579,Co-Accused,EVI_FIR_0579,True
PCR_001120,P_00661,308,Primary Accused,EVI_FIR_0308,True
PCR_001121,P_03321,96,Accomplice,EVI_FIR_0096,True
PCR_001122,P_04528,387,Accomplice,EVI_FIR_0387,True
PCR_001123,P_00078,58,Co-Accused,EVI_FIR_0058,True
PCR_001124,P_04191,85,Accomplice,EVI_FIR_0085,True
PCR_001125,P_02714,661,Witness,EVI_FIR_0661,True
PCR_001126,P_00782,879,Witness,EVI_FIR_0879,True
PCR_001127,P_00349,942,Co-Accused,EVI_FIR_0942,True
PCR_001128,P_04644,217,Accomplice,EVI_FIR_0217,True
PCR_001129,P_00382,278,Primary Accused,EVI_FIR_0278,True
PCR_001130,P_02345,701,Witness,EVI_FIR_0701,True
PCR_001131,P_00270,578,Co-Accused,EVI_FIR_0578,True
PCR_001132,P_02577,952,Primary Accused,EVI_FIR_0952,True
PCR_001133,P_01698,985,Witness,EVI_FIR_0985,True
PCR_001134,P_03263,148,Primary Accused,EVI_FIR_0148,True
PCR_001135,P_01331,307,Witness,EVI_FIR_0307,True
PCR_001136,P_04643,247,Accomplice,EVI_FIR_0247,True
PCR_001137,P_04025,694,Suspect,EVI_FIR_0694,True
PCR_001138,P_01147,394,Primary Accused,EVI_FIR_0394,True
PCR_001139,P_02834,513,Primary Accused,EVI_FIR_0513,True
PCR_001140,P_03581,101,Co-Accused,EVI_FIR_0101,True
PCR_001141,P_00623,859,Suspect,EVI_FIR_0859,True
PCR_001142,P_04880,620,Accomplice,EVI_FIR_0620,True
PCR_001143,P_02674,993,Primary Accused,EVI_FIR_0993,True
PCR_001144,P_02288,650,Accomplice,EVI_FIR_0650,True
PCR_001145,P_01869,503,Suspect,EVI_FIR_0503,True
PCR_001146,P_03076,567,Accomplice,EVI_FIR_0567,True
PCR_001147,P_04800,191,Accomplice,EVI_FIR_0191,True
PCR_001148,P_02468,88,Co-Accused,EVI_FIR_0088,True
PCR_001149,P_00603,731,Primary Accused,EVI_FIR_0731,True
PCR_001150,P_01264,275,Accomplice,EVI_FIR_0275,True
PCR_001151,P_01264,729,Accomplice,EVI_FIR_0729,True
PCR_001152,P_02955,325,Primary Accused,EVI_FIR_0325,True
PCR_001153,P_00043,94,Suspect,EVI_FIR_0094,True
PCR_001154,P_02949,456,Suspect,EVI_FIR_0456,True
PCR_001155,P_01086,105,Primary Accused,EVI_FIR_0105,True
PCR_001156,P_03531,192,Accomplice,EVI_FIR_0192,True
PCR_001157,P_04545,571,Witness,EVI_FIR_0571,True
PCR_001158,P_00847,418,Primary Accused,EVI_FIR_0418,True
PCR_001159,P_02900,92,Witness,EVI_FIR_0092,True
PCR_001160,P_04891,96,Witness,EVI_FIR_0096,True
PCR_001161,P_02658,804,Accomplice,EVI_FIR_0804,True
PCR_001162,P_02439,13,Accomplice,EVI_FIR_0013,True
PCR_001163,P_00694,398,Witness,EVI_FIR_0398,True
PCR_001164,P_01989,927,Witness,EVI_FIR_0927,True
PCR_001165,P_01390,534,Accomplice,EVI_FIR_0534,True
PCR_001166,P_01138,174,Suspect,EVI_FIR_0174,True
PCR_001167,P_02247,309,Accomplice,EVI_FIR_0309,True
PCR_001168,P_00519,150,Co-Accused,EVI_FIR_0150,True
PCR_001169,P_02309,446,Accomplice,EVI_FIR_0446,True
PCR_001170,P_03967,307,Primary Accused,EVI_FIR_0307,True
PCR_001171,P_02110,370,Co-Accused,EVI_FIR_0370,True
PCR_001172,P_04158,739,Witness,EVI_FIR_0739,True
PCR_001173,P_01602,632,Accomplice,EVI_FIR_0632,True
PCR_001174,P_01110,110,Suspect,EVI_FIR_0110,True
PCR_001175,P_03242,7,Suspect,EVI_FIR_0007,True
PCR_001176,P_03113,862,Suspect,EVI_FIR_0862,True
PCR_001177,P_02743,451,Accomplice,EVI_FIR_0451,True
PCR_001178,P_04870,836,Co-Accused,EVI_FIR_0836,True
PCR_001179,P_02627,308,Witness,EVI_FIR_0308,True
PCR_001180,P_01646,971,Accomplice,EVI_FIR_0971,True
PCR_001181,P_01456,322,Accomplice,EVI_FIR_0322,True
PCR_001182,P_02615,992,Suspect,EVI_FIR_0992,True
PCR_001183,P_04119,753,Witness,EVI_FIR_0753,True
PCR_001184,P_01986,801,Suspect,EVI_FIR_0801,True
PCR_001185,P_02345,386,Accomplice,EVI_FIR_0386,True
PCR_001186,P_00933,374,Witness,EVI_FIR_0374,True
PCR_001187,P_04852,205,Witness,EVI_FIR_0205,True
PCR_001188,P_04507,185,Primary Accused,EVI_FIR_0185,True
PCR_001189,P_03782,976,Co-Accused,EVI_FIR_0976,True
PCR_001190,P_02435,449,Primary Accused,EVI_FIR_0449,True
PCR_001191,P_03352,839,Accomplice,EVI_FIR_0839,True
PCR_001192,P_02029,143,Co-Accused,EVI_FIR_0143,True
PCR_001193,P_01263,259,Accomplice,EVI_FIR_0259,True
PCR_001194,P_03089,809,Primary Accused,EVI_FIR_0809,True
PCR_001195,P_04899,460,Accomplice,EVI_FIR_0460,True
PCR_001196,P_03284,597,Witness,EVI_FIR_0597,True
PCR_001197,P_03427,519,Witness,EVI_FIR_0519,True
PCR_001198,P_02946,38,Witness,EVI_FIR_0038,True
PCR_001199,P_00697,609,Primary Accused,EVI_FIR_0609,True
PCR_001200,P_02082,788,Suspect,EVI_FIR_0788,True
