link_id,account_id,person_id,role,confidence,evidence_id,synthetic_demo_record
TPL_000001_S,ACC_02620,P_03540,Sender,0.95,EVI_TXN_000001,True
TPL_000001_R,ACC_00457,P_04722,Receiver,0.95,EVI_TXN_000001,True
TPL_000002_S,ACC_02234,P_02659,Sender,0.95,EVI_TXN_000002,True
TPL_000002_R,ACC_00357,P_02564,Receiver,0.95,EVI_TXN_000002,True
TPL_000003_S,ACC_00109,P_03333,Sender,0.95,EVI_TXN_000003,True
TPL_000003_R,ACC_02299,P_03196,Receiver,0.95,EVI_TXN_000003,True
TPL_000004_S,ACC_01140,P_01563,Sender,0.95,EVI_TXN_000004,True
TPL_000004_R,ACC_00027,P_03388,Receiver,0.95,EVI_TXN_000004,True
TPL_000005_S,ACC_01379,P_04225,Sender,0.95,EVI_TXN_000005,True
TPL_000005_R,ACC_00419,P_01734,Receiver,0.95,EVI_TXN_000005,True
TPL_000006_S,ACC_02989,P_02157,Sender,0.95,EVI_TXN_000006,True
TPL_000006_R,ACC_01882,P_03137,Receiver,0.95,EVI_TXN_000006,True
TPL_000007_S,ACC_02534,P_03952,Sender,0.95,EVI_TXN_000007,True
TPL_000007_R,ACC_01482,P_01145,Receiver,0.95,EVI_TXN_000007,True
TPL_000008_S,ACC_00954,P_04212,Sender,0.95,EVI_TXN_000008,True
TPL_000008_R,ACC_00414,P_02386,Receiver,0.95,EVI_TXN_000008,True
TPL_000009_S,ACC_00859,P_03793,Sender,0.95,EVI_TXN_000009,True
TPL_000009_R,ACC_02746,P_02526,Receiver,0.95,EVI_TXN_000009,True
TPL_000010_S,ACC_02188,P_02841,Sender,0.95,EVI_TXN_000010,True
TPL_000010_R,ACC_02987,P_04568,Receiver,0.95,EVI_TXN_000010,True
TPL_000011_S,ACC_02282,P_02213,Sender,0.95,EVI_TXN_000011,True
TPL_000011_R,ACC_00900,P_01254,Receiver,0.95,EVI_TXN_000011,True
TPL_000012_S,ACC_01644,P_04656,Sender,0.95,EVI_TXN_000012,True
TPL_000012_R,ACC_01097,P_00012,Receiver,0.95,EVI_TXN_000012,True
TPL_000013_S,ACC_02685,P_00225,Sender,0.95,EVI_TXN_000013,True
TPL_000013_R,ACC_02045,P_00426,Receiver,0.95,EVI_TXN_000013,True
TPL_000014_S,ACC_02300,P_00633,Sender,0.95,EVI_TXN_000014,True
TPL_000014_R,ACC_02208,P_04341,Receiver,0.95,EVI_TXN_000014,True
TPL_000015_S,ACC_00567,P_01226,Sender,0.95,EVI_TXN_000015,True
TPL_000015_R,ACC_02088,P_02209,Receiver,0.95,EVI_TXN_000015,True
TPL_000016_S,ACC_02788,P_00464,Sender,0.95,EVI_TXN_000016,True
TPL_000016_R,ACC_01730,P_04207,Receiver,0.95,EVI_TXN_000016,True
TPL_000017_S,ACC_02267,P_02221,Sender,0.95,EVI_TXN_000017,True
TPL_000017_R,ACC_00048,P_00055,Receiver,0.95,EVI_TXN_000017,True
TPL_000018_S,ACC_01394,P_00944,Sender,0.95,EVI_TXN_000018,True
TPL_000018_R,ACC_00457,P_04722,Receiver,0.95,EVI_TXN_000018,True
TPL_000019_S,ACC_02051,P_02455,Sender,0.95,EVI_TXN_000019,True
TPL_000019_R,ACC_00732,P_01812,Receiver,0.95,EVI_TXN_000019,True
TPL_000020_S,ACC_02495,P_02448,Sender,0.95,EVI_TXN_000020,True
TPL_000020_R,ACC_00815,P_02750,Receiver,0.95,EVI_TXN_000020,True
TPL_000021_S,ACC_02454,P_02188,Sender,0.95,EVI_TXN_000021,True
TPL_000021_R,ACC_01328,P_02774,Receiver,0.95,EVI_TXN_000021,True
TPL_000022_S,ACC_00238,P_02735,Sender,0.95,EVI_TXN_000022,True
TPL_000022_R,ACC_00987,P_02062,Receiver,0.95,EVI_TXN_000022,True
TPL_000023_S,ACC_00516,P_02143,Sender,0.95,EVI_TXN_000023,True
TPL_000023_R,ACC_00526,P_01062,Receiver,0.95,EVI_TXN_000023,True
TPL_000024_S,ACC_00868,P_04808,Sender,0.95,EVI_TXN_000024,True
TPL_000024_R,ACC_02209,P_02336,Receiver,0.95,EVI_TXN_000024,True
TPL_000025_S,ACC_01530,P_04640,Sender,0.95,EVI_TXN_000025,True
TPL_000025_R,ACC_01795,P_02143,Receiver,0.95,EVI_TXN_000025,True
TPL_000026_S,ACC_02410,P_00290,Sender,0.95,EVI_TXN_000026,True
TPL_000026_R,ACC_02269,P_04827,Receiver,0.95,EVI_TXN_000026,True
TPL_000027_S,ACC_00277,P_04035,Sender,0.95,EVI_TXN_000027,True
TPL_000027_R,ACC_00129,P_00034,Receiver,0.95,EVI_TXN_000027,True
TPL_000028_S,ACC_02209,P_02336,Sender,0.95,EVI_TXN_000028,True
TPL_000028_R,ACC_00542,P_04015,Receiver,0.95,EVI_TXN_000028,True
TPL_000029_S,ACC_00780,P_04102,Sender,0.95,EVI_TXN_000029,True
TPL_000029_R,ACC_00387,P_01293,Receiver,0.95,EVI_TXN_000029,True
TPL_000030_S,ACC_02759,P_04683,Sender,0.95,EVI_TXN_000030,True
TPL_000030_R,ACC_02677,P_03586,Receiver,0.95,EVI_TXN_000030,True
TPL_000031_S,ACC_00785,P_04387,Sender,0.95,EVI_TXN_000031,True
TPL_000031_R,ACC_00780,P_04102,Receiver,0.95,EVI_TXN_000031,True
TPL_000032_S,ACC_01816,P_04809,Sender,0.95,EVI_TXN_000032,True
TPL_000032_R,ACC_02255,P_02722,Receiver,0.95,EVI_TXN_000032,True
TPL_000033_S,ACC_00682,P_04741,Sender,0.95,EVI_TXN_000033,True
TPL_000033_R,ACC_01665,P_00485,Receiver,0.95,EVI_TXN_000033,True
TPL_000034_S,ACC_00009,P_00196,Sender,0.95,EVI_TXN_000034,True
TPL_000034_R,ACC_01600,P_03070,Receiver,0.95,EVI_TXN_000034,True
TPL_000035_S,ACC_02277,P_04455,Sender,0.95,EVI_TXN_000035,True
TPL_000035_R,ACC_02712,P_02207,Receiver,0.95,EVI_TXN_000035,True
TPL_000036_S,ACC_02221,P_01094,Sender,0.95,EVI_TXN_000036,True
TPL_000036_R,ACC_00250,P_02492,Receiver,0.95,EVI_TXN_000036,True
TPL_000037_S,ACC_00233,P_00097,Sender,0.95,EVI_TXN_000037,True
TPL_000037_R,ACC_02081,P_00166,Receiver,0.95,EVI_TXN_000037,True
TPL_000038_S,ACC_00492,P_00777,Sender,0.95,EVI_TXN_000038,True
TPL_000038_R,ACC_02334,P_00013,Receiver,0.95,EVI_TXN_000038,True
TPL_000039_S,ACC_02316,P_00553,Sender,0.95,EVI_TXN_000039,True
TPL_000039_R,ACC_02142,P_01285,Receiver,0.95,EVI_TXN_000039,True
TPL_000040_S,ACC_01622,P_04274,Sender,0.95,EVI_TXN_000040,True
TPL_000040_R,ACC_00537,P_04387,Receiver,0.95,EVI_TXN_000040,True
TPL_000041_S,ACC_01878,P_04320,Sender,0.95,EVI_TXN_000041,True
TPL_000041_R,ACC_02545,P_00427,Receiver,0.95,EVI_TXN_000041,True
TPL_000042_S,ACC_01430,P_02700,Sender,0.95,EVI_TXN_000042,True
TPL_000042_R,ACC_00282,P_03717,Receiver,0.95,EVI_TXN_000042,True
TPL_000043_S,ACC_01240,P_02619,Sender,0.95,EVI_TXN_000043,True
TPL_000043_R,ACC_02506,P_01636,Receiver,0.95,EVI_TXN_000043,True
TPL_000044_S,ACC_00425,P_04334,Sender,0.95,EVI_TXN_000044,True
TPL_000044_R,ACC_00551,P_03446,Receiver,0.95,EVI_TXN_000044,True
TPL_000045_S,ACC_02478,P_01270,Sender,0.95,EVI_TXN_000045,True
TPL_000045_R,ACC_00863,P_00320,Receiver,0.95,EVI_TXN_000045,True
TPL_000046_S,ACC_01029,P_02473,Sender,0.95,EVI_TXN_000046,True
TPL_000046_R,ACC_00209,P_04067,Receiver,0.95,EVI_TXN_000046,True
TPL_000047_S,ACC_02610,P_02577,Sender,0.95,EVI_TXN_000047,True
TPL_000047_R,ACC_01073,P_01015,Receiver,0.95,EVI_TXN_000047,True
TPL_000048_S,ACC_00309,P_01373,Sender,0.95,EVI_TXN_000048,True
TPL_000048_R,ACC_02831,P_04305,Receiver,0.95,EVI_TXN_000048,True
TPL_000049_S,ACC_01761,P_03438,Sender,0.95,EVI_TXN_000049,True
TPL_000049_R,ACC_00523,P_02935,Receiver,0.95,EVI_TXN_000049,True
TPL_000050_S,ACC_00861,P_02674,Sender,0.95,EVI_TXN_000050,True
TPL_000050_R,ACC_02794,P_03857,Receiver,0.95,EVI_TXN_000050,True
TPL_000051_S,ACC_00634,P_00671,Sender,0.95,EVI_TXN_000051,True
TPL_000051_R,ACC_00970,P_04610,Receiver,0.95,EVI_TXN_000051,True
TPL_000052_S,ACC_00735,P_01483,Sender,0.95,EVI_TXN_000052,True
TPL_000052_R,ACC_01361,P_02864,Receiver,0.95,EVI_TXN_000052,True
TPL_000053_S,ACC_00653,P_04072,Sender,0.95,EVI_TXN_000053,True
TPL_000053_R,ACC_02873,P_02839,Receiver,0.95,EVI_TXN_000053,True
TPL_000054_S,ACC_01433,P_04574,Sender,0.95,EVI_TXN_000054,True
TPL_000054_R,ACC_01251,P_01221,Receiver,0.95,EVI_TXN_000054,True
TPL_000055_S,ACC_01345,P_02303,Sender,0.95,EVI_TXN_000055,True
TPL_000055_R,ACC_01142,P_01400,Receiver,0.95,EVI_TXN_000055,True
TPL_000056_S,ACC_02784,P_00188,Sender,0.95,EVI_TXN_000056,True
TPL_000056_R,ACC_02197,P_02830,Receiver,0.95,EVI_TXN_000056,True
TPL_000057_S,ACC_01088,P_04846,Sender,0.95,EVI_TXN_000057,True
TPL_000057_R,ACC_00157,P_03950,Receiver,0.95,EVI_TXN_000057,True
TPL_000058_S,ACC_02095,P_04590,Sender,0.95,EVI_TXN_000058,True
TPL_000058_R,ACC_00474,P_02357,Receiver,0.95,EVI_TXN_000058,True
TPL_000059_S,ACC_02130,P_01902,Sender,0.95,EVI_TXN_000059,True
TPL_000059_R,ACC_02206,P_04225,Receiver,0.95,EVI_TXN_000059,True
TPL_000060_S,ACC_00287,P_03356,Sender,0.95,EVI_TXN_000060,True
TPL_000060_R,ACC_02721,P_02275,Receiver,0.95,EVI_TXN_000060,True
TPL_000061_S,ACC_02078,P_03154,Sender,0.95,EVI_TXN_000061,True
TPL_000061_R,ACC_01267,P_03009,Receiver,0.95,EVI_TXN_000061,True
TPL_000062_S,ACC_01723,P_00124,Sender,0.95,EVI_TXN_000062,True
TPL_000062_R,ACC_02724,P_02448,Receiver,0.95,EVI_TXN_000062,True
TPL_000063_S,ACC_01664,P_03368,Sender,0.95,EVI_TXN_000063,True
TPL_000063_R,ACC_02245,P_04217,Receiver,0.95,EVI_TXN_000063,True
TPL_000064_S,ACC_02682,P_01906,Sender,0.95,EVI_TXN_000064,True
TPL_000064_R,ACC_01320,P_01748,Receiver,0.95,EVI_TXN_000064,True
TPL_000065_S,ACC_02699,P_03393,Sender,0.95,EVI_TXN_000065,True
TPL_000065_R,ACC_00348,P_01358,Receiver,0.95,EVI_TXN_000065,True
TPL_000066_S,ACC_01272,P_01269,Sender,0.95,EVI_TXN_000066,True
TPL_000066_R,ACC_00921,P_01556,Receiver,0.95,EVI_TXN_000066,True
TPL_000067_S,ACC_00299,P_02613,Sender,0.95,EVI_TXN_000067,True
TPL_000067_R,ACC_01866,P_04215,Receiver,0.95,EVI_TXN_000067,True
TPL_000068_S,ACC_01637,P_04950,Sender,0.95,EVI_TXN_000068,True
TPL_000068_R,ACC_01000,P_04377,Receiver,0.95,EVI_TXN_000068,True
TPL_000069_S,ACC_00897,P_04802,Sender,0.95,EVI_TXN_000069,True
TPL_000069_R,ACC_00721,P_04289,Receiver,0.95,EVI_TXN_000069,True
TPL_000070_S,ACC_01870,P_03609,Sender,0.95,EVI_TXN_000070,True
TPL_000070_R,ACC_00547,P_04688,Receiver,0.95,EVI_TXN_000070,True
TPL_000071_S,ACC_02510,P_04891,Sender,0.95,EVI_TXN_000071,True
TPL_000071_R,ACC_02947,P_01853,Receiver,0.95,EVI_TXN_000071,True
TPL_000072_S,ACC_01945,P_03708,Sender,0.95,EVI_TXN_000072,True
TPL_000072_R,ACC_01844,P_00950,Receiver,0.95,EVI_TXN_000072,True
TPL_000073_S,ACC_02568,P_03418,Sender,0.95,EVI_TXN_000073,True
TPL_000073_R,ACC_00980,P_01588,Receiver,0.95,EVI_TXN_000073,True
TPL_000074_S,ACC_02213,P_04899,Sender,0.95,EVI_TXN_000074,True
TPL_000074_R,ACC_00331,P_02330,Receiver,0.95,EVI_TXN_000074,True
TPL_000075_S,ACC_01700,P_00014,Sender,0.95,EVI_TXN_000075,True
TPL_000075_R,ACC_01670,P_02230,Receiver,0.95,EVI_TXN_000075,True
TPL_000076_S,ACC_02393,P_00992,Sender,0.95,EVI_TXN_000076,True
TPL_000076_R,ACC_02849,P_02187,Receiver,0.95,EVI_TXN_000076,True
TPL_000077_S,ACC_01224,P_02799,Sender,0.95,EVI_TXN_000077,True
TPL_000077_R,ACC_01598,P_04653,Receiver,0.95,EVI_TXN_000077,True
TPL_000078_S,ACC_02471,P_04569,Sender,0.95,EVI_TXN_000078,True
TPL_000078_R,ACC_00904,P_02894,Receiver,0.95,EVI_TXN_000078,True
TPL_000079_S,ACC_02782,P_03188,Sender,0.95,EVI_TXN_000079,True
TPL_000079_R,ACC_01657,P_02393,Receiver,0.95,EVI_TXN_000079,True
TPL_000080_S,ACC_00111,P_01544,Sender,0.95,EVI_TXN_000080,True
TPL_000080_R,ACC_01614,P_00497,Receiver,0.95,EVI_TXN_000080,True
TPL_000081_S,ACC_00745,P_00804,Sender,0.95,EVI_TXN_000081,True
TPL_000081_R,ACC_00206,P_03617,Receiver,0.95,EVI_TXN_000081,True
TPL_000082_S,ACC_01727,P_03191,Sender,0.95,EVI_TXN_000082,True
TPL_000082_R,ACC_01034,P_01494,Receiver,0.95,EVI_TXN_000082,True
TPL_000083_S,ACC_02663,P_03318,Sender,0.95,EVI_TXN_000083,True
TPL_000083_R,ACC_00282,P_03717,Receiver,0.95,EVI_TXN_000083,True
TPL_000084_S,ACC_00084,P_00527,Sender,0.95,EVI_TXN_000084,True
TPL_000084_R,ACC_02545,P_00427,Receiver,0.95,EVI_TXN_000084,True
TPL_000085_S,ACC_02866,P_04572,Sender,0.95,EVI_TXN_000085,True
TPL_000085_R,ACC_01050,P_00303,Receiver,0.95,EVI_TXN_000085,True
TPL_000086_S,ACC_00671,P_04170,Sender,0.95,EVI_TXN_000086,True
TPL_000086_R,ACC_01275,P_03107,Receiver,0.95,EVI_TXN_000086,True
TPL_000087_S,ACC_02929,P_02691,Sender,0.95,EVI_TXN_000087,True
TPL_000087_R,ACC_00813,P_01790,Receiver,0.95,EVI_TXN_000087,True
TPL_000088_S,ACC_02803,P_02354,Sender,0.95,EVI_TXN_000088,True
TPL_000088_R,ACC_02460,P_02981,Receiver,0.95,EVI_TXN_000088,True
TPL_000089_S,ACC_01755,P_01471,Sender,0.95,EVI_TXN_000089,True
TPL_000089_R,ACC_02710,P_02203,Receiver,0.95,EVI_TXN_000089,True
TPL_000090_S,ACC_00433,P_03123,Sender,0.95,EVI_TXN_000090,True
TPL_000090_R,ACC_01776,P_00188,Receiver,0.95,EVI_TXN_000090,True
TPL_000091_S,ACC_00722,P_03002,Sender,0.95,EVI_TXN_000091,True
TPL_000091_R,ACC_02138,P_00767,Receiver,0.95,EVI_TXN_000091,True
TPL_000092_S,ACC_01785,P_04252,Sender,0.95,EVI_TXN_000092,True
TPL_000092_R,ACC_02995,P_03400,Receiver,0.95,EVI_TXN_000092,True
TPL_000093_S,ACC_01847,P_00550,Sender,0.95,EVI_TXN_000093,True
TPL_000093_R,ACC_00999,P_00582,Receiver,0.95,EVI_TXN_000093,True
TPL_000094_S,ACC_01332,P_01092,Sender,0.95,EVI_TXN_000094,True
TPL_000094_R,ACC_00745,P_00804,Receiver,0.95,EVI_TXN_000094,True
TPL_000095_S,ACC_01132,P_00424,Sender,0.95,EVI_TXN_000095,True
TPL_000095_R,ACC_02277,P_04455,Receiver,0.95,EVI_TXN_000095,True
TPL_000096_S,ACC_02275,P_03666,Sender,0.95,EVI_TXN_000096,True
TPL_000096_R,ACC_00985,P_01648,Receiver,0.95,EVI_TXN_000096,True
TPL_000097_S,ACC_01206,P_01538,Sender,0.95,EVI_TXN_000097,True
TPL_000097_R,ACC_00908,P_02918,Receiver,0.95,EVI_TXN_000097,True
TPL_000098_S,ACC_02175,P_03292,Sender,0.95,EVI_TXN_000098,True
TPL_000098_R,ACC_01409,P_04109,Receiver,0.95,EVI_TXN_000098,True
TPL_000099_S,ACC_01256,P_03795,Sender,0.95,EVI_TXN_000099,True
TPL_000099_R,ACC_01030,P_04678,Receiver,0.95,EVI_TXN_000099,True
TPL_000100_S,ACC_00759,P_00193,Sender,0.95,EVI_TXN_000100,True
TPL_000100_R,ACC_00785,P_04387,Receiver,0.95,EVI_TXN_000100,True
TPL_000101_S,ACC_01160,P_04514,Sender,0.95,EVI_TXN_000101,True
TPL_000101_R,ACC_00412,P_02094,Receiver,0.95,EVI_TXN_000101,True
TPL_000102_S,ACC_02188,P_02841,Sender,0.95,EVI_TXN_000102,True
TPL_000102_R,ACC_00519,P_03545,Receiver,0.95,EVI_TXN_000102,True
TPL_000103_S,ACC_02011,P_01209,Sender,0.95,EVI_TXN_000103,True
TPL_000103_R,ACC_00421,P_04103,Receiver,0.95,EVI_TXN_000103,True
TPL_000104_S,ACC_00211,P_01202,Sender,0.95,EVI_TXN_000104,True
TPL_000104_R,ACC_01035,P_00214,Receiver,0.95,EVI_TXN_000104,True
TPL_000105_S,ACC_02364,P_00667,Sender,0.95,EVI_TXN_000105,True
TPL_000105_R,ACC_02579,P_04413,Receiver,0.95,EVI_TXN_000105,True
TPL_000106_S,ACC_01017,P_03789,Sender,0.95,EVI_TXN_000106,True
TPL_000106_R,ACC_00486,P_04232,Receiver,0.95,EVI_TXN_000106,True
TPL_000107_S,ACC_01559,P_03997,Sender,0.95,EVI_TXN_000107,True
TPL_000107_R,ACC_01846,P_04774,Receiver,0.95,EVI_TXN_000107,True
TPL_000108_S,ACC_02544,P_02958,Sender,0.95,EVI_TXN_000108,True
TPL_000108_R,ACC_00247,P_04468,Receiver,0.95,EVI_TXN_000108,True
TPL_000109_S,ACC_01084,P_02077,Sender,0.95,EVI_TXN_000109,True
TPL_000109_R,ACC_02706,P_00199,Receiver,0.95,EVI_TXN_000109,True
TPL_000110_S,ACC_01846,P_04774,Sender,0.95,EVI_TXN_000110,True
TPL_000110_R,ACC_02824,P_03780,Receiver,0.95,EVI_TXN_000110,True
TPL_000111_S,ACC_01860,P_03700,Sender,0.95,EVI_TXN_000111,True
TPL_000111_R,ACC_00292,P_01747,Receiver,0.95,EVI_TXN_000111,True
TPL_000112_S,ACC_00811,P_03233,Sender,0.95,EVI_TXN_000112,True
TPL_000112_R,ACC_01742,P_00494,Receiver,0.95,EVI_TXN_000112,True
TPL_000113_S,ACC_00245,P_01883,Sender,0.95,EVI_TXN_000113,True
TPL_000113_R,ACC_00680,P_01884,Receiver,0.95,EVI_TXN_000113,True
TPL_000114_S,ACC_00510,P_04900,Sender,0.95,EVI_TXN_000114,True
TPL_000114_R,ACC_01920,P_01870,Receiver,0.95,EVI_TXN_000114,True
TPL_000115_S,ACC_01794,P_04408,Sender,0.95,EVI_TXN_000115,True
TPL_000115_R,ACC_00330,P_03203,Receiver,0.95,EVI_TXN_000115,True
TPL_000116_S,ACC_00375,P_01671,Sender,0.95,EVI_TXN_000116,True
TPL_000116_R,ACC_00938,P_02156,Receiver,0.95,EVI_TXN_000116,True
TPL_000117_S,ACC_01104,P_02739,Sender,0.95,EVI_TXN_000117,True
TPL_000117_R,ACC_02361,P_02323,Receiver,0.95,EVI_TXN_000117,True
TPL_000118_S,ACC_00744,P_04363,Sender,0.95,EVI_TXN_000118,True
TPL_000118_R,ACC_02398,P_02584,Receiver,0.95,EVI_TXN_000118,True
TPL_000119_S,ACC_01366,P_01459,Sender,0.95,EVI_TXN_000119,True
TPL_000119_R,ACC_01316,P_02510,Receiver,0.95,EVI_TXN_000119,True
TPL_000120_S,ACC_02714,P_02670,Sender,0.95,EVI_TXN_000120,True
TPL_000120_R,ACC_01641,P_03295,Receiver,0.95,EVI_TXN_000120,True
TPL_000121_S,ACC_00475,P_02873,Sender,0.95,EVI_TXN_000121,True
TPL_000121_R,ACC_01656,P_04217,Receiver,0.95,EVI_TXN_000121,True
TPL_000122_S,ACC_01693,P_03189,Sender,0.95,EVI_TXN_000122,True
TPL_000122_R,ACC_00223,P_03605,Receiver,0.95,EVI_TXN_000122,True
TPL_000123_S,ACC_00834,P_04178,Sender,0.95,EVI_TXN_000123,True
TPL_000123_R,ACC_01094,P_02282,Receiver,0.95,EVI_TXN_000123,True
TPL_000124_S,ACC_00119,P_03757,Sender,0.95,EVI_TXN_000124,True
TPL_000124_R,ACC_02581,P_00868,Receiver,0.95,EVI_TXN_000124,True
TPL_000125_S,ACC_01672,P_00689,Sender,0.95,EVI_TXN_000125,True
TPL_000125_R,ACC_00382,P_01670,Receiver,0.95,EVI_TXN_000125,True
TPL_000126_S,ACC_00631,P_03182,Sender,0.95,EVI_TXN_000126,True
TPL_000126_R,ACC_02042,P_00867,Receiver,0.95,EVI_TXN_000126,True
TPL_000127_S,ACC_00999,P_00582,Sender,0.95,EVI_TXN_000127,True
TPL_000127_R,ACC_01871,P_03169,Receiver,0.95,EVI_TXN_000127,True
TPL_000128_S,ACC_00286,P_02863,Sender,0.95,EVI_TXN_000128,True
TPL_000128_R,ACC_01132,P_00424,Receiver,0.95,EVI_TXN_000128,True
TPL_000129_S,ACC_00011,P_00454,Sender,0.95,EVI_TXN_000129,True
TPL_000129_R,ACC_01159,P_01458,Receiver,0.95,EVI_TXN_000129,True
TPL_000130_S,ACC_01830,P_00885,Sender,0.95,EVI_TXN_000130,True
TPL_000130_R,ACC_02207,P_01640,Receiver,0.95,EVI_TXN_000130,True
TPL_000131_S,ACC_00773,P_04689,Sender,0.95,EVI_TXN_000131,True
TPL_000131_R,ACC_02857,P_01238,Receiver,0.95,EVI_TXN_000131,True
TPL_000132_S,ACC_01938,P_01522,Sender,0.95,EVI_TXN_000132,True
TPL_000132_R,ACC_02889,P_03506,Receiver,0.95,EVI_TXN_000132,True
TPL_000133_S,ACC_02029,P_00468,Sender,0.95,EVI_TXN_000133,True
TPL_000133_R,ACC_00152,P_00713,Receiver,0.95,EVI_TXN_000133,True
TPL_000134_S,ACC_02155,P_04807,Sender,0.95,EVI_TXN_000134,True
TPL_000134_R,ACC_01872,P_02251,Receiver,0.95,EVI_TXN_000134,True
TPL_000135_S,ACC_01924,P_01741,Sender,0.95,EVI_TXN_000135,True
TPL_000135_R,ACC_01086,P_01153,Receiver,0.95,EVI_TXN_000135,True
TPL_000136_S,ACC_02186,P_02429,Sender,0.95,EVI_TXN_000136,True
TPL_000136_R,ACC_01557,P_04677,Receiver,0.95,EVI_TXN_000136,True
TPL_000137_S,ACC_02530,P_01606,Sender,0.95,EVI_TXN_000137,True
TPL_000137_R,ACC_00281,P_00027,Receiver,0.95,EVI_TXN_000137,True
TPL_000138_S,ACC_01778,P_03605,Sender,0.95,EVI_TXN_000138,True
TPL_000138_R,ACC_00404,P_03601,Receiver,0.95,EVI_TXN_000138,True
TPL_000139_S,ACC_00119,P_03757,Sender,0.95,EVI_TXN_000139,True
TPL_000139_R,ACC_00189,P_03096,Receiver,0.95,EVI_TXN_000139,True
TPL_000140_S,ACC_02176,P_02094,Sender,0.95,EVI_TXN_000140,True
TPL_000140_R,ACC_01688,P_01611,Receiver,0.95,EVI_TXN_000140,True
TPL_000141_S,ACC_02539,P_04883,Sender,0.95,EVI_TXN_000141,True
TPL_000141_R,ACC_02799,P_00378,Receiver,0.95,EVI_TXN_000141,True
TPL_000142_S,ACC_01883,P_01883,Sender,0.95,EVI_TXN_000142,True
TPL_000142_R,ACC_01046,P_04614,Receiver,0.95,EVI_TXN_000142,True
TPL_000143_S,ACC_00648,P_03481,Sender,0.95,EVI_TXN_000143,True
TPL_000143_R,ACC_00303,P_01143,Receiver,0.95,EVI_TXN_000143,True
TPL_000144_S,ACC_01025,P_04970,Sender,0.95,EVI_TXN_000144,True
TPL_000144_R,ACC_01872,P_02251,Receiver,0.95,EVI_TXN_000144,True
TPL_000145_S,ACC_01563,P_03410,Sender,0.95,EVI_TXN_000145,True
TPL_000145_R,ACC_02343,P_00609,Receiver,0.95,EVI_TXN_000145,True
TPL_000146_S,ACC_01125,P_04792,Sender,0.95,EVI_TXN_000146,True
TPL_000146_R,ACC_00034,P_01528,Receiver,0.95,EVI_TXN_000146,True
TPL_000147_S,ACC_02035,P_02153,Sender,0.95,EVI_TXN_000147,True
TPL_000147_R,ACC_01173,P_02839,Receiver,0.95,EVI_TXN_000147,True
TPL_000148_S,ACC_02544,P_02958,Sender,0.95,EVI_TXN_000148,True
TPL_000148_R,ACC_01027,P_02404,Receiver,0.95,EVI_TXN_000148,True
TPL_000149_S,ACC_00398,P_00228,Sender,0.95,EVI_TXN_000149,True
TPL_000149_R,ACC_02571,P_00231,Receiver,0.95,EVI_TXN_000149,True
TPL_000150_S,ACC_00539,P_00136,Sender,0.95,EVI_TXN_000150,True
TPL_000150_R,ACC_00370,P_01350,Receiver,0.95,EVI_TXN_000150,True
TPL_000151_S,ACC_01499,P_01548,Sender,0.95,EVI_TXN_000151,True
TPL_000151_R,ACC_02175,P_03292,Receiver,0.95,EVI_TXN_000151,True
TPL_000152_S,ACC_01388,P_04751,Sender,0.95,EVI_TXN_000152,True
TPL_000152_R,ACC_00472,P_03319,Receiver,0.95,EVI_TXN_000152,True
TPL_000153_S,ACC_02763,P_01726,Sender,0.95,EVI_TXN_000153,True
TPL_000153_R,ACC_01628,P_01584,Receiver,0.95,EVI_TXN_000153,True
TPL_000154_S,ACC_01084,P_02077,Sender,0.95,EVI_TXN_000154,True
TPL_000154_R,ACC_02198,P_04203,Receiver,0.95,EVI_TXN_000154,True
TPL_000155_S,ACC_02616,P_03079,Sender,0.95,EVI_TXN_000155,True
TPL_000155_R,ACC_01522,P_02532,Receiver,0.95,EVI_TXN_000155,True
TPL_000156_S,ACC_02499,P_04151,Sender,0.95,EVI_TXN_000156,True
TPL_000156_R,ACC_00907,P_03963,Receiver,0.95,EVI_TXN_000156,True
TPL_000157_S,ACC_01673,P_02221,Sender,0.95,EVI_TXN_000157,True
TPL_000157_R,ACC_00478,P_01705,Receiver,0.95,EVI_TXN_000157,True
TPL_000158_S,ACC_00962,P_00720,Sender,0.95,EVI_TXN_000158,True
TPL_000158_R,ACC_02202,P_03865,Receiver,0.95,EVI_TXN_000158,True
TPL_000159_S,ACC_01717,P_03634,Sender,0.95,EVI_TXN_000159,True
TPL_000159_R,ACC_02406,P_03685,Receiver,0.95,EVI_TXN_000159,True
TPL_000160_S,ACC_01672,P_00689,Sender,0.95,EVI_TXN_000160,True
TPL_000160_R,ACC_01146,P_01143,Receiver,0.95,EVI_TXN_000160,True
TPL_000161_S,ACC_00407,P_04977,Sender,0.95,EVI_TXN_000161,True
TPL_000161_R,ACC_02809,P_02859,Receiver,0.95,EVI_TXN_000161,True
TPL_000162_S,ACC_00778,P_04636,Sender,0.95,EVI_TXN_000162,True
TPL_000162_R,ACC_00501,P_02063,Receiver,0.95,EVI_TXN_000162,True
TPL_000163_S,ACC_02446,P_01358,Sender,0.95,EVI_TXN_000163,True
TPL_000163_R,ACC_00088,P_00779,Receiver,0.95,EVI_TXN_000163,True
TPL_000164_S,ACC_00282,P_03717,Sender,0.95,EVI_TXN_000164,True
TPL_000164_R,ACC_02271,P_02829,Receiver,0.95,EVI_TXN_000164,True
TPL_000165_S,ACC_00012,P_00577,Sender,0.95,EVI_TXN_000165,True
TPL_000165_R,ACC_01136,P_01021,Receiver,0.95,EVI_TXN_000165,True
TPL_000166_S,ACC_02708,P_02571,Sender,0.95,EVI_TXN_000166,True
TPL_000166_R,ACC_00106,P_01076,Receiver,0.95,EVI_TXN_000166,True
TPL_000167_S,ACC_00714,P_01004,Sender,0.95,EVI_TXN_000167,True
TPL_000167_R,ACC_01087,P_02274,Receiver,0.95,EVI_TXN_000167,True
TPL_000168_S,ACC_01837,P_02419,Sender,0.95,EVI_TXN_000168,True
TPL_000168_R,ACC_01483,P_01657,Receiver,0.95,EVI_TXN_000168,True
TPL_000169_S,ACC_02979,P_00558,Sender,0.95,EVI_TXN_000169,True
TPL_000169_R,ACC_02699,P_03393,Receiver,0.95,EVI_TXN_000169,True
TPL_000170_S,ACC_01747,P_04048,Sender,0.95,EVI_TXN_000170,True
TPL_000170_R,ACC_02811,P_04938,Receiver,0.95,EVI_TXN_000170,True
TPL_000171_S,ACC_02492,P_01998,Sender,0.95,EVI_TXN_000171,True
TPL_000171_R,ACC_00608,P_03286,Receiver,0.95,EVI_TXN_000171,True
TPL_000172_S,ACC_01561,P_02264,Sender,0.95,EVI_TXN_000172,True
TPL_000172_R,ACC_02447,P_00084,Receiver,0.95,EVI_TXN_000172,True
TPL_000173_S,ACC_02682,P_01906,Sender,0.95,EVI_TXN_000173,True
TPL_000173_R,ACC_02667,P_02636,Receiver,0.95,EVI_TXN_000173,True
TPL_000174_S,ACC_01695,P_00524,Sender,0.95,EVI_TXN_000174,True
TPL_000174_R,ACC_01389,P_01303,Receiver,0.95,EVI_TXN_000174,True
TPL_000175_S,ACC_02725,P_02112,Sender,0.95,EVI_TXN_000175,True
TPL_000175_R,ACC_01045,P_03160,Receiver,0.95,EVI_TXN_000175,True
TPL_000176_S,ACC_00382,P_01670,Sender,0.95,EVI_TXN_000176,True
TPL_000176_R,ACC_01769,P_02711,Receiver,0.95,EVI_TXN_000176,True
TPL_000177_S,ACC_02301,P_04278,Sender,0.95,EVI_TXN_000177,True
TPL_000177_R,ACC_01351,P_01475,Receiver,0.95,EVI_TXN_000177,True
TPL_000178_S,ACC_00211,P_01202,Sender,0.95,EVI_TXN_000178,True
TPL_000178_R,ACC_01179,P_02458,Receiver,0.95,EVI_TXN_000178,True
TPL_000179_S,ACC_01976,P_02189,Sender,0.95,EVI_TXN_000179,True
TPL_000179_R,ACC_00919,P_00885,Receiver,0.95,EVI_TXN_000179,True
TPL_000180_S,ACC_00927,P_03542,Sender,0.95,EVI_TXN_000180,True
TPL_000180_R,ACC_01758,P_03151,Receiver,0.95,EVI_TXN_000180,True
TPL_000181_S,ACC_02281,P_00245,Sender,0.95,EVI_TXN_000181,True
TPL_000181_R,ACC_00108,P_01484,Receiver,0.95,EVI_TXN_000181,True
TPL_000182_S,ACC_02879,P_04012,Sender,0.95,EVI_TXN_000182,True
TPL_000182_R,ACC_01266,P_04275,Receiver,0.95,EVI_TXN_000182,True
TPL_000183_S,ACC_01642,P_04788,Sender,0.95,EVI_TXN_000183,True
TPL_000183_R,ACC_00286,P_02863,Receiver,0.95,EVI_TXN_000183,True
TPL_000184_S,ACC_01541,P_01515,Sender,0.95,EVI_TXN_000184,True
TPL_000184_R,ACC_01720,P_02348,Receiver,0.95,EVI_TXN_000184,True
TPL_000185_S,ACC_00348,P_01358,Sender,0.95,EVI_TXN_000185,True
TPL_000185_R,ACC_00216,P_00609,Receiver,0.95,EVI_TXN_000185,True
TPL_000186_S,ACC_02712,P_02207,Sender,0.95,EVI_TXN_000186,True
TPL_000186_R,ACC_01737,P_02428,Receiver,0.95,EVI_TXN_000186,True
TPL_000187_S,ACC_01414,P_00521,Sender,0.95,EVI_TXN_000187,True
TPL_000187_R,ACC_01761,P_03438,Receiver,0.95,EVI_TXN_000187,True
TPL_000188_S,ACC_00187,P_01587,Sender,0.95,EVI_TXN_000188,True
TPL_000188_R,ACC_00904,P_02894,Receiver,0.95,EVI_TXN_000188,True
TPL_000189_S,ACC_01047,P_03556,Sender,0.95,EVI_TXN_000189,True
TPL_000189_R,ACC_01186,P_01414,Receiver,0.95,EVI_TXN_000189,True
TPL_000190_S,ACC_02182,P_04342,Sender,0.95,EVI_TXN_000190,True
TPL_000190_R,ACC_02883,P_00389,Receiver,0.95,EVI_TXN_000190,True
TPL_000191_S,ACC_00174,P_01902,Sender,0.95,EVI_TXN_000191,True
TPL_000191_R,ACC_01787,P_02215,Receiver,0.95,EVI_TXN_000191,True
TPL_000192_S,ACC_01657,P_02393,Sender,0.95,EVI_TXN_000192,True
TPL_000192_R,ACC_02907,P_04691,Receiver,0.95,EVI_TXN_000192,True
TPL_000193_S,ACC_02532,P_00083,Sender,0.95,EVI_TXN_000193,True
TPL_000193_R,ACC_01885,P_01146,Receiver,0.95,EVI_TXN_000193,True
TPL_000194_S,ACC_01785,P_04252,Sender,0.95,EVI_TXN_000194,True
TPL_000194_R,ACC_02413,P_01327,Receiver,0.95,EVI_TXN_000194,True
TPL_000195_S,ACC_01365,P_02435,Sender,0.95,EVI_TXN_000195,True
TPL_000195_R,ACC_00689,P_00894,Receiver,0.95,EVI_TXN_000195,True
TPL_000196_S,ACC_02980,P_00113,Sender,0.95,EVI_TXN_000196,True
TPL_000196_R,ACC_02644,P_01553,Receiver,0.95,EVI_TXN_000196,True
TPL_000197_S,ACC_00627,P_00599,Sender,0.95,EVI_TXN_000197,True
TPL_000197_R,ACC_02685,P_00225,Receiver,0.95,EVI_TXN_000197,True
TPL_000198_S,ACC_01839,P_01779,Sender,0.95,EVI_TXN_000198,True
TPL_000198_R,ACC_02790,P_03826,Receiver,0.95,EVI_TXN_000198,True
TPL_000199_S,ACC_01295,P_02385,Sender,0.95,EVI_TXN_000199,True
TPL_000199_R,ACC_00619,P_04131,Receiver,0.95,EVI_TXN_000199,True
TPL_000200_S,ACC_00231,P_00005,Sender,0.95,EVI_TXN_000200,True
TPL_000200_R,ACC_01442,P_04053,Receiver,0.95,EVI_TXN_000200,True
TPL_000201_S,ACC_00315,P_04597,Sender,0.95,EVI_TXN_000201,True
TPL_000201_R,ACC_02641,P_03982,Receiver,0.95,EVI_TXN_000201,True
TPL_000202_S,ACC_02378,P_04400,Sender,0.95,EVI_TXN_000202,True
TPL_000202_R,ACC_02271,P_02829,Receiver,0.95,EVI_TXN_000202,True
TPL_000203_S,ACC_00772,P_04441,Sender,0.95,EVI_TXN_000203,True
TPL_000203_R,ACC_01317,P_00951,Receiver,0.95,EVI_TXN_000203,True
TPL_000204_S,ACC_02926,P_03486,Sender,0.95,EVI_TXN_000204,True
TPL_000204_R,ACC_00346,P_02344,Receiver,0.95,EVI_TXN_000204,True
TPL_000205_S,ACC_02142,P_01285,Sender,0.95,EVI_TXN_000205,True
TPL_000205_R,ACC_02498,P_01649,Receiver,0.95,EVI_TXN_000205,True
TPL_000206_S,ACC_02449,P_00603,Sender,0.95,EVI_TXN_000206,True
TPL_000206_R,ACC_00215,P_03172,Receiver,0.95,EVI_TXN_000206,True
TPL_000207_S,ACC_01584,P_01535,Sender,0.95,EVI_TXN_000207,True
TPL_000207_R,ACC_01164,P_02295,Receiver,0.95,EVI_TXN_000207,True
TPL_000208_S,ACC_00334,P_04476,Sender,0.95,EVI_TXN_000208,True
TPL_000208_R,ACC_02387,P_04921,Receiver,0.95,EVI_TXN_000208,True
TPL_000209_S,ACC_01606,P_00218,Sender,0.95,EVI_TXN_000209,True
TPL_000209_R,ACC_00529,P_01704,Receiver,0.95,EVI_TXN_000209,True
TPL_000210_S,ACC_00524,P_04920,Sender,0.95,EVI_TXN_000210,True
TPL_000210_R,ACC_02745,P_02994,Receiver,0.95,EVI_TXN_000210,True
TPL_000211_S,ACC_02647,P_02536,Sender,0.95,EVI_TXN_000211,True
TPL_000211_R,ACC_02747,P_04262,Receiver,0.95,EVI_TXN_000211,True
TPL_000212_S,ACC_01992,P_03843,Sender,0.95,EVI_TXN_000212,True
TPL_000212_R,ACC_00787,P_01594,Receiver,0.95,EVI_TXN_000212,True
TPL_000213_S,ACC_02211,P_01409,Sender,0.95,EVI_TXN_000213,True
TPL_000213_R,ACC_02157,P_01233,Receiver,0.95,EVI_TXN_000213,True
TPL_000214_S,ACC_00632,P_02606,Sender,0.95,EVI_TXN_000214,True
TPL_000214_R,ACC_00665,P_04021,Receiver,0.95,EVI_TXN_000214,True
TPL_000215_S,ACC_01793,P_02161,Sender,0.95,EVI_TXN_000215,True
TPL_000215_R,ACC_00179,P_01506,Receiver,0.95,EVI_TXN_000215,True
TPL_000216_S,ACC_01839,P_01779,Sender,0.95,EVI_TXN_000216,True
TPL_000216_R,ACC_00959,P_00299,Receiver,0.95,EVI_TXN_000216,True
TPL_000217_S,ACC_02779,P_00217,Sender,0.95,EVI_TXN_000217,True
TPL_000217_R,ACC_02337,P_04450,Receiver,0.95,EVI_TXN_000217,True
TPL_000218_S,ACC_00664,P_00991,Sender,0.95,EVI_TXN_000218,True
TPL_000218_R,ACC_00818,P_03957,Receiver,0.95,EVI_TXN_000218,True
TPL_000219_S,ACC_02272,P_03808,Sender,0.95,EVI_TXN_000219,True
TPL_000219_R,ACC_00421,P_04103,Receiver,0.95,EVI_TXN_000219,True
TPL_000220_S,ACC_01841,P_01427,Sender,0.95,EVI_TXN_000220,True
TPL_000220_R,ACC_02103,P_01954,Receiver,0.95,EVI_TXN_000220,True
TPL_000221_S,ACC_00110,P_04912,Sender,0.95,EVI_TXN_000221,True
TPL_000221_R,ACC_01700,P_00014,Receiver,0.95,EVI_TXN_000221,True
TPL_000222_S,ACC_00920,P_03326,Sender,0.95,EVI_TXN_000222,True
TPL_000222_R,ACC_00116,P_01376,Receiver,0.95,EVI_TXN_000222,True
TPL_000223_S,ACC_00157,P_03950,Sender,0.95,EVI_TXN_000223,True
TPL_000223_R,ACC_01176,P_02156,Receiver,0.95,EVI_TXN_000223,True
TPL_000224_S,ACC_01838,P_00016,Sender,0.95,EVI_TXN_000224,True
TPL_000224_R,ACC_02521,P_00354,Receiver,0.95,EVI_TXN_000224,True
TPL_000225_S,ACC_02979,P_00558,Sender,0.95,EVI_TXN_000225,True
TPL_000225_R,ACC_02494,P_02751,Receiver,0.95,EVI_TXN_000225,True
TPL_000226_S,ACC_00977,P_04904,Sender,0.95,EVI_TXN_000226,True
TPL_000226_R,ACC_01720,P_02348,Receiver,0.95,EVI_TXN_000226,True
TPL_000227_S,ACC_02196,P_00791,Sender,0.95,EVI_TXN_000227,True
TPL_000227_R,ACC_00068,P_03522,Receiver,0.95,EVI_TXN_000227,True
TPL_000228_S,ACC_02519,P_04958,Sender,0.95,EVI_TXN_000228,True
TPL_000228_R,ACC_01446,P_04177,Receiver,0.95,EVI_TXN_000228,True
TPL_000229_S,ACC_00278,P_02450,Sender,0.95,EVI_TXN_000229,True
TPL_000229_R,ACC_02155,P_04807,Receiver,0.95,EVI_TXN_000229,True
TPL_000230_S,ACC_00179,P_01506,Sender,0.95,EVI_TXN_000230,True
TPL_000230_R,ACC_02604,P_00650,Receiver,0.95,EVI_TXN_000230,True
TPL_000231_S,ACC_00988,P_02359,Sender,0.95,EVI_TXN_000231,True
TPL_000231_R,ACC_02692,P_03290,Receiver,0.95,EVI_TXN_000231,True
TPL_000232_S,ACC_01444,P_04261,Sender,0.95,EVI_TXN_000232,True
TPL_000232_R,ACC_02237,P_03738,Receiver,0.95,EVI_TXN_000232,True
TPL_000233_S,ACC_01961,P_01094,Sender,0.95,EVI_TXN_000233,True
TPL_000233_R,ACC_02588,P_01574,Receiver,0.95,EVI_TXN_000233,True
TPL_000234_S,ACC_01202,P_03479,Sender,0.95,EVI_TXN_000234,True
TPL_000234_R,ACC_00826,P_00188,Receiver,0.95,EVI_TXN_000234,True
TPL_000235_S,ACC_01632,P_00542,Sender,0.95,EVI_TXN_000235,True
TPL_000235_R,ACC_02225,P_03498,Receiver,0.95,EVI_TXN_000235,True
TPL_000236_S,ACC_02686,P_01904,Sender,0.95,EVI_TXN_000236,True
TPL_000236_R,ACC_01360,P_03635,Receiver,0.95,EVI_TXN_000236,True
TPL_000237_S,ACC_01584,P_01535,Sender,0.95,EVI_TXN_000237,True
TPL_000237_R,ACC_01389,P_01303,Receiver,0.95,EVI_TXN_000237,True
TPL_000238_S,ACC_00339,P_00485,Sender,0.95,EVI_TXN_000238,True
TPL_000238_R,ACC_02979,P_00558,Receiver,0.95,EVI_TXN_000238,True
TPL_000239_S,ACC_01316,P_02510,Sender,0.95,EVI_TXN_000239,True
TPL_000239_R,ACC_00421,P_04103,Receiver,0.95,EVI_TXN_000239,True
TPL_000240_S,ACC_00683,P_00616,Sender,0.95,EVI_TXN_000240,True
TPL_000240_R,ACC_02826,P_03574,Receiver,0.95,EVI_TXN_000240,True
TPL_000241_S,ACC_01782,P_00447,Sender,0.95,EVI_TXN_000241,True
TPL_000241_R,ACC_01125,P_04792,Receiver,0.95,EVI_TXN_000241,True
TPL_000242_S,ACC_01489,P_02766,Sender,0.95,EVI_TXN_000242,True
TPL_000242_R,ACC_02102,P_03642,Receiver,0.95,EVI_TXN_000242,True
TPL_000243_S,ACC_01795,P_02143,Sender,0.95,EVI_TXN_000243,True
TPL_000243_R,ACC_00143,P_00320,Receiver,0.95,EVI_TXN_000243,True
TPL_000244_S,ACC_00133,P_04764,Sender,0.95,EVI_TXN_000244,True
TPL_000244_R,ACC_02479,P_00708,Receiver,0.95,EVI_TXN_000244,True
TPL_000245_S,ACC_00564,P_02391,Sender,0.95,EVI_TXN_000245,True
TPL_000245_R,ACC_02169,P_01157,Receiver,0.95,EVI_TXN_000245,True
TPL_000246_S,ACC_00763,P_00226,Sender,0.95,EVI_TXN_000246,True
TPL_000246_R,ACC_02045,P_00426,Receiver,0.95,EVI_TXN_000246,True
TPL_000247_S,ACC_01828,P_01099,Sender,0.95,EVI_TXN_000247,True
TPL_000247_R,ACC_00879,P_02458,Receiver,0.95,EVI_TXN_000247,True
TPL_000248_S,ACC_00304,P_04785,Sender,0.95,EVI_TXN_000248,True
TPL_000248_R,ACC_01852,P_02037,Receiver,0.95,EVI_TXN_000248,True
TPL_000249_S,ACC_02736,P_01969,Sender,0.95,EVI_TXN_000249,True
TPL_000249_R,ACC_01424,P_04826,Receiver,0.95,EVI_TXN_000249,True
TPL_000250_S,ACC_02907,P_04691,Sender,0.95,EVI_TXN_000250,True
TPL_000250_R,ACC_02869,P_04126,Receiver,0.95,EVI_TXN_000250,True
TPL_000251_S,ACC_00970,P_04610,Sender,0.95,EVI_TXN_000251,True
TPL_000251_R,ACC_02024,P_04255,Receiver,0.95,EVI_TXN_000251,True
TPL_000252_S,ACC_02507,P_00786,Sender,0.95,EVI_TXN_000252,True
TPL_000252_R,ACC_00354,P_04614,Receiver,0.95,EVI_TXN_000252,True
TPL_000253_S,ACC_01678,P_03342,Sender,0.95,EVI_TXN_000253,True
TPL_000253_R,ACC_02355,P_03615,Receiver,0.95,EVI_TXN_000253,True
TPL_000254_S,ACC_02120,P_03251,Sender,0.95,EVI_TXN_000254,True
TPL_000254_R,ACC_01412,P_04188,Receiver,0.95,EVI_TXN_000254,True
TPL_000255_S,ACC_01773,P_02092,Sender,0.95,EVI_TXN_000255,True
TPL_000255_R,ACC_02060,P_04979,Receiver,0.95,EVI_TXN_000255,True
TPL_000256_S,ACC_00664,P_00991,Sender,0.95,EVI_TXN_000256,True
TPL_000256_R,ACC_01322,P_00250,Receiver,0.95,EVI_TXN_000256,True
TPL_000257_S,ACC_01027,P_02404,Sender,0.95,EVI_TXN_000257,True
TPL_000257_R,ACC_00805,P_02315,Receiver,0.95,EVI_TXN_000257,True
TPL_000258_S,ACC_00383,P_00756,Sender,0.95,EVI_TXN_000258,True
TPL_000258_R,ACC_02059,P_00959,Receiver,0.95,EVI_TXN_000258,True
TPL_000259_S,ACC_02952,P_01668,Sender,0.95,EVI_TXN_000259,True
TPL_000259_R,ACC_02479,P_00708,Receiver,0.95,EVI_TXN_000259,True
TPL_000260_S,ACC_00187,P_01587,Sender,0.95,EVI_TXN_000260,True
TPL_000260_R,ACC_02628,P_04626,Receiver,0.95,EVI_TXN_000260,True
TPL_000261_S,ACC_02618,P_02371,Sender,0.95,EVI_TXN_000261,True
TPL_000261_R,ACC_00125,P_01731,Receiver,0.95,EVI_TXN_000261,True
TPL_000262_S,ACC_01004,P_00460,Sender,0.95,EVI_TXN_000262,True
TPL_000262_R,ACC_02806,P_02010,Receiver,0.95,EVI_TXN_000262,True
TPL_000263_S,ACC_01984,P_03341,Sender,0.95,EVI_TXN_000263,True
TPL_000263_R,ACC_01903,P_02686,Receiver,0.95,EVI_TXN_000263,True
TPL_000264_S,ACC_01415,P_03427,Sender,0.95,EVI_TXN_000264,True
TPL_000264_R,ACC_01634,P_03219,Receiver,0.95,EVI_TXN_000264,True
TPL_000265_S,ACC_00502,P_04292,Sender,0.95,EVI_TXN_000265,True
TPL_000265_R,ACC_01096,P_01581,Receiver,0.95,EVI_TXN_000265,True
TPL_000266_S,ACC_01713,P_02652,Sender,0.95,EVI_TXN_000266,True
TPL_000266_R,ACC_01017,P_03789,Receiver,0.95,EVI_TXN_000266,True
TPL_000267_S,ACC_01281,P_00891,Sender,0.95,EVI_TXN_000267,True
TPL_000267_R,ACC_00778,P_04636,Receiver,0.95,EVI_TXN_000267,True
TPL_000268_S,ACC_00095,P_04219,Sender,0.95,EVI_TXN_000268,True
TPL_000268_R,ACC_00369,P_00726,Receiver,0.95,EVI_TXN_000268,True
TPL_000269_S,ACC_00200,P_02266,Sender,0.95,EVI_TXN_000269,True
TPL_000269_R,ACC_00208,P_00708,Receiver,0.95,EVI_TXN_000269,True
TPL_000270_S,ACC_02199,P_00823,Sender,0.95,EVI_TXN_000270,True
TPL_000270_R,ACC_00034,P_01528,Receiver,0.95,EVI_TXN_000270,True
TPL_000271_S,ACC_01499,P_01548,Sender,0.95,EVI_TXN_000271,True
TPL_000271_R,ACC_00186,P_00939,Receiver,0.95,EVI_TXN_000271,True
TPL_000272_S,ACC_01583,P_01002,Sender,0.95,EVI_TXN_000272,True
TPL_000272_R,ACC_02066,P_01284,Receiver,0.95,EVI_TXN_000272,True
TPL_000273_S,ACC_00487,P_02034,Sender,0.95,EVI_TXN_000273,True
TPL_000273_R,ACC_00528,P_01795,Receiver,0.95,EVI_TXN_000273,True
TPL_000274_S,ACC_00591,P_01228,Sender,0.95,EVI_TXN_000274,True
TPL_000274_R,ACC_00816,P_02372,Receiver,0.95,EVI_TXN_000274,True
TPL_000275_S,ACC_01365,P_02435,Sender,0.95,EVI_TXN_000275,True
TPL_000275_R,ACC_01941,P_04892,Receiver,0.95,EVI_TXN_000275,True
TPL_000276_S,ACC_01305,P_01623,Sender,0.95,EVI_TXN_000276,True
TPL_000276_R,ACC_00666,P_02527,Receiver,0.95,EVI_TXN_000276,True
TPL_000277_S,ACC_02088,P_02209,Sender,0.95,EVI_TXN_000277,True
TPL_000277_R,ACC_02181,P_00396,Receiver,0.95,EVI_TXN_000277,True
TPL_000278_S,ACC_02760,P_03750,Sender,0.95,EVI_TXN_000278,True
TPL_000278_R,ACC_00449,P_03012,Receiver,0.95,EVI_TXN_000278,True
TPL_000279_S,ACC_00110,P_04912,Sender,0.95,EVI_TXN_000279,True
TPL_000279_R,ACC_02445,P_04092,Receiver,0.95,EVI_TXN_000279,True
TPL_000280_S,ACC_00933,P_01364,Sender,0.95,EVI_TXN_000280,True
TPL_000280_R,ACC_02955,P_04740,Receiver,0.95,EVI_TXN_000280,True
TPL_000281_S,ACC_00606,P_02028,Sender,0.95,EVI_TXN_000281,True
TPL_000281_R,ACC_02789,P_03542,Receiver,0.95,EVI_TXN_000281,True
TPL_000282_S,ACC_01285,P_03021,Sender,0.95,EVI_TXN_000282,True
TPL_000282_R,ACC_01716,P_03915,Receiver,0.95,EVI_TXN_000282,True
TPL_000283_S,ACC_02980,P_00113,Sender,0.95,EVI_TXN_000283,True
TPL_000283_R,ACC_00256,P_02166,Receiver,0.95,EVI_TXN_000283,True
TPL_000284_S,ACC_02153,P_04605,Sender,0.95,EVI_TXN_000284,True
TPL_000284_R,ACC_01544,P_01559,Receiver,0.95,EVI_TXN_000284,True
TPL_000285_S,ACC_02769,P_03943,Sender,0.95,EVI_TXN_000285,True
TPL_000285_R,ACC_02953,P_00710,Receiver,0.95,EVI_TXN_000285,True
TPL_000286_S,ACC_01143,P_02102,Sender,0.95,EVI_TXN_000286,True
TPL_000286_R,ACC_02286,P_04196,Receiver,0.95,EVI_TXN_000286,True
TPL_000287_S,ACC_00850,P_01767,Sender,0.95,EVI_TXN_000287,True
TPL_000287_R,ACC_02828,P_02462,Receiver,0.95,EVI_TXN_000287,True
TPL_000288_S,ACC_01179,P_02458,Sender,0.95,EVI_TXN_000288,True
TPL_000288_R,ACC_00500,P_03870,Receiver,0.95,EVI_TXN_000288,True
TPL_000289_S,ACC_01190,P_03615,Sender,0.95,EVI_TXN_000289,True
TPL_000289_R,ACC_00173,P_03992,Receiver,0.95,EVI_TXN_000289,True
TPL_000290_S,ACC_01963,P_01191,Sender,0.95,EVI_TXN_000290,True
TPL_000290_R,ACC_00877,P_02690,Receiver,0.95,EVI_TXN_000290,True
TPL_000291_S,ACC_00448,P_03200,Sender,0.95,EVI_TXN_000291,True
TPL_000291_R,ACC_02522,P_00495,Receiver,0.95,EVI_TXN_000291,True
TPL_000292_S,ACC_02614,P_00098,Sender,0.95,EVI_TXN_000292,True
TPL_000292_R,ACC_00954,P_04212,Receiver,0.95,EVI_TXN_000292,True
TPL_000293_S,ACC_00022,P_00576,Sender,0.95,EVI_TXN_000293,True
TPL_000293_R,ACC_02255,P_02722,Receiver,0.95,EVI_TXN_000293,True
TPL_000294_S,ACC_02665,P_01143,Sender,0.95,EVI_TXN_000294,True
TPL_000294_R,ACC_00817,P_01467,Receiver,0.95,EVI_TXN_000294,True
TPL_000295_S,ACC_02352,P_04460,Sender,0.95,EVI_TXN_000295,True
TPL_000295_R,ACC_00952,P_02686,Receiver,0.95,EVI_TXN_000295,True
TPL_000296_S,ACC_00721,P_04289,Sender,0.95,EVI_TXN_000296,True
TPL_000296_R,ACC_00149,P_02635,Receiver,0.95,EVI_TXN_000296,True
TPL_000297_S,ACC_00038,P_01824,Sender,0.95,EVI_TXN_000297,True
TPL_000297_R,ACC_01223,P_02301,Receiver,0.95,EVI_TXN_000297,True
TPL_000298_S,ACC_02226,P_03458,Sender,0.95,EVI_TXN_000298,True
TPL_000298_R,ACC_02148,P_04571,Receiver,0.95,EVI_TXN_000298,True
TPL_000299_S,ACC_00462,P_02809,Sender,0.95,EVI_TXN_000299,True
TPL_000299_R,ACC_01355,P_00243,Receiver,0.95,EVI_TXN_000299,True
TPL_000300_S,ACC_01381,P_03724,Sender,0.95,EVI_TXN_000300,True
TPL_000300_R,ACC_01209,P_00544,Receiver,0.95,EVI_TXN_000300,True
